--------------------------------------------------------
-- Archivo creado  - jueves-octubre-20-2022   
--------------------------------------------------------
--------------------------------------------------------
--  DDL for Sequence GENERACIONES_SEQ
--------------------------------------------------------

   CREATE SEQUENCE  "USERDB"."GENERACIONES_SEQ"  MINVALUE 1 MAXVALUE 9999999999999999999999999999 INCREMENT BY 1 START WITH 21 CACHE 20 NOORDER  NOCYCLE ;
--------------------------------------------------------
--  DDL for Sequence POKEMONES_SEQ
--------------------------------------------------------

   CREATE SEQUENCE  "USERDB"."POKEMONES_SEQ"  MINVALUE 1 MAXVALUE 9999999999999999999999999999 INCREMENT BY 1 START WITH 821 CACHE 20 NOORDER  NOCYCLE ;
--------------------------------------------------------
--  DDL for Sequence POKEMONES_TIPOS_SEQ
--------------------------------------------------------

   CREATE SEQUENCE  "USERDB"."POKEMONES_TIPOS_SEQ"  MINVALUE 1 MAXVALUE 9999999999999999999999999999 INCREMENT BY 1 START WITH 3181 CACHE 20 NOORDER  NOCYCLE ;
--------------------------------------------------------
--  DDL for Sequence TIPOS_SEQ
--------------------------------------------------------

   CREATE SEQUENCE  "USERDB"."TIPOS_SEQ"  MINVALUE 0 MAXVALUE 9999999999999999999999999999 INCREMENT BY 1 START WITH 21 CACHE 20 NOORDER  NOCYCLE ;
--------------------------------------------------------
--  DDL for Table GENERACIONES
--------------------------------------------------------

  CREATE TABLE "USERDB"."GENERACIONES" 
   (	"ID" NUMBER(7,0), 
	"NOMBRE" VARCHAR2(20 BYTE)
   ) SEGMENT CREATION IMMEDIATE 
  PCTFREE 10 PCTUSED 40 INITRANS 1 MAXTRANS 255 NOCOMPRESS LOGGING
  STORAGE(INITIAL 65536 NEXT 1048576 MINEXTENTS 1 MAXEXTENTS 2147483645
  PCTINCREASE 0 FREELISTS 1 FREELIST GROUPS 1 BUFFER_POOL DEFAULT FLASH_CACHE DEFAULT CELL_FLASH_CACHE DEFAULT)
  TABLESPACE "TSI_USERDB" ;
--------------------------------------------------------
--  DDL for Table POKEMONES
--------------------------------------------------------

  CREATE TABLE "USERDB"."POKEMONES" 
   (	"ID" NUMBER(7,0), 
	"NOMBRE" VARCHAR2(20 BYTE), 
	"NUMERO" NUMBER(3,0), 
	"PESO" FLOAT(126), 
	"TALLA" FLOAT(126), 
	"IMAGEN" VARCHAR2(85 BYTE), 
	"GENERACION_ID" NUMBER(2,0)
   ) SEGMENT CREATION IMMEDIATE 
  PCTFREE 10 PCTUSED 40 INITRANS 1 MAXTRANS 255 NOCOMPRESS LOGGING
  STORAGE(INITIAL 65536 NEXT 1048576 MINEXTENTS 1 MAXEXTENTS 2147483645
  PCTINCREASE 0 FREELISTS 1 FREELIST GROUPS 1 BUFFER_POOL DEFAULT FLASH_CACHE DEFAULT CELL_FLASH_CACHE DEFAULT)
  TABLESPACE "TSI_USERDB" ;
--------------------------------------------------------
--  DDL for Table POKEMONES_TIPOS
--------------------------------------------------------

  CREATE TABLE "USERDB"."POKEMONES_TIPOS" 
   (	"ID" NUMBER(7,0), 
	"TIPO_ID" NUMBER(7,0), 
	"POKEMON_ID" NUMBER(7,0)
   ) SEGMENT CREATION IMMEDIATE 
  PCTFREE 10 PCTUSED 40 INITRANS 1 MAXTRANS 255 NOCOMPRESS LOGGING
  STORAGE(INITIAL 65536 NEXT 1048576 MINEXTENTS 1 MAXEXTENTS 2147483645
  PCTINCREASE 0 FREELISTS 1 FREELIST GROUPS 1 BUFFER_POOL DEFAULT FLASH_CACHE DEFAULT CELL_FLASH_CACHE DEFAULT)
  TABLESPACE "TSI_USERDB" ;
--------------------------------------------------------
--  DDL for Table TIPOS
--------------------------------------------------------

  CREATE TABLE "USERDB"."TIPOS" 
   (	"ID" NUMBER(7,0), 
	"NOMBRE" VARCHAR2(20 BYTE)
   ) SEGMENT CREATION IMMEDIATE 
  PCTFREE 10 PCTUSED 40 INITRANS 1 MAXTRANS 255 NOCOMPRESS LOGGING
  STORAGE(INITIAL 65536 NEXT 1048576 MINEXTENTS 1 MAXEXTENTS 2147483645
  PCTINCREASE 0 FREELISTS 1 FREELIST GROUPS 1 BUFFER_POOL DEFAULT FLASH_CACHE DEFAULT CELL_FLASH_CACHE DEFAULT)
  TABLESPACE "TSI_USERDB" ;
REM INSERTING into USERDB.GENERACIONES
SET DEFINE OFF;
Insert into USERDB.GENERACIONES (ID,NOMBRE) values ('1','PRIMERA');
Insert into USERDB.GENERACIONES (ID,NOMBRE) values ('2','SEGUNDA');
Insert into USERDB.GENERACIONES (ID,NOMBRE) values ('3','TERCERA');
Insert into USERDB.GENERACIONES (ID,NOMBRE) values ('4','CUARTA');
Insert into USERDB.GENERACIONES (ID,NOMBRE) values ('5','QUINTA');
Insert into USERDB.GENERACIONES (ID,NOMBRE) values ('6','SEXTA');
Insert into USERDB.GENERACIONES (ID,NOMBRE) values ('7','SEPTIMA');
REM INSERTING into USERDB.POKEMONES
SET DEFINE OFF;
Insert into USERDB.POKEMONES (ID,NOMBRE,NUMERO,PESO,TALLA,IMAGEN,GENERACION_ID) values ('280','RALTS','280','6,6','0,4','https://pokefanaticos.com/pokedex/assets/images/pokemon_imagenes/280.png','3');
Insert into USERDB.POKEMONES (ID,NOMBRE,NUMERO,PESO,TALLA,IMAGEN,GENERACION_ID) values ('281','KIRLIA','281','20','0,8','https://pokefanaticos.com/pokedex/assets/images/pokemon_imagenes/281.png','3');
Insert into USERDB.POKEMONES (ID,NOMBRE,NUMERO,PESO,TALLA,IMAGEN,GENERACION_ID) values ('282','GARDEVOIR','282','48,4','1,6','https://pokefanaticos.com/pokedex/assets/images/pokemon_imagenes/282.png','3');
Insert into USERDB.POKEMONES (ID,NOMBRE,NUMERO,PESO,TALLA,IMAGEN,GENERACION_ID) values ('283','SURSKIT','283','1,7','0,5','https://pokefanaticos.com/pokedex/assets/images/pokemon_imagenes/283.png','3');
Insert into USERDB.POKEMONES (ID,NOMBRE,NUMERO,PESO,TALLA,IMAGEN,GENERACION_ID) values ('284','MASQUERAIN','284','3,6','0,8','https://pokefanaticos.com/pokedex/assets/images/pokemon_imagenes/284.png','3');
Insert into USERDB.POKEMONES (ID,NOMBRE,NUMERO,PESO,TALLA,IMAGEN,GENERACION_ID) values ('285','SHROOMISH','285','4,5','0,4','https://pokefanaticos.com/pokedex/assets/images/pokemon_imagenes/285.png','3');
Insert into USERDB.POKEMONES (ID,NOMBRE,NUMERO,PESO,TALLA,IMAGEN,GENERACION_ID) values ('286','BRELOOM','286','39,2','1,2','https://pokefanaticos.com/pokedex/assets/images/pokemon_imagenes/286.png','3');
Insert into USERDB.POKEMONES (ID,NOMBRE,NUMERO,PESO,TALLA,IMAGEN,GENERACION_ID) values ('287','SLAKOTH','287','25','0,8','https://pokefanaticos.com/pokedex/assets/images/pokemon_imagenes/287.png','3');
Insert into USERDB.POKEMONES (ID,NOMBRE,NUMERO,PESO,TALLA,IMAGEN,GENERACION_ID) values ('288','VIGOROTH','288','46,5','1,4','https://pokefanaticos.com/pokedex/assets/images/pokemon_imagenes/288.png','3');
Insert into USERDB.POKEMONES (ID,NOMBRE,NUMERO,PESO,TALLA,IMAGEN,GENERACION_ID) values ('289','SLAKING','289','130,5','2','https://pokefanaticos.com/pokedex/assets/images/pokemon_imagenes/289.png','3');
Insert into USERDB.POKEMONES (ID,NOMBRE,NUMERO,PESO,TALLA,IMAGEN,GENERACION_ID) values ('290','NINCADA','290','5,5','0,5','https://pokefanaticos.com/pokedex/assets/images/pokemon_imagenes/290.png','3');
Insert into USERDB.POKEMONES (ID,NOMBRE,NUMERO,PESO,TALLA,IMAGEN,GENERACION_ID) values ('291','NINJASK','291','12','0,8','https://pokefanaticos.com/pokedex/assets/images/pokemon_imagenes/291.png','3');
Insert into USERDB.POKEMONES (ID,NOMBRE,NUMERO,PESO,TALLA,IMAGEN,GENERACION_ID) values ('292','SHEDINJA','292','1,2','0,8','https://pokefanaticos.com/pokedex/assets/images/pokemon_imagenes/292.png','3');
Insert into USERDB.POKEMONES (ID,NOMBRE,NUMERO,PESO,TALLA,IMAGEN,GENERACION_ID) values ('293','WHISMUR','293','16,3','0,6','https://pokefanaticos.com/pokedex/assets/images/pokemon_imagenes/293.png','3');
Insert into USERDB.POKEMONES (ID,NOMBRE,NUMERO,PESO,TALLA,IMAGEN,GENERACION_ID) values ('294','LOUDRED','294','40,5','1','https://pokefanaticos.com/pokedex/assets/images/pokemon_imagenes/294.png','3');
Insert into USERDB.POKEMONES (ID,NOMBRE,NUMERO,PESO,TALLA,IMAGEN,GENERACION_ID) values ('295','EXPLOUD','295','84','1,5','https://pokefanaticos.com/pokedex/assets/images/pokemon_imagenes/295.png','3');
Insert into USERDB.POKEMONES (ID,NOMBRE,NUMERO,PESO,TALLA,IMAGEN,GENERACION_ID) values ('296','MAKUHITA','296','86,4','1','https://pokefanaticos.com/pokedex/assets/images/pokemon_imagenes/296.png','3');
Insert into USERDB.POKEMONES (ID,NOMBRE,NUMERO,PESO,TALLA,IMAGEN,GENERACION_ID) values ('297','HARIYAMA','297','253,8','2,3','https://pokefanaticos.com/pokedex/assets/images/pokemon_imagenes/297.png','3');
Insert into USERDB.POKEMONES (ID,NOMBRE,NUMERO,PESO,TALLA,IMAGEN,GENERACION_ID) values ('298','AZURILL','298','2','0,2','https://pokefanaticos.com/pokedex/assets/images/pokemon_imagenes/298.png','3');
Insert into USERDB.POKEMONES (ID,NOMBRE,NUMERO,PESO,TALLA,IMAGEN,GENERACION_ID) values ('299','NOSEPASS','299','97','1','https://pokefanaticos.com/pokedex/assets/images/pokemon_imagenes/299.png','3');
Insert into USERDB.POKEMONES (ID,NOMBRE,NUMERO,PESO,TALLA,IMAGEN,GENERACION_ID) values ('300','SKITTY','300','11','0,6','https://pokefanaticos.com/pokedex/assets/images/pokemon_imagenes/300.png','3');
Insert into USERDB.POKEMONES (ID,NOMBRE,NUMERO,PESO,TALLA,IMAGEN,GENERACION_ID) values ('301','DELCATTY','301','32,6','1,1','https://pokefanaticos.com/pokedex/assets/images/pokemon_imagenes/301.png','3');
Insert into USERDB.POKEMONES (ID,NOMBRE,NUMERO,PESO,TALLA,IMAGEN,GENERACION_ID) values ('302','SABLEYE','302','11','0,5','https://pokefanaticos.com/pokedex/assets/images/pokemon_imagenes/302.png','3');
Insert into USERDB.POKEMONES (ID,NOMBRE,NUMERO,PESO,TALLA,IMAGEN,GENERACION_ID) values ('303','MAWILE','303','11,5','0,6','https://pokefanaticos.com/pokedex/assets/images/pokemon_imagenes/303.png','3');
Insert into USERDB.POKEMONES (ID,NOMBRE,NUMERO,PESO,TALLA,IMAGEN,GENERACION_ID) values ('304','ARON','304','60','0,4','https://pokefanaticos.com/pokedex/assets/images/pokemon_imagenes/304.png','3');
Insert into USERDB.POKEMONES (ID,NOMBRE,NUMERO,PESO,TALLA,IMAGEN,GENERACION_ID) values ('305','LAIRON','305','120','0,9','https://pokefanaticos.com/pokedex/assets/images/pokemon_imagenes/305.png','3');
Insert into USERDB.POKEMONES (ID,NOMBRE,NUMERO,PESO,TALLA,IMAGEN,GENERACION_ID) values ('306','AGGRON','306','360','2,1','https://pokefanaticos.com/pokedex/assets/images/pokemon_imagenes/306.png','3');
Insert into USERDB.POKEMONES (ID,NOMBRE,NUMERO,PESO,TALLA,IMAGEN,GENERACION_ID) values ('307','MEDITITE','307','11,2','0,6','https://pokefanaticos.com/pokedex/assets/images/pokemon_imagenes/307.png','3');
Insert into USERDB.POKEMONES (ID,NOMBRE,NUMERO,PESO,TALLA,IMAGEN,GENERACION_ID) values ('308','MEDICHAM','308','31,5','1,3','https://pokefanaticos.com/pokedex/assets/images/pokemon_imagenes/308.png','3');
Insert into USERDB.POKEMONES (ID,NOMBRE,NUMERO,PESO,TALLA,IMAGEN,GENERACION_ID) values ('309','ELECTRIKE','309','15,2','0,6','https://pokefanaticos.com/pokedex/assets/images/pokemon_imagenes/309.png','3');
Insert into USERDB.POKEMONES (ID,NOMBRE,NUMERO,PESO,TALLA,IMAGEN,GENERACION_ID) values ('310','MANECTRIC','310','40,2','1,5','https://pokefanaticos.com/pokedex/assets/images/pokemon_imagenes/310.png','3');
Insert into USERDB.POKEMONES (ID,NOMBRE,NUMERO,PESO,TALLA,IMAGEN,GENERACION_ID) values ('311','PLUSLE','311','4,2','0,4','https://pokefanaticos.com/pokedex/assets/images/pokemon_imagenes/311.png','3');
Insert into USERDB.POKEMONES (ID,NOMBRE,NUMERO,PESO,TALLA,IMAGEN,GENERACION_ID) values ('312','MINUN','312','4,2','0,4','https://pokefanaticos.com/pokedex/assets/images/pokemon_imagenes/312.png','3');
Insert into USERDB.POKEMONES (ID,NOMBRE,NUMERO,PESO,TALLA,IMAGEN,GENERACION_ID) values ('313','VOLBEAT','313','17,7','0,7','https://pokefanaticos.com/pokedex/assets/images/pokemon_imagenes/313.png','3');
Insert into USERDB.POKEMONES (ID,NOMBRE,NUMERO,PESO,TALLA,IMAGEN,GENERACION_ID) values ('314','ILLUMISE','314','17,7','0,6','https://pokefanaticos.com/pokedex/assets/images/pokemon_imagenes/314.png','3');
Insert into USERDB.POKEMONES (ID,NOMBRE,NUMERO,PESO,TALLA,IMAGEN,GENERACION_ID) values ('315','ROSELIA','315','2','0,3','https://pokefanaticos.com/pokedex/assets/images/pokemon_imagenes/315.png','3');
Insert into USERDB.POKEMONES (ID,NOMBRE,NUMERO,PESO,TALLA,IMAGEN,GENERACION_ID) values ('316','GULPIN','316','10,3','0,4','https://pokefanaticos.com/pokedex/assets/images/pokemon_imagenes/316.png','3');
Insert into USERDB.POKEMONES (ID,NOMBRE,NUMERO,PESO,TALLA,IMAGEN,GENERACION_ID) values ('317','SWALOT','317','80','1,7','https://pokefanaticos.com/pokedex/assets/images/pokemon_imagenes/317.png','3');
Insert into USERDB.POKEMONES (ID,NOMBRE,NUMERO,PESO,TALLA,IMAGEN,GENERACION_ID) values ('318','CARVANHA','318','20,8','0,8','https://pokefanaticos.com/pokedex/assets/images/pokemon_imagenes/318.png','3');
Insert into USERDB.POKEMONES (ID,NOMBRE,NUMERO,PESO,TALLA,IMAGEN,GENERACION_ID) values ('319','SHARPEDO','319','88,8','1,8','https://pokefanaticos.com/pokedex/assets/images/pokemon_imagenes/319.png','3');
Insert into USERDB.POKEMONES (ID,NOMBRE,NUMERO,PESO,TALLA,IMAGEN,GENERACION_ID) values ('320','WAILMER','320','130','2','https://pokefanaticos.com/pokedex/assets/images/pokemon_imagenes/320.png','3');
Insert into USERDB.POKEMONES (ID,NOMBRE,NUMERO,PESO,TALLA,IMAGEN,GENERACION_ID) values ('321','WAILORD','321','398','14,5','https://pokefanaticos.com/pokedex/assets/images/pokemon_imagenes/321.png','3');
Insert into USERDB.POKEMONES (ID,NOMBRE,NUMERO,PESO,TALLA,IMAGEN,GENERACION_ID) values ('322','NUMEL','322','24','0,7','https://pokefanaticos.com/pokedex/assets/images/pokemon_imagenes/322.png','3');
Insert into USERDB.POKEMONES (ID,NOMBRE,NUMERO,PESO,TALLA,IMAGEN,GENERACION_ID) values ('323','CAMERUPT','323','220','1,9','https://pokefanaticos.com/pokedex/assets/images/pokemon_imagenes/323.png','3');
Insert into USERDB.POKEMONES (ID,NOMBRE,NUMERO,PESO,TALLA,IMAGEN,GENERACION_ID) values ('324','TORKOAL','324','80,4','0,5','https://pokefanaticos.com/pokedex/assets/images/pokemon_imagenes/324.png','3');
Insert into USERDB.POKEMONES (ID,NOMBRE,NUMERO,PESO,TALLA,IMAGEN,GENERACION_ID) values ('325','SPOINK','325','30,6','0,7','https://pokefanaticos.com/pokedex/assets/images/pokemon_imagenes/325.png','3');
Insert into USERDB.POKEMONES (ID,NOMBRE,NUMERO,PESO,TALLA,IMAGEN,GENERACION_ID) values ('326','GRUMPIG','326','71,5','0,9','https://pokefanaticos.com/pokedex/assets/images/pokemon_imagenes/326.png','3');
Insert into USERDB.POKEMONES (ID,NOMBRE,NUMERO,PESO,TALLA,IMAGEN,GENERACION_ID) values ('327','SPINDA','327','5','1,1','https://pokefanaticos.com/pokedex/assets/images/pokemon_imagenes/327.png','3');
Insert into USERDB.POKEMONES (ID,NOMBRE,NUMERO,PESO,TALLA,IMAGEN,GENERACION_ID) values ('328','TRAPINCH','328','15','0,7','https://pokefanaticos.com/pokedex/assets/images/pokemon_imagenes/328.png','3');
Insert into USERDB.POKEMONES (ID,NOMBRE,NUMERO,PESO,TALLA,IMAGEN,GENERACION_ID) values ('329','VIBRAVA','329','15,3','1,1','https://pokefanaticos.com/pokedex/assets/images/pokemon_imagenes/329.png','3');
Insert into USERDB.POKEMONES (ID,NOMBRE,NUMERO,PESO,TALLA,IMAGEN,GENERACION_ID) values ('330','FLYGON','330','88','2','https://pokefanaticos.com/pokedex/assets/images/pokemon_imagenes/330.png','3');
Insert into USERDB.POKEMONES (ID,NOMBRE,NUMERO,PESO,TALLA,IMAGEN,GENERACION_ID) values ('331','CACNEA','331','51,3','0,4','https://pokefanaticos.com/pokedex/assets/images/pokemon_imagenes/331.png','3');
Insert into USERDB.POKEMONES (ID,NOMBRE,NUMERO,PESO,TALLA,IMAGEN,GENERACION_ID) values ('332','CACTURNE','332','77,4','1,3','https://pokefanaticos.com/pokedex/assets/images/pokemon_imagenes/332.png','3');
Insert into USERDB.POKEMONES (ID,NOMBRE,NUMERO,PESO,TALLA,IMAGEN,GENERACION_ID) values ('333','SWABLU','333','1,2','0,4','https://pokefanaticos.com/pokedex/assets/images/pokemon_imagenes/333.png','3');
Insert into USERDB.POKEMONES (ID,NOMBRE,NUMERO,PESO,TALLA,IMAGEN,GENERACION_ID) values ('334','ALTARIA','334','20,6','1,1','https://pokefanaticos.com/pokedex/assets/images/pokemon_imagenes/334.png','3');
Insert into USERDB.POKEMONES (ID,NOMBRE,NUMERO,PESO,TALLA,IMAGEN,GENERACION_ID) values ('335','ZANGOOSE','335','40,3','1,3','https://pokefanaticos.com/pokedex/assets/images/pokemon_imagenes/335.png','3');
Insert into USERDB.POKEMONES (ID,NOMBRE,NUMERO,PESO,TALLA,IMAGEN,GENERACION_ID) values ('336','SEVIPER','336','52,7','2,7','https://pokefanaticos.com/pokedex/assets/images/pokemon_imagenes/336.png','3');
Insert into USERDB.POKEMONES (ID,NOMBRE,NUMERO,PESO,TALLA,IMAGEN,GENERACION_ID) values ('337','LUNATONE','337','168','1','https://pokefanaticos.com/pokedex/assets/images/pokemon_imagenes/337.png','3');
Insert into USERDB.POKEMONES (ID,NOMBRE,NUMERO,PESO,TALLA,IMAGEN,GENERACION_ID) values ('338','SOLROCK','338','154','1,2','https://pokefanaticos.com/pokedex/assets/images/pokemon_imagenes/338.png','3');
Insert into USERDB.POKEMONES (ID,NOMBRE,NUMERO,PESO,TALLA,IMAGEN,GENERACION_ID) values ('339','BARBOACH','339','1,9','0,4','https://pokefanaticos.com/pokedex/assets/images/pokemon_imagenes/339.png','3');
Insert into USERDB.POKEMONES (ID,NOMBRE,NUMERO,PESO,TALLA,IMAGEN,GENERACION_ID) values ('340','WHISCASH','340','23,6','0,9','https://pokefanaticos.com/pokedex/assets/images/pokemon_imagenes/340.png','3');
Insert into USERDB.POKEMONES (ID,NOMBRE,NUMERO,PESO,TALLA,IMAGEN,GENERACION_ID) values ('341','CORPHISH','341','11,5','0,6','https://pokefanaticos.com/pokedex/assets/images/pokemon_imagenes/341.png','3');
Insert into USERDB.POKEMONES (ID,NOMBRE,NUMERO,PESO,TALLA,IMAGEN,GENERACION_ID) values ('342','CRAWDAUNT','342','32,8','1,1','https://pokefanaticos.com/pokedex/assets/images/pokemon_imagenes/342.png','3');
Insert into USERDB.POKEMONES (ID,NOMBRE,NUMERO,PESO,TALLA,IMAGEN,GENERACION_ID) values ('343','BALTOY','343','21,5','0,5','https://pokefanaticos.com/pokedex/assets/images/pokemon_imagenes/343.png','3');
Insert into USERDB.POKEMONES (ID,NOMBRE,NUMERO,PESO,TALLA,IMAGEN,GENERACION_ID) values ('344','CLAYDOL','344','108','1,5','https://pokefanaticos.com/pokedex/assets/images/pokemon_imagenes/344.png','3');
Insert into USERDB.POKEMONES (ID,NOMBRE,NUMERO,PESO,TALLA,IMAGEN,GENERACION_ID) values ('345','LILEEP','345','23,8','1','https://pokefanaticos.com/pokedex/assets/images/pokemon_imagenes/345.png','3');
Insert into USERDB.POKEMONES (ID,NOMBRE,NUMERO,PESO,TALLA,IMAGEN,GENERACION_ID) values ('346','CRADILY','346','60,4','1,5','https://pokefanaticos.com/pokedex/assets/images/pokemon_imagenes/346.png','3');
Insert into USERDB.POKEMONES (ID,NOMBRE,NUMERO,PESO,TALLA,IMAGEN,GENERACION_ID) values ('347','ANORITH','347','12,5','0,7','https://pokefanaticos.com/pokedex/assets/images/pokemon_imagenes/347.png','3');
Insert into USERDB.POKEMONES (ID,NOMBRE,NUMERO,PESO,TALLA,IMAGEN,GENERACION_ID) values ('348','ARMALDO','348','68,2','1,5','https://pokefanaticos.com/pokedex/assets/images/pokemon_imagenes/348.png','3');
Insert into USERDB.POKEMONES (ID,NOMBRE,NUMERO,PESO,TALLA,IMAGEN,GENERACION_ID) values ('1','BULBASAUR','1','6,9','0,7','https://pokefanaticos.com/pokedex/assets/images/pokemon_imagenes/1.png','1');
Insert into USERDB.POKEMONES (ID,NOMBRE,NUMERO,PESO,TALLA,IMAGEN,GENERACION_ID) values ('2','IVYSAUR','2','13','1','https://pokefanaticos.com/pokedex/assets/images/pokemon_imagenes/2.png','1');
Insert into USERDB.POKEMONES (ID,NOMBRE,NUMERO,PESO,TALLA,IMAGEN,GENERACION_ID) values ('3','VENUSAUR','3','100','2','https://pokefanaticos.com/pokedex/assets/images/pokemon_imagenes/3.png','1');
Insert into USERDB.POKEMONES (ID,NOMBRE,NUMERO,PESO,TALLA,IMAGEN,GENERACION_ID) values ('4','CHARMANDER','4','8,5','0,6','https://pokefanaticos.com/pokedex/assets/images/pokemon_imagenes/4.png','1');
Insert into USERDB.POKEMONES (ID,NOMBRE,NUMERO,PESO,TALLA,IMAGEN,GENERACION_ID) values ('5','CHARMELEON','5','19','1,1','https://pokefanaticos.com/pokedex/assets/images/pokemon_imagenes/5.png','1');
Insert into USERDB.POKEMONES (ID,NOMBRE,NUMERO,PESO,TALLA,IMAGEN,GENERACION_ID) values ('6','CHARIZARD','6','90,5','1,7','https://pokefanaticos.com/pokedex/assets/images/pokemon_imagenes/6.png','1');
Insert into USERDB.POKEMONES (ID,NOMBRE,NUMERO,PESO,TALLA,IMAGEN,GENERACION_ID) values ('7','SQUIRTLE','7','9','0,5','https://pokefanaticos.com/pokedex/assets/images/pokemon_imagenes/7.png','1');
Insert into USERDB.POKEMONES (ID,NOMBRE,NUMERO,PESO,TALLA,IMAGEN,GENERACION_ID) values ('8','WARTORTLE','8','22,5','1','https://pokefanaticos.com/pokedex/assets/images/pokemon_imagenes/8.png','1');
Insert into USERDB.POKEMONES (ID,NOMBRE,NUMERO,PESO,TALLA,IMAGEN,GENERACION_ID) values ('9','BLASTOISE','9','85,5','1,6','https://pokefanaticos.com/pokedex/assets/images/pokemon_imagenes/9.png','1');
Insert into USERDB.POKEMONES (ID,NOMBRE,NUMERO,PESO,TALLA,IMAGEN,GENERACION_ID) values ('10','CATERPIE','10','2,9','0,3','https://pokefanaticos.com/pokedex/assets/images/pokemon_imagenes/10.png','1');
Insert into USERDB.POKEMONES (ID,NOMBRE,NUMERO,PESO,TALLA,IMAGEN,GENERACION_ID) values ('11','METAPOD','11','9,9','0,7','https://pokefanaticos.com/pokedex/assets/images/pokemon_imagenes/11.png','1');
Insert into USERDB.POKEMONES (ID,NOMBRE,NUMERO,PESO,TALLA,IMAGEN,GENERACION_ID) values ('12','BUTTERFREE','12','32','1,1','https://pokefanaticos.com/pokedex/assets/images/pokemon_imagenes/12.png','1');
Insert into USERDB.POKEMONES (ID,NOMBRE,NUMERO,PESO,TALLA,IMAGEN,GENERACION_ID) values ('13','WEEDLE','13','3,2','0,3','https://pokefanaticos.com/pokedex/assets/images/pokemon_imagenes/13.png','1');
Insert into USERDB.POKEMONES (ID,NOMBRE,NUMERO,PESO,TALLA,IMAGEN,GENERACION_ID) values ('14','KAKUNA','14','10','0,6','https://pokefanaticos.com/pokedex/assets/images/pokemon_imagenes/14.png','1');
Insert into USERDB.POKEMONES (ID,NOMBRE,NUMERO,PESO,TALLA,IMAGEN,GENERACION_ID) values ('15','BEEDRILL','15','29,5','1','https://pokefanaticos.com/pokedex/assets/images/pokemon_imagenes/15.png','1');
Insert into USERDB.POKEMONES (ID,NOMBRE,NUMERO,PESO,TALLA,IMAGEN,GENERACION_ID) values ('16','PIDGEY','16','1,8','0,3','https://pokefanaticos.com/pokedex/assets/images/pokemon_imagenes/16.png','1');
Insert into USERDB.POKEMONES (ID,NOMBRE,NUMERO,PESO,TALLA,IMAGEN,GENERACION_ID) values ('17','PIDGEOTTO','17','30','1,1','https://pokefanaticos.com/pokedex/assets/images/pokemon_imagenes/17.png','1');
Insert into USERDB.POKEMONES (ID,NOMBRE,NUMERO,PESO,TALLA,IMAGEN,GENERACION_ID) values ('18','PIDGEOT','18','39,5','1,5','https://pokefanaticos.com/pokedex/assets/images/pokemon_imagenes/18.png','1');
Insert into USERDB.POKEMONES (ID,NOMBRE,NUMERO,PESO,TALLA,IMAGEN,GENERACION_ID) values ('19','RATTATA','19','3,5','0,3','https://pokefanaticos.com/pokedex/assets/images/pokemon_imagenes/19.png','1');
Insert into USERDB.POKEMONES (ID,NOMBRE,NUMERO,PESO,TALLA,IMAGEN,GENERACION_ID) values ('20','RATICATE','20','18,5','0,7','https://pokefanaticos.com/pokedex/assets/images/pokemon_imagenes/20.png','1');
Insert into USERDB.POKEMONES (ID,NOMBRE,NUMERO,PESO,TALLA,IMAGEN,GENERACION_ID) values ('21','SPEAROW','21','2','0,3','https://pokefanaticos.com/pokedex/assets/images/pokemon_imagenes/21.png','1');
Insert into USERDB.POKEMONES (ID,NOMBRE,NUMERO,PESO,TALLA,IMAGEN,GENERACION_ID) values ('22','FEAROW','22','30,8','1,2','https://pokefanaticos.com/pokedex/assets/images/pokemon_imagenes/22.png','1');
Insert into USERDB.POKEMONES (ID,NOMBRE,NUMERO,PESO,TALLA,IMAGEN,GENERACION_ID) values ('23','EKANS','23','6,9','2','https://pokefanaticos.com/pokedex/assets/images/pokemon_imagenes/23.png','1');
Insert into USERDB.POKEMONES (ID,NOMBRE,NUMERO,PESO,TALLA,IMAGEN,GENERACION_ID) values ('24','ARBOK','24','65','3,5','https://pokefanaticos.com/pokedex/assets/images/pokemon_imagenes/24.png','1');
Insert into USERDB.POKEMONES (ID,NOMBRE,NUMERO,PESO,TALLA,IMAGEN,GENERACION_ID) values ('25','PIKACHU','25','6','0,4','https://pokefanaticos.com/pokedex/assets/images/pokemon_imagenes/25.png','1');
Insert into USERDB.POKEMONES (ID,NOMBRE,NUMERO,PESO,TALLA,IMAGEN,GENERACION_ID) values ('26','RAICHU','26','30','0,8','https://pokefanaticos.com/pokedex/assets/images/pokemon_imagenes/26.png','1');
Insert into USERDB.POKEMONES (ID,NOMBRE,NUMERO,PESO,TALLA,IMAGEN,GENERACION_ID) values ('27','SANDSHREW','27','12','0,6','https://pokefanaticos.com/pokedex/assets/images/pokemon_imagenes/27.png','1');
Insert into USERDB.POKEMONES (ID,NOMBRE,NUMERO,PESO,TALLA,IMAGEN,GENERACION_ID) values ('28','SANDSLASH','28','25,9','1','https://pokefanaticos.com/pokedex/assets/images/pokemon_imagenes/28.png','1');
Insert into USERDB.POKEMONES (ID,NOMBRE,NUMERO,PESO,TALLA,IMAGEN,GENERACION_ID) values ('29','NIDORAN HEMBRA','29','7','0,4','https://pokefanaticos.com/pokedex/assets/images/pokemon_imagenes/29.png','1');
Insert into USERDB.POKEMONES (ID,NOMBRE,NUMERO,PESO,TALLA,IMAGEN,GENERACION_ID) values ('30','NIDORINA','30','20','0,8','https://pokefanaticos.com/pokedex/assets/images/pokemon_imagenes/30.png','1');
Insert into USERDB.POKEMONES (ID,NOMBRE,NUMERO,PESO,TALLA,IMAGEN,GENERACION_ID) values ('31','NIDOQUEEN','31','60','1,3','https://pokefanaticos.com/pokedex/assets/images/pokemon_imagenes/31.png','1');
Insert into USERDB.POKEMONES (ID,NOMBRE,NUMERO,PESO,TALLA,IMAGEN,GENERACION_ID) values ('32','NIDORAN MACHO','32','9','0,5','https://pokefanaticos.com/pokedex/assets/images/pokemon_imagenes/32.png','1');
Insert into USERDB.POKEMONES (ID,NOMBRE,NUMERO,PESO,TALLA,IMAGEN,GENERACION_ID) values ('33','NIDORINO','33','19,5','0,9','https://pokefanaticos.com/pokedex/assets/images/pokemon_imagenes/33.png','1');
Insert into USERDB.POKEMONES (ID,NOMBRE,NUMERO,PESO,TALLA,IMAGEN,GENERACION_ID) values ('34','NIDOKING','34','62','1,4','https://pokefanaticos.com/pokedex/assets/images/pokemon_imagenes/34.png','1');
Insert into USERDB.POKEMONES (ID,NOMBRE,NUMERO,PESO,TALLA,IMAGEN,GENERACION_ID) values ('35','CLEFAIRY','35','7,5','0,6','https://pokefanaticos.com/pokedex/assets/images/pokemon_imagenes/35.png','1');
Insert into USERDB.POKEMONES (ID,NOMBRE,NUMERO,PESO,TALLA,IMAGEN,GENERACION_ID) values ('36','CLEFABLE','36','40','1,3','https://pokefanaticos.com/pokedex/assets/images/pokemon_imagenes/36.png','1');
Insert into USERDB.POKEMONES (ID,NOMBRE,NUMERO,PESO,TALLA,IMAGEN,GENERACION_ID) values ('37','VULPIX','37','9,9','0,6','https://pokefanaticos.com/pokedex/assets/images/pokemon_imagenes/37.png','1');
Insert into USERDB.POKEMONES (ID,NOMBRE,NUMERO,PESO,TALLA,IMAGEN,GENERACION_ID) values ('38','NINETALES','38','19,9','1,1','https://pokefanaticos.com/pokedex/assets/images/pokemon_imagenes/38.png','1');
Insert into USERDB.POKEMONES (ID,NOMBRE,NUMERO,PESO,TALLA,IMAGEN,GENERACION_ID) values ('39','JIGGLYPUFF','39','5,5','0,5','https://pokefanaticos.com/pokedex/assets/images/pokemon_imagenes/39.png','1');
Insert into USERDB.POKEMONES (ID,NOMBRE,NUMERO,PESO,TALLA,IMAGEN,GENERACION_ID) values ('40','WIGGLYTUFF','40','12','1','https://pokefanaticos.com/pokedex/assets/images/pokemon_imagenes/40.png','1');
Insert into USERDB.POKEMONES (ID,NOMBRE,NUMERO,PESO,TALLA,IMAGEN,GENERACION_ID) values ('41','ZUBAT','41','7,5','0,8','https://pokefanaticos.com/pokedex/assets/images/pokemon_imagenes/41.png','1');
Insert into USERDB.POKEMONES (ID,NOMBRE,NUMERO,PESO,TALLA,IMAGEN,GENERACION_ID) values ('42','GOLBAT','42','55','1,6','https://pokefanaticos.com/pokedex/assets/images/pokemon_imagenes/42.png','1');
Insert into USERDB.POKEMONES (ID,NOMBRE,NUMERO,PESO,TALLA,IMAGEN,GENERACION_ID) values ('43','ODDISH','43','5,4','0,5','https://pokefanaticos.com/pokedex/assets/images/pokemon_imagenes/43.png','1');
Insert into USERDB.POKEMONES (ID,NOMBRE,NUMERO,PESO,TALLA,IMAGEN,GENERACION_ID) values ('44','GLOOM','44','8,6','0,8','https://pokefanaticos.com/pokedex/assets/images/pokemon_imagenes/44.png','1');
Insert into USERDB.POKEMONES (ID,NOMBRE,NUMERO,PESO,TALLA,IMAGEN,GENERACION_ID) values ('45','VILEPLUME','45','18,6','1,2','https://pokefanaticos.com/pokedex/assets/images/pokemon_imagenes/45.png','1');
Insert into USERDB.POKEMONES (ID,NOMBRE,NUMERO,PESO,TALLA,IMAGEN,GENERACION_ID) values ('46','PARAS','46','5,4','0,3','https://pokefanaticos.com/pokedex/assets/images/pokemon_imagenes/46.png','1');
Insert into USERDB.POKEMONES (ID,NOMBRE,NUMERO,PESO,TALLA,IMAGEN,GENERACION_ID) values ('47','PARASECT','47','29,5','1','https://pokefanaticos.com/pokedex/assets/images/pokemon_imagenes/47.png','1');
Insert into USERDB.POKEMONES (ID,NOMBRE,NUMERO,PESO,TALLA,IMAGEN,GENERACION_ID) values ('48','VENONAT','48','30','1','https://pokefanaticos.com/pokedex/assets/images/pokemon_imagenes/48.png','1');
Insert into USERDB.POKEMONES (ID,NOMBRE,NUMERO,PESO,TALLA,IMAGEN,GENERACION_ID) values ('49','VENOMOTH','49','12,5','1,5','https://pokefanaticos.com/pokedex/assets/images/pokemon_imagenes/49.png','1');
Insert into USERDB.POKEMONES (ID,NOMBRE,NUMERO,PESO,TALLA,IMAGEN,GENERACION_ID) values ('50','DIGLETT','50','0,8','0,2','https://pokefanaticos.com/pokedex/assets/images/pokemon_imagenes/50.png','1');
Insert into USERDB.POKEMONES (ID,NOMBRE,NUMERO,PESO,TALLA,IMAGEN,GENERACION_ID) values ('51','DUGTRIO','51','33,3','0,7','https://pokefanaticos.com/pokedex/assets/images/pokemon_imagenes/51.png','1');
Insert into USERDB.POKEMONES (ID,NOMBRE,NUMERO,PESO,TALLA,IMAGEN,GENERACION_ID) values ('52','MEOWTH','52','4,2','0,4','https://pokefanaticos.com/pokedex/assets/images/pokemon_imagenes/52.png','1');
Insert into USERDB.POKEMONES (ID,NOMBRE,NUMERO,PESO,TALLA,IMAGEN,GENERACION_ID) values ('53','PERSIAN','53','32','1','https://pokefanaticos.com/pokedex/assets/images/pokemon_imagenes/53.png','1');
Insert into USERDB.POKEMONES (ID,NOMBRE,NUMERO,PESO,TALLA,IMAGEN,GENERACION_ID) values ('54','PSYDUCK','54','19,6','0,8','https://pokefanaticos.com/pokedex/assets/images/pokemon_imagenes/54.png','1');
Insert into USERDB.POKEMONES (ID,NOMBRE,NUMERO,PESO,TALLA,IMAGEN,GENERACION_ID) values ('55','GOLDUCK','55','76,6','1,7','https://pokefanaticos.com/pokedex/assets/images/pokemon_imagenes/55.png','1');
Insert into USERDB.POKEMONES (ID,NOMBRE,NUMERO,PESO,TALLA,IMAGEN,GENERACION_ID) values ('56','MANKEY','56','28','0,5','https://pokefanaticos.com/pokedex/assets/images/pokemon_imagenes/56.png','1');
Insert into USERDB.POKEMONES (ID,NOMBRE,NUMERO,PESO,TALLA,IMAGEN,GENERACION_ID) values ('57','PRIMEAPE','57','32','1','https://pokefanaticos.com/pokedex/assets/images/pokemon_imagenes/57.png','1');
Insert into USERDB.POKEMONES (ID,NOMBRE,NUMERO,PESO,TALLA,IMAGEN,GENERACION_ID) values ('58','GROWLITHE','58','19','0,7','https://pokefanaticos.com/pokedex/assets/images/pokemon_imagenes/58.png','1');
Insert into USERDB.POKEMONES (ID,NOMBRE,NUMERO,PESO,TALLA,IMAGEN,GENERACION_ID) values ('59','ARCANINE','59','155','1,9','https://pokefanaticos.com/pokedex/assets/images/pokemon_imagenes/59.png','1');
Insert into USERDB.POKEMONES (ID,NOMBRE,NUMERO,PESO,TALLA,IMAGEN,GENERACION_ID) values ('60','POLIWAG','60','12,4','0,6','https://pokefanaticos.com/pokedex/assets/images/pokemon_imagenes/60.png','1');
Insert into USERDB.POKEMONES (ID,NOMBRE,NUMERO,PESO,TALLA,IMAGEN,GENERACION_ID) values ('61','POLIWHIRL','61','20','1','https://pokefanaticos.com/pokedex/assets/images/pokemon_imagenes/61.png','1');
Insert into USERDB.POKEMONES (ID,NOMBRE,NUMERO,PESO,TALLA,IMAGEN,GENERACION_ID) values ('62','POLIWRATH','62','54','1,3','https://pokefanaticos.com/pokedex/assets/images/pokemon_imagenes/62.png','1');
Insert into USERDB.POKEMONES (ID,NOMBRE,NUMERO,PESO,TALLA,IMAGEN,GENERACION_ID) values ('63','ABRA','63','19,5','0,9','https://pokefanaticos.com/pokedex/assets/images/pokemon_imagenes/63.png','1');
Insert into USERDB.POKEMONES (ID,NOMBRE,NUMERO,PESO,TALLA,IMAGEN,GENERACION_ID) values ('64','KADABRA','64','56,5','1,3','https://pokefanaticos.com/pokedex/assets/images/pokemon_imagenes/64.png','1');
Insert into USERDB.POKEMONES (ID,NOMBRE,NUMERO,PESO,TALLA,IMAGEN,GENERACION_ID) values ('65','ALAKAZAM','65','48','1,5','https://pokefanaticos.com/pokedex/assets/images/pokemon_imagenes/65.png','1');
Insert into USERDB.POKEMONES (ID,NOMBRE,NUMERO,PESO,TALLA,IMAGEN,GENERACION_ID) values ('66','MACHOP','66','19,5','0,8','https://pokefanaticos.com/pokedex/assets/images/pokemon_imagenes/66.png','1');
Insert into USERDB.POKEMONES (ID,NOMBRE,NUMERO,PESO,TALLA,IMAGEN,GENERACION_ID) values ('67','MACHOKE','67','70,5','1,5','https://pokefanaticos.com/pokedex/assets/images/pokemon_imagenes/67.png','1');
Insert into USERDB.POKEMONES (ID,NOMBRE,NUMERO,PESO,TALLA,IMAGEN,GENERACION_ID) values ('68','MACHAMP','68','130','1,6','https://pokefanaticos.com/pokedex/assets/images/pokemon_imagenes/68.png','1');
Insert into USERDB.POKEMONES (ID,NOMBRE,NUMERO,PESO,TALLA,IMAGEN,GENERACION_ID) values ('69','BELLSPROUT','69','4','0,7','https://pokefanaticos.com/pokedex/assets/images/pokemon_imagenes/69.png','1');
Insert into USERDB.POKEMONES (ID,NOMBRE,NUMERO,PESO,TALLA,IMAGEN,GENERACION_ID) values ('70','WEEPINBELL','70','6,4','1','https://pokefanaticos.com/pokedex/assets/images/pokemon_imagenes/70.png','1');
Insert into USERDB.POKEMONES (ID,NOMBRE,NUMERO,PESO,TALLA,IMAGEN,GENERACION_ID) values ('71','VICTREEBEL','71','15,5','1,7','https://pokefanaticos.com/pokedex/assets/images/pokemon_imagenes/71.png','1');
Insert into USERDB.POKEMONES (ID,NOMBRE,NUMERO,PESO,TALLA,IMAGEN,GENERACION_ID) values ('72','TENTACOOL','72','45,5','0,9','https://pokefanaticos.com/pokedex/assets/images/pokemon_imagenes/72.png','1');
Insert into USERDB.POKEMONES (ID,NOMBRE,NUMERO,PESO,TALLA,IMAGEN,GENERACION_ID) values ('73','TENTACRUEL','73','55','1,6','https://pokefanaticos.com/pokedex/assets/images/pokemon_imagenes/73.png','1');
Insert into USERDB.POKEMONES (ID,NOMBRE,NUMERO,PESO,TALLA,IMAGEN,GENERACION_ID) values ('74','GEODUDE','74','20','0,4','https://pokefanaticos.com/pokedex/assets/images/pokemon_imagenes/74.png','1');
Insert into USERDB.POKEMONES (ID,NOMBRE,NUMERO,PESO,TALLA,IMAGEN,GENERACION_ID) values ('75','GRAVELER','75','105','1','https://pokefanaticos.com/pokedex/assets/images/pokemon_imagenes/75.png','1');
Insert into USERDB.POKEMONES (ID,NOMBRE,NUMERO,PESO,TALLA,IMAGEN,GENERACION_ID) values ('76','GOLEM','76','300','1,4','https://pokefanaticos.com/pokedex/assets/images/pokemon_imagenes/76.png','1');
Insert into USERDB.POKEMONES (ID,NOMBRE,NUMERO,PESO,TALLA,IMAGEN,GENERACION_ID) values ('77','PONYTA','77','30','1','https://pokefanaticos.com/pokedex/assets/images/pokemon_imagenes/77.png','1');
Insert into USERDB.POKEMONES (ID,NOMBRE,NUMERO,PESO,TALLA,IMAGEN,GENERACION_ID) values ('78','RAPIDASH','78','95','1,7','https://pokefanaticos.com/pokedex/assets/images/pokemon_imagenes/78.png','1');
Insert into USERDB.POKEMONES (ID,NOMBRE,NUMERO,PESO,TALLA,IMAGEN,GENERACION_ID) values ('79','SLOWPOKE','79','36','1,2','https://pokefanaticos.com/pokedex/assets/images/pokemon_imagenes/79.png','1');
Insert into USERDB.POKEMONES (ID,NOMBRE,NUMERO,PESO,TALLA,IMAGEN,GENERACION_ID) values ('80','SLOWBRO','80','78,5','1,6','https://pokefanaticos.com/pokedex/assets/images/pokemon_imagenes/80.png','1');
Insert into USERDB.POKEMONES (ID,NOMBRE,NUMERO,PESO,TALLA,IMAGEN,GENERACION_ID) values ('81','MAGNEMITE','81','6','0,3','https://pokefanaticos.com/pokedex/assets/images/pokemon_imagenes/81.png','1');
Insert into USERDB.POKEMONES (ID,NOMBRE,NUMERO,PESO,TALLA,IMAGEN,GENERACION_ID) values ('82','MAGNETON','82','60','1','https://pokefanaticos.com/pokedex/assets/images/pokemon_imagenes/82.png','1');
Insert into USERDB.POKEMONES (ID,NOMBRE,NUMERO,PESO,TALLA,IMAGEN,GENERACION_ID) values ('83','FARFETCH D','83','15','0,8','https://pokefanaticos.com/pokedex/assets/images/pokemon_imagenes/83.png','1');
Insert into USERDB.POKEMONES (ID,NOMBRE,NUMERO,PESO,TALLA,IMAGEN,GENERACION_ID) values ('84','DODUO','84','39,2','1,4','https://pokefanaticos.com/pokedex/assets/images/pokemon_imagenes/84.png','1');
Insert into USERDB.POKEMONES (ID,NOMBRE,NUMERO,PESO,TALLA,IMAGEN,GENERACION_ID) values ('85','DODRIO','85','85,2','1,8','https://pokefanaticos.com/pokedex/assets/images/pokemon_imagenes/85.png','1');
Insert into USERDB.POKEMONES (ID,NOMBRE,NUMERO,PESO,TALLA,IMAGEN,GENERACION_ID) values ('86','SEEL','86','90','1,1','https://pokefanaticos.com/pokedex/assets/images/pokemon_imagenes/86.png','1');
Insert into USERDB.POKEMONES (ID,NOMBRE,NUMERO,PESO,TALLA,IMAGEN,GENERACION_ID) values ('87','DEWGONG','87','120','1,7','https://pokefanaticos.com/pokedex/assets/images/pokemon_imagenes/87.png','1');
Insert into USERDB.POKEMONES (ID,NOMBRE,NUMERO,PESO,TALLA,IMAGEN,GENERACION_ID) values ('88','GRIMER','88','30','0,9','https://pokefanaticos.com/pokedex/assets/images/pokemon_imagenes/88.png','1');
Insert into USERDB.POKEMONES (ID,NOMBRE,NUMERO,PESO,TALLA,IMAGEN,GENERACION_ID) values ('89','MUK','89','30','1,2','https://pokefanaticos.com/pokedex/assets/images/pokemon_imagenes/89.png','1');
Insert into USERDB.POKEMONES (ID,NOMBRE,NUMERO,PESO,TALLA,IMAGEN,GENERACION_ID) values ('90','SHELLDER','90','4','0,3','https://pokefanaticos.com/pokedex/assets/images/pokemon_imagenes/90.png','1');
Insert into USERDB.POKEMONES (ID,NOMBRE,NUMERO,PESO,TALLA,IMAGEN,GENERACION_ID) values ('91','CLOYSTER','91','132,5','1,5','https://pokefanaticos.com/pokedex/assets/images/pokemon_imagenes/91.png','1');
Insert into USERDB.POKEMONES (ID,NOMBRE,NUMERO,PESO,TALLA,IMAGEN,GENERACION_ID) values ('92','GASTLY','92','0,1','1,3','https://pokefanaticos.com/pokedex/assets/images/pokemon_imagenes/92.png','1');
Insert into USERDB.POKEMONES (ID,NOMBRE,NUMERO,PESO,TALLA,IMAGEN,GENERACION_ID) values ('93','HAUNTER','93','0,1','1,6','https://pokefanaticos.com/pokedex/assets/images/pokemon_imagenes/93.png','1');
Insert into USERDB.POKEMONES (ID,NOMBRE,NUMERO,PESO,TALLA,IMAGEN,GENERACION_ID) values ('94','GENGAR','94','40,5','1,5','https://pokefanaticos.com/pokedex/assets/images/pokemon_imagenes/94.png','1');
Insert into USERDB.POKEMONES (ID,NOMBRE,NUMERO,PESO,TALLA,IMAGEN,GENERACION_ID) values ('95','ONIX','95','210','8,8','https://pokefanaticos.com/pokedex/assets/images/pokemon_imagenes/95.png','1');
Insert into USERDB.POKEMONES (ID,NOMBRE,NUMERO,PESO,TALLA,IMAGEN,GENERACION_ID) values ('96','DROWZEE','96','32,4','1','https://pokefanaticos.com/pokedex/assets/images/pokemon_imagenes/96.png','1');
Insert into USERDB.POKEMONES (ID,NOMBRE,NUMERO,PESO,TALLA,IMAGEN,GENERACION_ID) values ('97','HYPNO','97','75,6','1,6','https://pokefanaticos.com/pokedex/assets/images/pokemon_imagenes/97.png','1');
Insert into USERDB.POKEMONES (ID,NOMBRE,NUMERO,PESO,TALLA,IMAGEN,GENERACION_ID) values ('98','KRABBY','98','6,5','0,4','https://pokefanaticos.com/pokedex/assets/images/pokemon_imagenes/98.png','1');
Insert into USERDB.POKEMONES (ID,NOMBRE,NUMERO,PESO,TALLA,IMAGEN,GENERACION_ID) values ('99','KINGLER','99','60','1,3','https://pokefanaticos.com/pokedex/assets/images/pokemon_imagenes/99.png','1');
Insert into USERDB.POKEMONES (ID,NOMBRE,NUMERO,PESO,TALLA,IMAGEN,GENERACION_ID) values ('100','VOLTORB','100','10,4','0,5','https://pokefanaticos.com/pokedex/assets/images/pokemon_imagenes/100.png','1');
Insert into USERDB.POKEMONES (ID,NOMBRE,NUMERO,PESO,TALLA,IMAGEN,GENERACION_ID) values ('101','ELECTRODE','101','66,6','1,2','https://pokefanaticos.com/pokedex/assets/images/pokemon_imagenes/101.png','1');
Insert into USERDB.POKEMONES (ID,NOMBRE,NUMERO,PESO,TALLA,IMAGEN,GENERACION_ID) values ('102','EXEGGCUTE','102','2,5','0,4','https://pokefanaticos.com/pokedex/assets/images/pokemon_imagenes/102.png','1');
Insert into USERDB.POKEMONES (ID,NOMBRE,NUMERO,PESO,TALLA,IMAGEN,GENERACION_ID) values ('103','EXEGGUTOR','103','120','2','https://pokefanaticos.com/pokedex/assets/images/pokemon_imagenes/103.png','1');
Insert into USERDB.POKEMONES (ID,NOMBRE,NUMERO,PESO,TALLA,IMAGEN,GENERACION_ID) values ('104','CUBONE','104','6,5','0,4','https://pokefanaticos.com/pokedex/assets/images/pokemon_imagenes/104.png','1');
Insert into USERDB.POKEMONES (ID,NOMBRE,NUMERO,PESO,TALLA,IMAGEN,GENERACION_ID) values ('105','MAROWAK','105','45','1','https://pokefanaticos.com/pokedex/assets/images/pokemon_imagenes/105.png','1');
Insert into USERDB.POKEMONES (ID,NOMBRE,NUMERO,PESO,TALLA,IMAGEN,GENERACION_ID) values ('106','HITMONLEE','106','49,8','1,5','https://pokefanaticos.com/pokedex/assets/images/pokemon_imagenes/106.png','1');
Insert into USERDB.POKEMONES (ID,NOMBRE,NUMERO,PESO,TALLA,IMAGEN,GENERACION_ID) values ('107','HITMONCHAN','107','50,2','1,4','https://pokefanaticos.com/pokedex/assets/images/pokemon_imagenes/107.png','1');
Insert into USERDB.POKEMONES (ID,NOMBRE,NUMERO,PESO,TALLA,IMAGEN,GENERACION_ID) values ('108','LICKITUNG','108','65,5','1,2','https://pokefanaticos.com/pokedex/assets/images/pokemon_imagenes/108.png','1');
Insert into USERDB.POKEMONES (ID,NOMBRE,NUMERO,PESO,TALLA,IMAGEN,GENERACION_ID) values ('109','KOFFING','109','1','0,6','https://pokefanaticos.com/pokedex/assets/images/pokemon_imagenes/109.png','1');
Insert into USERDB.POKEMONES (ID,NOMBRE,NUMERO,PESO,TALLA,IMAGEN,GENERACION_ID) values ('110','WEEZING','110','9,5','1,2','https://pokefanaticos.com/pokedex/assets/images/pokemon_imagenes/110.png','1');
Insert into USERDB.POKEMONES (ID,NOMBRE,NUMERO,PESO,TALLA,IMAGEN,GENERACION_ID) values ('111','RHYHORN','111','115','1','https://pokefanaticos.com/pokedex/assets/images/pokemon_imagenes/111.png','1');
Insert into USERDB.POKEMONES (ID,NOMBRE,NUMERO,PESO,TALLA,IMAGEN,GENERACION_ID) values ('112','RHYDON','112','120','1,9','https://pokefanaticos.com/pokedex/assets/images/pokemon_imagenes/112.png','1');
Insert into USERDB.POKEMONES (ID,NOMBRE,NUMERO,PESO,TALLA,IMAGEN,GENERACION_ID) values ('113','CHANSEY','113','34,6','1,1','https://pokefanaticos.com/pokedex/assets/images/pokemon_imagenes/113.png','1');
Insert into USERDB.POKEMONES (ID,NOMBRE,NUMERO,PESO,TALLA,IMAGEN,GENERACION_ID) values ('114','TANGELA','114','35','1','https://pokefanaticos.com/pokedex/assets/images/pokemon_imagenes/114.png','1');
Insert into USERDB.POKEMONES (ID,NOMBRE,NUMERO,PESO,TALLA,IMAGEN,GENERACION_ID) values ('115','KANGASKHAN','115','80','2,2','https://pokefanaticos.com/pokedex/assets/images/pokemon_imagenes/115.png','1');
Insert into USERDB.POKEMONES (ID,NOMBRE,NUMERO,PESO,TALLA,IMAGEN,GENERACION_ID) values ('116','HORSEA','116','8','0,4','https://pokefanaticos.com/pokedex/assets/images/pokemon_imagenes/116.png','1');
Insert into USERDB.POKEMONES (ID,NOMBRE,NUMERO,PESO,TALLA,IMAGEN,GENERACION_ID) values ('117','SEADRA','117','25','1,2','https://pokefanaticos.com/pokedex/assets/images/pokemon_imagenes/117.png','1');
Insert into USERDB.POKEMONES (ID,NOMBRE,NUMERO,PESO,TALLA,IMAGEN,GENERACION_ID) values ('118','GOLDEEN','118','15','0,6','https://pokefanaticos.com/pokedex/assets/images/pokemon_imagenes/118.png','1');
Insert into USERDB.POKEMONES (ID,NOMBRE,NUMERO,PESO,TALLA,IMAGEN,GENERACION_ID) values ('119','SEAKING','119','39','1,3','https://pokefanaticos.com/pokedex/assets/images/pokemon_imagenes/119.png','1');
Insert into USERDB.POKEMONES (ID,NOMBRE,NUMERO,PESO,TALLA,IMAGEN,GENERACION_ID) values ('120','STARYU','120','34,5','0,8','https://pokefanaticos.com/pokedex/assets/images/pokemon_imagenes/120.png','1');
Insert into USERDB.POKEMONES (ID,NOMBRE,NUMERO,PESO,TALLA,IMAGEN,GENERACION_ID) values ('121','STARMIE','121','80','1,1','https://pokefanaticos.com/pokedex/assets/images/pokemon_imagenes/121.png','1');
Insert into USERDB.POKEMONES (ID,NOMBRE,NUMERO,PESO,TALLA,IMAGEN,GENERACION_ID) values ('122','MR.MIME','122','54,5','1,3','https://pokefanaticos.com/pokedex/assets/images/pokemon_imagenes/122.png','1');
Insert into USERDB.POKEMONES (ID,NOMBRE,NUMERO,PESO,TALLA,IMAGEN,GENERACION_ID) values ('123','SCYTHER','123','56','1,5','https://pokefanaticos.com/pokedex/assets/images/pokemon_imagenes/123.png','1');
Insert into USERDB.POKEMONES (ID,NOMBRE,NUMERO,PESO,TALLA,IMAGEN,GENERACION_ID) values ('124','JYNX','124','40,6','1,4','https://pokefanaticos.com/pokedex/assets/images/pokemon_imagenes/124.png','1');
Insert into USERDB.POKEMONES (ID,NOMBRE,NUMERO,PESO,TALLA,IMAGEN,GENERACION_ID) values ('125','ELECTABUZZ','125','30','1,1','https://pokefanaticos.com/pokedex/assets/images/pokemon_imagenes/125.png','1');
Insert into USERDB.POKEMONES (ID,NOMBRE,NUMERO,PESO,TALLA,IMAGEN,GENERACION_ID) values ('126','MAGMAR','126','44,5','1,3','https://pokefanaticos.com/pokedex/assets/images/pokemon_imagenes/126.png','1');
Insert into USERDB.POKEMONES (ID,NOMBRE,NUMERO,PESO,TALLA,IMAGEN,GENERACION_ID) values ('127','PINSIR','127','55','1,5','https://pokefanaticos.com/pokedex/assets/images/pokemon_imagenes/127.png','1');
Insert into USERDB.POKEMONES (ID,NOMBRE,NUMERO,PESO,TALLA,IMAGEN,GENERACION_ID) values ('128','TAUROS','128','88,4','1,4','https://pokefanaticos.com/pokedex/assets/images/pokemon_imagenes/128.png','1');
Insert into USERDB.POKEMONES (ID,NOMBRE,NUMERO,PESO,TALLA,IMAGEN,GENERACION_ID) values ('129','MAGIKARP','129','10','0,9','https://pokefanaticos.com/pokedex/assets/images/pokemon_imagenes/129.png','1');
Insert into USERDB.POKEMONES (ID,NOMBRE,NUMERO,PESO,TALLA,IMAGEN,GENERACION_ID) values ('130','GYARADOS','130','235','6,5','https://pokefanaticos.com/pokedex/assets/images/pokemon_imagenes/130.png','1');
Insert into USERDB.POKEMONES (ID,NOMBRE,NUMERO,PESO,TALLA,IMAGEN,GENERACION_ID) values ('131','LAPRAS','131','220','2,5','https://pokefanaticos.com/pokedex/assets/images/pokemon_imagenes/131.png','1');
Insert into USERDB.POKEMONES (ID,NOMBRE,NUMERO,PESO,TALLA,IMAGEN,GENERACION_ID) values ('132','DITTO','132','4','0,3','https://pokefanaticos.com/pokedex/assets/images/pokemon_imagenes/132.png','1');
Insert into USERDB.POKEMONES (ID,NOMBRE,NUMERO,PESO,TALLA,IMAGEN,GENERACION_ID) values ('133','EEVEE','133','6,5','0,3','https://pokefanaticos.com/pokedex/assets/images/pokemon_imagenes/133.png','1');
Insert into USERDB.POKEMONES (ID,NOMBRE,NUMERO,PESO,TALLA,IMAGEN,GENERACION_ID) values ('134','VAPOREON','134','29','1','https://pokefanaticos.com/pokedex/assets/images/pokemon_imagenes/134.png','1');
Insert into USERDB.POKEMONES (ID,NOMBRE,NUMERO,PESO,TALLA,IMAGEN,GENERACION_ID) values ('135','JOLTEON','135','24,5','0,8','https://pokefanaticos.com/pokedex/assets/images/pokemon_imagenes/135.png','1');
Insert into USERDB.POKEMONES (ID,NOMBRE,NUMERO,PESO,TALLA,IMAGEN,GENERACION_ID) values ('136','FLAREON','136','25','0,9','https://pokefanaticos.com/pokedex/assets/images/pokemon_imagenes/136.png','1');
Insert into USERDB.POKEMONES (ID,NOMBRE,NUMERO,PESO,TALLA,IMAGEN,GENERACION_ID) values ('137','PORYGON','137','36,5','0,8','https://pokefanaticos.com/pokedex/assets/images/pokemon_imagenes/137.png','1');
Insert into USERDB.POKEMONES (ID,NOMBRE,NUMERO,PESO,TALLA,IMAGEN,GENERACION_ID) values ('138','OMANYTE','138','7,5','0,4','https://pokefanaticos.com/pokedex/assets/images/pokemon_imagenes/138.png','1');
Insert into USERDB.POKEMONES (ID,NOMBRE,NUMERO,PESO,TALLA,IMAGEN,GENERACION_ID) values ('139','OMASTAR','139','35','1','https://pokefanaticos.com/pokedex/assets/images/pokemon_imagenes/139.png','1');
Insert into USERDB.POKEMONES (ID,NOMBRE,NUMERO,PESO,TALLA,IMAGEN,GENERACION_ID) values ('140','KABUTO','140','11,5','0,5','https://pokefanaticos.com/pokedex/assets/images/pokemon_imagenes/140.png','1');
Insert into USERDB.POKEMONES (ID,NOMBRE,NUMERO,PESO,TALLA,IMAGEN,GENERACION_ID) values ('141','KABUTOPS','141','40,5','1,3','https://pokefanaticos.com/pokedex/assets/images/pokemon_imagenes/141.png','1');
Insert into USERDB.POKEMONES (ID,NOMBRE,NUMERO,PESO,TALLA,IMAGEN,GENERACION_ID) values ('142','AERODACTYL','142','59','1,8','https://pokefanaticos.com/pokedex/assets/images/pokemon_imagenes/142.png','1');
Insert into USERDB.POKEMONES (ID,NOMBRE,NUMERO,PESO,TALLA,IMAGEN,GENERACION_ID) values ('143','SNORLAX','143','460','2,1','https://pokefanaticos.com/pokedex/assets/images/pokemon_imagenes/143.png','1');
Insert into USERDB.POKEMONES (ID,NOMBRE,NUMERO,PESO,TALLA,IMAGEN,GENERACION_ID) values ('144','ARTICUNO','144','55,4','1,7','https://pokefanaticos.com/pokedex/assets/images/pokemon_imagenes/144.png','1');
Insert into USERDB.POKEMONES (ID,NOMBRE,NUMERO,PESO,TALLA,IMAGEN,GENERACION_ID) values ('145','ZAPDOS','145','52,6','1,6','https://pokefanaticos.com/pokedex/assets/images/pokemon_imagenes/145.png','1');
Insert into USERDB.POKEMONES (ID,NOMBRE,NUMERO,PESO,TALLA,IMAGEN,GENERACION_ID) values ('146','MOLTRES','146','60','2','https://pokefanaticos.com/pokedex/assets/images/pokemon_imagenes/146.png','1');
Insert into USERDB.POKEMONES (ID,NOMBRE,NUMERO,PESO,TALLA,IMAGEN,GENERACION_ID) values ('147','DRATINI','147','3,3','1,8','https://pokefanaticos.com/pokedex/assets/images/pokemon_imagenes/147.png','1');
Insert into USERDB.POKEMONES (ID,NOMBRE,NUMERO,PESO,TALLA,IMAGEN,GENERACION_ID) values ('148','DRAGONAIR','148','16,5','4','https://pokefanaticos.com/pokedex/assets/images/pokemon_imagenes/148.png','1');
Insert into USERDB.POKEMONES (ID,NOMBRE,NUMERO,PESO,TALLA,IMAGEN,GENERACION_ID) values ('149','DRAGONITE','149','210','2,2','https://pokefanaticos.com/pokedex/assets/images/pokemon_imagenes/149.png','1');
Insert into USERDB.POKEMONES (ID,NOMBRE,NUMERO,PESO,TALLA,IMAGEN,GENERACION_ID) values ('150','MEWTWO','150','122','2','https://pokefanaticos.com/pokedex/assets/images/pokemon_imagenes/150.png','1');
Insert into USERDB.POKEMONES (ID,NOMBRE,NUMERO,PESO,TALLA,IMAGEN,GENERACION_ID) values ('151','MEW','151','4','0,4','https://pokefanaticos.com/pokedex/assets/images/pokemon_imagenes/151.png','1');
Insert into USERDB.POKEMONES (ID,NOMBRE,NUMERO,PESO,TALLA,IMAGEN,GENERACION_ID) values ('152','CHIKORITA','152','6,4','0,9','https://pokefanaticos.com/pokedex/assets/images/pokemon_imagenes/152.png','2');
Insert into USERDB.POKEMONES (ID,NOMBRE,NUMERO,PESO,TALLA,IMAGEN,GENERACION_ID) values ('153','BAYLEEF','153','15,8','1,2','https://pokefanaticos.com/pokedex/assets/images/pokemon_imagenes/153.png','2');
Insert into USERDB.POKEMONES (ID,NOMBRE,NUMERO,PESO,TALLA,IMAGEN,GENERACION_ID) values ('154','MEGANIUM','154','100,5','1,8','https://pokefanaticos.com/pokedex/assets/images/pokemon_imagenes/154.png','2');
Insert into USERDB.POKEMONES (ID,NOMBRE,NUMERO,PESO,TALLA,IMAGEN,GENERACION_ID) values ('155','CYNDAQUIL','155','7,9','0,5','https://pokefanaticos.com/pokedex/assets/images/pokemon_imagenes/155.png','2');
Insert into USERDB.POKEMONES (ID,NOMBRE,NUMERO,PESO,TALLA,IMAGEN,GENERACION_ID) values ('156','QUILAVA','156','19','0,9','https://pokefanaticos.com/pokedex/assets/images/pokemon_imagenes/156.png','2');
Insert into USERDB.POKEMONES (ID,NOMBRE,NUMERO,PESO,TALLA,IMAGEN,GENERACION_ID) values ('157','TYPHLOSION','157','79,5','1,7','https://pokefanaticos.com/pokedex/assets/images/pokemon_imagenes/157.png','2');
Insert into USERDB.POKEMONES (ID,NOMBRE,NUMERO,PESO,TALLA,IMAGEN,GENERACION_ID) values ('158','TOTODILE','158','9,5','0,6','https://pokefanaticos.com/pokedex/assets/images/pokemon_imagenes/158.png','2');
Insert into USERDB.POKEMONES (ID,NOMBRE,NUMERO,PESO,TALLA,IMAGEN,GENERACION_ID) values ('159','CROCONAW','159','25','1,1','https://pokefanaticos.com/pokedex/assets/images/pokemon_imagenes/159.png','2');
Insert into USERDB.POKEMONES (ID,NOMBRE,NUMERO,PESO,TALLA,IMAGEN,GENERACION_ID) values ('160','FERALIGATR','160','88,8','2,3','https://pokefanaticos.com/pokedex/assets/images/pokemon_imagenes/160.png','2');
Insert into USERDB.POKEMONES (ID,NOMBRE,NUMERO,PESO,TALLA,IMAGEN,GENERACION_ID) values ('161','SENTRET','161','6','0,8','https://pokefanaticos.com/pokedex/assets/images/pokemon_imagenes/161.png','2');
Insert into USERDB.POKEMONES (ID,NOMBRE,NUMERO,PESO,TALLA,IMAGEN,GENERACION_ID) values ('162','FURRET','162','32,5','1,8','https://pokefanaticos.com/pokedex/assets/images/pokemon_imagenes/162.png','2');
Insert into USERDB.POKEMONES (ID,NOMBRE,NUMERO,PESO,TALLA,IMAGEN,GENERACION_ID) values ('163','HOOTHOOT','163','21,2','0,7','https://pokefanaticos.com/pokedex/assets/images/pokemon_imagenes/163.png','2');
Insert into USERDB.POKEMONES (ID,NOMBRE,NUMERO,PESO,TALLA,IMAGEN,GENERACION_ID) values ('164','NOCTOWL','164','40,8','1,6','https://pokefanaticos.com/pokedex/assets/images/pokemon_imagenes/164.png','2');
Insert into USERDB.POKEMONES (ID,NOMBRE,NUMERO,PESO,TALLA,IMAGEN,GENERACION_ID) values ('165','LEDYBA','165','10,8','1','https://pokefanaticos.com/pokedex/assets/images/pokemon_imagenes/165.png','2');
Insert into USERDB.POKEMONES (ID,NOMBRE,NUMERO,PESO,TALLA,IMAGEN,GENERACION_ID) values ('166','LEDIAN','166','35,6','1,4','https://pokefanaticos.com/pokedex/assets/images/pokemon_imagenes/166.png','2');
Insert into USERDB.POKEMONES (ID,NOMBRE,NUMERO,PESO,TALLA,IMAGEN,GENERACION_ID) values ('167','SPINARAK','167','8,5','0,5','https://pokefanaticos.com/pokedex/assets/images/pokemon_imagenes/167.png','2');
Insert into USERDB.POKEMONES (ID,NOMBRE,NUMERO,PESO,TALLA,IMAGEN,GENERACION_ID) values ('168','ARIADOS','168','33,5','1,1','https://pokefanaticos.com/pokedex/assets/images/pokemon_imagenes/168.png','2');
Insert into USERDB.POKEMONES (ID,NOMBRE,NUMERO,PESO,TALLA,IMAGEN,GENERACION_ID) values ('169','CROBAT','169','75','1,8','https://pokefanaticos.com/pokedex/assets/images/pokemon_imagenes/169.png','2');
Insert into USERDB.POKEMONES (ID,NOMBRE,NUMERO,PESO,TALLA,IMAGEN,GENERACION_ID) values ('170','CHINCHOU','170','12','0,5','https://pokefanaticos.com/pokedex/assets/images/pokemon_imagenes/170.png','2');
Insert into USERDB.POKEMONES (ID,NOMBRE,NUMERO,PESO,TALLA,IMAGEN,GENERACION_ID) values ('171','LANTURN','171','22,5','1,2','https://pokefanaticos.com/pokedex/assets/images/pokemon_imagenes/171.png','2');
Insert into USERDB.POKEMONES (ID,NOMBRE,NUMERO,PESO,TALLA,IMAGEN,GENERACION_ID) values ('172','PICHU','172','2','0,3','https://pokefanaticos.com/pokedex/assets/images/pokemon_imagenes/172.png','2');
Insert into USERDB.POKEMONES (ID,NOMBRE,NUMERO,PESO,TALLA,IMAGEN,GENERACION_ID) values ('173','CLEFFA','173','3','0,3','https://pokefanaticos.com/pokedex/assets/images/pokemon_imagenes/173.png','2');
Insert into USERDB.POKEMONES (ID,NOMBRE,NUMERO,PESO,TALLA,IMAGEN,GENERACION_ID) values ('174','IGGLYBUFF','174','1','0,3','https://pokefanaticos.com/pokedex/assets/images/pokemon_imagenes/174.png','2');
Insert into USERDB.POKEMONES (ID,NOMBRE,NUMERO,PESO,TALLA,IMAGEN,GENERACION_ID) values ('175','TOGEPI','175','1,5','0,3','https://pokefanaticos.com/pokedex/assets/images/pokemon_imagenes/175.png','2');
Insert into USERDB.POKEMONES (ID,NOMBRE,NUMERO,PESO,TALLA,IMAGEN,GENERACION_ID) values ('176','TOGETIC','176','3,2','0,6','https://pokefanaticos.com/pokedex/assets/images/pokemon_imagenes/176.png','2');
Insert into USERDB.POKEMONES (ID,NOMBRE,NUMERO,PESO,TALLA,IMAGEN,GENERACION_ID) values ('177','NATU','177','2','0,2','https://pokefanaticos.com/pokedex/assets/images/pokemon_imagenes/177.png','2');
Insert into USERDB.POKEMONES (ID,NOMBRE,NUMERO,PESO,TALLA,IMAGEN,GENERACION_ID) values ('178','XATU','178','15','1,5','https://pokefanaticos.com/pokedex/assets/images/pokemon_imagenes/178.png','2');
Insert into USERDB.POKEMONES (ID,NOMBRE,NUMERO,PESO,TALLA,IMAGEN,GENERACION_ID) values ('179','MAREEP','179','7,8','0,6','https://pokefanaticos.com/pokedex/assets/images/pokemon_imagenes/179.png','2');
Insert into USERDB.POKEMONES (ID,NOMBRE,NUMERO,PESO,TALLA,IMAGEN,GENERACION_ID) values ('180','FLAAFFY','180','13,3','0,8','https://pokefanaticos.com/pokedex/assets/images/pokemon_imagenes/180.png','2');
Insert into USERDB.POKEMONES (ID,NOMBRE,NUMERO,PESO,TALLA,IMAGEN,GENERACION_ID) values ('181','AMPHAROS','181','61,5','1,4','https://pokefanaticos.com/pokedex/assets/images/pokemon_imagenes/181.png','2');
Insert into USERDB.POKEMONES (ID,NOMBRE,NUMERO,PESO,TALLA,IMAGEN,GENERACION_ID) values ('182','BELLOSSOM','182','5,8','0,4','https://pokefanaticos.com/pokedex/assets/images/pokemon_imagenes/182.png','2');
Insert into USERDB.POKEMONES (ID,NOMBRE,NUMERO,PESO,TALLA,IMAGEN,GENERACION_ID) values ('183','MARILL','183','8,5','0,4','https://pokefanaticos.com/pokedex/assets/images/pokemon_imagenes/183.png','2');
Insert into USERDB.POKEMONES (ID,NOMBRE,NUMERO,PESO,TALLA,IMAGEN,GENERACION_ID) values ('184','AZUMARILL','184','28,5','0,8','https://pokefanaticos.com/pokedex/assets/images/pokemon_imagenes/184.png','2');
Insert into USERDB.POKEMONES (ID,NOMBRE,NUMERO,PESO,TALLA,IMAGEN,GENERACION_ID) values ('185','SUDOWOODO','185','38','1,2','https://pokefanaticos.com/pokedex/assets/images/pokemon_imagenes/185.png','2');
Insert into USERDB.POKEMONES (ID,NOMBRE,NUMERO,PESO,TALLA,IMAGEN,GENERACION_ID) values ('186','POLITOED','186','33,9','1,1','https://pokefanaticos.com/pokedex/assets/images/pokemon_imagenes/186.png','2');
Insert into USERDB.POKEMONES (ID,NOMBRE,NUMERO,PESO,TALLA,IMAGEN,GENERACION_ID) values ('187','HOPPIP','187','0,5','0,4','https://pokefanaticos.com/pokedex/assets/images/pokemon_imagenes/187.png','2');
Insert into USERDB.POKEMONES (ID,NOMBRE,NUMERO,PESO,TALLA,IMAGEN,GENERACION_ID) values ('188','SKIPLOOM','188','1','0,6','https://pokefanaticos.com/pokedex/assets/images/pokemon_imagenes/188.png','2');
Insert into USERDB.POKEMONES (ID,NOMBRE,NUMERO,PESO,TALLA,IMAGEN,GENERACION_ID) values ('189','JUMPLUFF','189','3','0,8','https://pokefanaticos.com/pokedex/assets/images/pokemon_imagenes/189.png','2');
Insert into USERDB.POKEMONES (ID,NOMBRE,NUMERO,PESO,TALLA,IMAGEN,GENERACION_ID) values ('190','AIPOM','190','11,5','0,8','https://pokefanaticos.com/pokedex/assets/images/pokemon_imagenes/190.png','2');
Insert into USERDB.POKEMONES (ID,NOMBRE,NUMERO,PESO,TALLA,IMAGEN,GENERACION_ID) values ('191','SUNKERN','191','1,8','0,3','https://pokefanaticos.com/pokedex/assets/images/pokemon_imagenes/191.png','2');
Insert into USERDB.POKEMONES (ID,NOMBRE,NUMERO,PESO,TALLA,IMAGEN,GENERACION_ID) values ('192','SUNFLORA','192','8,5','0,8','https://pokefanaticos.com/pokedex/assets/images/pokemon_imagenes/192.png','2');
Insert into USERDB.POKEMONES (ID,NOMBRE,NUMERO,PESO,TALLA,IMAGEN,GENERACION_ID) values ('193','YANMA','193','38','1,2','https://pokefanaticos.com/pokedex/assets/images/pokemon_imagenes/193.png','2');
Insert into USERDB.POKEMONES (ID,NOMBRE,NUMERO,PESO,TALLA,IMAGEN,GENERACION_ID) values ('194','WOOPER','194','8,5','0,4','https://pokefanaticos.com/pokedex/assets/images/pokemon_imagenes/194.png','2');
Insert into USERDB.POKEMONES (ID,NOMBRE,NUMERO,PESO,TALLA,IMAGEN,GENERACION_ID) values ('195','QUAGSIRE','195','75','1,4','https://pokefanaticos.com/pokedex/assets/images/pokemon_imagenes/195.png','2');
Insert into USERDB.POKEMONES (ID,NOMBRE,NUMERO,PESO,TALLA,IMAGEN,GENERACION_ID) values ('196','ESPEON','196','26,5','0,9','https://pokefanaticos.com/pokedex/assets/images/pokemon_imagenes/196.png','2');
Insert into USERDB.POKEMONES (ID,NOMBRE,NUMERO,PESO,TALLA,IMAGEN,GENERACION_ID) values ('197','UMBREON','197','27','1','https://pokefanaticos.com/pokedex/assets/images/pokemon_imagenes/197.png','2');
Insert into USERDB.POKEMONES (ID,NOMBRE,NUMERO,PESO,TALLA,IMAGEN,GENERACION_ID) values ('198','MURKROW','198','2,1','0,5','https://pokefanaticos.com/pokedex/assets/images/pokemon_imagenes/198.png','2');
Insert into USERDB.POKEMONES (ID,NOMBRE,NUMERO,PESO,TALLA,IMAGEN,GENERACION_ID) values ('199','SLOWKING','199','79,5','2','https://pokefanaticos.com/pokedex/assets/images/pokemon_imagenes/199.png','2');
Insert into USERDB.POKEMONES (ID,NOMBRE,NUMERO,PESO,TALLA,IMAGEN,GENERACION_ID) values ('200','MISDREAVUS','200','1','0,7','https://pokefanaticos.com/pokedex/assets/images/pokemon_imagenes/200.png','2');
Insert into USERDB.POKEMONES (ID,NOMBRE,NUMERO,PESO,TALLA,IMAGEN,GENERACION_ID) values ('201','UNOWN','201','5','0,5','https://pokefanaticos.com/pokedex/assets/images/pokemon_imagenes/201.png','2');
Insert into USERDB.POKEMONES (ID,NOMBRE,NUMERO,PESO,TALLA,IMAGEN,GENERACION_ID) values ('202','WOBBUFFET','202','28,5','1,3','https://pokefanaticos.com/pokedex/assets/images/pokemon_imagenes/202.png','2');
Insert into USERDB.POKEMONES (ID,NOMBRE,NUMERO,PESO,TALLA,IMAGEN,GENERACION_ID) values ('203','GIRAFARIG','203','41,5','1,5','https://pokefanaticos.com/pokedex/assets/images/pokemon_imagenes/203.png','2');
Insert into USERDB.POKEMONES (ID,NOMBRE,NUMERO,PESO,TALLA,IMAGEN,GENERACION_ID) values ('204','PINECO','204','7,2','0,6','https://pokefanaticos.com/pokedex/assets/images/pokemon_imagenes/204.png','2');
Insert into USERDB.POKEMONES (ID,NOMBRE,NUMERO,PESO,TALLA,IMAGEN,GENERACION_ID) values ('205','FORRETRESS','205','125,8','1,2','https://pokefanaticos.com/pokedex/assets/images/pokemon_imagenes/205.png','2');
Insert into USERDB.POKEMONES (ID,NOMBRE,NUMERO,PESO,TALLA,IMAGEN,GENERACION_ID) values ('206','DUNSPARCE','206','14','1,5','https://pokefanaticos.com/pokedex/assets/images/pokemon_imagenes/206.png','2');
Insert into USERDB.POKEMONES (ID,NOMBRE,NUMERO,PESO,TALLA,IMAGEN,GENERACION_ID) values ('207','GLIGAR','207','64,8','1,1','https://pokefanaticos.com/pokedex/assets/images/pokemon_imagenes/207.png','2');
Insert into USERDB.POKEMONES (ID,NOMBRE,NUMERO,PESO,TALLA,IMAGEN,GENERACION_ID) values ('208','STEELIX','208','400','9,2','https://pokefanaticos.com/pokedex/assets/images/pokemon_imagenes/208.png','2');
Insert into USERDB.POKEMONES (ID,NOMBRE,NUMERO,PESO,TALLA,IMAGEN,GENERACION_ID) values ('209','SNUBBULL','209','7,8','0,6','https://pokefanaticos.com/pokedex/assets/images/pokemon_imagenes/209.png','2');
Insert into USERDB.POKEMONES (ID,NOMBRE,NUMERO,PESO,TALLA,IMAGEN,GENERACION_ID) values ('210','GRANBULL','210','48,7','1,4','https://pokefanaticos.com/pokedex/assets/images/pokemon_imagenes/210.png','2');
Insert into USERDB.POKEMONES (ID,NOMBRE,NUMERO,PESO,TALLA,IMAGEN,GENERACION_ID) values ('211','QWILFISH','211','3,9','0,5','https://pokefanaticos.com/pokedex/assets/images/pokemon_imagenes/211.png','2');
Insert into USERDB.POKEMONES (ID,NOMBRE,NUMERO,PESO,TALLA,IMAGEN,GENERACION_ID) values ('212','SCIZOR','212','118','1,8','https://pokefanaticos.com/pokedex/assets/images/pokemon_imagenes/212.png','2');
Insert into USERDB.POKEMONES (ID,NOMBRE,NUMERO,PESO,TALLA,IMAGEN,GENERACION_ID) values ('213','SHUCKLE','213','20,5','0,6','https://pokefanaticos.com/pokedex/assets/images/pokemon_imagenes/213.png','2');
Insert into USERDB.POKEMONES (ID,NOMBRE,NUMERO,PESO,TALLA,IMAGEN,GENERACION_ID) values ('214','HERACROSS','214','54','1,5','https://pokefanaticos.com/pokedex/assets/images/pokemon_imagenes/214.png','2');
Insert into USERDB.POKEMONES (ID,NOMBRE,NUMERO,PESO,TALLA,IMAGEN,GENERACION_ID) values ('215','SNEASEL','215','28','0,9','https://pokefanaticos.com/pokedex/assets/images/pokemon_imagenes/215.png','2');
Insert into USERDB.POKEMONES (ID,NOMBRE,NUMERO,PESO,TALLA,IMAGEN,GENERACION_ID) values ('216','TEDDIURSA','216','0,8','0,6','https://pokefanaticos.com/pokedex/assets/images/pokemon_imagenes/216.png','2');
Insert into USERDB.POKEMONES (ID,NOMBRE,NUMERO,PESO,TALLA,IMAGEN,GENERACION_ID) values ('217','URSARING','217','125,8','1,8','https://pokefanaticos.com/pokedex/assets/images/pokemon_imagenes/217.png','2');
Insert into USERDB.POKEMONES (ID,NOMBRE,NUMERO,PESO,TALLA,IMAGEN,GENERACION_ID) values ('218','SLUGMA','218','35','0,7','https://pokefanaticos.com/pokedex/assets/images/pokemon_imagenes/218.png','2');
Insert into USERDB.POKEMONES (ID,NOMBRE,NUMERO,PESO,TALLA,IMAGEN,GENERACION_ID) values ('219','MAGCARGO','219','55','0,8','https://pokefanaticos.com/pokedex/assets/images/pokemon_imagenes/219.png','2');
Insert into USERDB.POKEMONES (ID,NOMBRE,NUMERO,PESO,TALLA,IMAGEN,GENERACION_ID) values ('220','SWINUB','220','6,5','0,4','https://pokefanaticos.com/pokedex/assets/images/pokemon_imagenes/220.png','2');
Insert into USERDB.POKEMONES (ID,NOMBRE,NUMERO,PESO,TALLA,IMAGEN,GENERACION_ID) values ('221','PILOSWINE','221','55,8','1,1','https://pokefanaticos.com/pokedex/assets/images/pokemon_imagenes/221.png','2');
Insert into USERDB.POKEMONES (ID,NOMBRE,NUMERO,PESO,TALLA,IMAGEN,GENERACION_ID) values ('222','CORSOLA','222','5','0,6','https://pokefanaticos.com/pokedex/assets/images/pokemon_imagenes/222.png','2');
Insert into USERDB.POKEMONES (ID,NOMBRE,NUMERO,PESO,TALLA,IMAGEN,GENERACION_ID) values ('223','REMORAID','223','12','0,6','https://pokefanaticos.com/pokedex/assets/images/pokemon_imagenes/223.png','2');
Insert into USERDB.POKEMONES (ID,NOMBRE,NUMERO,PESO,TALLA,IMAGEN,GENERACION_ID) values ('224','OCTILLERY','224','28,5','0,9','https://pokefanaticos.com/pokedex/assets/images/pokemon_imagenes/224.png','2');
Insert into USERDB.POKEMONES (ID,NOMBRE,NUMERO,PESO,TALLA,IMAGEN,GENERACION_ID) values ('225','DELIBIRD','225','16','0,9','https://pokefanaticos.com/pokedex/assets/images/pokemon_imagenes/225.png','2');
Insert into USERDB.POKEMONES (ID,NOMBRE,NUMERO,PESO,TALLA,IMAGEN,GENERACION_ID) values ('226','MANTINE','226','220','2,1','https://pokefanaticos.com/pokedex/assets/images/pokemon_imagenes/226.png','2');
Insert into USERDB.POKEMONES (ID,NOMBRE,NUMERO,PESO,TALLA,IMAGEN,GENERACION_ID) values ('227','SKARMORY','227','50,5','1,7','https://pokefanaticos.com/pokedex/assets/images/pokemon_imagenes/227.png','2');
Insert into USERDB.POKEMONES (ID,NOMBRE,NUMERO,PESO,TALLA,IMAGEN,GENERACION_ID) values ('228','HOUNDOUR','228','10,8','0,6','https://pokefanaticos.com/pokedex/assets/images/pokemon_imagenes/228.png','2');
Insert into USERDB.POKEMONES (ID,NOMBRE,NUMERO,PESO,TALLA,IMAGEN,GENERACION_ID) values ('229','HOUNDOOM','229','35','1,4','https://pokefanaticos.com/pokedex/assets/images/pokemon_imagenes/229.png','2');
Insert into USERDB.POKEMONES (ID,NOMBRE,NUMERO,PESO,TALLA,IMAGEN,GENERACION_ID) values ('230','KINGDRA','230','152','1,8','https://pokefanaticos.com/pokedex/assets/images/pokemon_imagenes/230.png','2');
Insert into USERDB.POKEMONES (ID,NOMBRE,NUMERO,PESO,TALLA,IMAGEN,GENERACION_ID) values ('231','PHANPY','231','33,5','0,5','https://pokefanaticos.com/pokedex/assets/images/pokemon_imagenes/231.png','2');
Insert into USERDB.POKEMONES (ID,NOMBRE,NUMERO,PESO,TALLA,IMAGEN,GENERACION_ID) values ('232','DONPHAN','232','120','1,1','https://pokefanaticos.com/pokedex/assets/images/pokemon_imagenes/232.png','2');
Insert into USERDB.POKEMONES (ID,NOMBRE,NUMERO,PESO,TALLA,IMAGEN,GENERACION_ID) values ('233','PORYGON2','233','32,5','0,6','https://pokefanaticos.com/pokedex/assets/images/pokemon_imagenes/233.png','2');
Insert into USERDB.POKEMONES (ID,NOMBRE,NUMERO,PESO,TALLA,IMAGEN,GENERACION_ID) values ('234','STANTLER','234','71,2','1,4','https://pokefanaticos.com/pokedex/assets/images/pokemon_imagenes/234.png','2');
Insert into USERDB.POKEMONES (ID,NOMBRE,NUMERO,PESO,TALLA,IMAGEN,GENERACION_ID) values ('235','SMEARGLE','235','58','1,2','https://pokefanaticos.com/pokedex/assets/images/pokemon_imagenes/235.png','2');
Insert into USERDB.POKEMONES (ID,NOMBRE,NUMERO,PESO,TALLA,IMAGEN,GENERACION_ID) values ('236','TYROGUE','236','21','0,7','https://pokefanaticos.com/pokedex/assets/images/pokemon_imagenes/236.png','2');
Insert into USERDB.POKEMONES (ID,NOMBRE,NUMERO,PESO,TALLA,IMAGEN,GENERACION_ID) values ('237','HITMONTOP','237','48','1,4','https://pokefanaticos.com/pokedex/assets/images/pokemon_imagenes/237.png','2');
Insert into USERDB.POKEMONES (ID,NOMBRE,NUMERO,PESO,TALLA,IMAGEN,GENERACION_ID) values ('238','SMOOCHUM','238','6','0,4','https://pokefanaticos.com/pokedex/assets/images/pokemon_imagenes/238.png','2');
Insert into USERDB.POKEMONES (ID,NOMBRE,NUMERO,PESO,TALLA,IMAGEN,GENERACION_ID) values ('239','ELEKID','239','23,5','0,6','https://pokefanaticos.com/pokedex/assets/images/pokemon_imagenes/239.png','2');
Insert into USERDB.POKEMONES (ID,NOMBRE,NUMERO,PESO,TALLA,IMAGEN,GENERACION_ID) values ('240','MAGBY','240','21,4','0,7','https://pokefanaticos.com/pokedex/assets/images/pokemon_imagenes/240.png','2');
Insert into USERDB.POKEMONES (ID,NOMBRE,NUMERO,PESO,TALLA,IMAGEN,GENERACION_ID) values ('241','MILTANK','241','75,5','1,2','https://pokefanaticos.com/pokedex/assets/images/pokemon_imagenes/241.png','2');
Insert into USERDB.POKEMONES (ID,NOMBRE,NUMERO,PESO,TALLA,IMAGEN,GENERACION_ID) values ('242','BLISSEY','242','46,8','1,5','https://pokefanaticos.com/pokedex/assets/images/pokemon_imagenes/242.png','2');
Insert into USERDB.POKEMONES (ID,NOMBRE,NUMERO,PESO,TALLA,IMAGEN,GENERACION_ID) values ('243','RAIKOU','243','178','1,9','https://pokefanaticos.com/pokedex/assets/images/pokemon_imagenes/243.png','2');
Insert into USERDB.POKEMONES (ID,NOMBRE,NUMERO,PESO,TALLA,IMAGEN,GENERACION_ID) values ('244','ENTEI','244','198','2,1','https://pokefanaticos.com/pokedex/assets/images/pokemon_imagenes/244.png','2');
Insert into USERDB.POKEMONES (ID,NOMBRE,NUMERO,PESO,TALLA,IMAGEN,GENERACION_ID) values ('245','SUICUNE','245','187','2','https://pokefanaticos.com/pokedex/assets/images/pokemon_imagenes/245.png','2');
Insert into USERDB.POKEMONES (ID,NOMBRE,NUMERO,PESO,TALLA,IMAGEN,GENERACION_ID) values ('246','LARVITAR','246','72','0,6','https://pokefanaticos.com/pokedex/assets/images/pokemon_imagenes/246.png','2');
Insert into USERDB.POKEMONES (ID,NOMBRE,NUMERO,PESO,TALLA,IMAGEN,GENERACION_ID) values ('247','PUPITAR','247','152','1,2','https://pokefanaticos.com/pokedex/assets/images/pokemon_imagenes/247.png','2');
Insert into USERDB.POKEMONES (ID,NOMBRE,NUMERO,PESO,TALLA,IMAGEN,GENERACION_ID) values ('248','TYRANITAR','248','202','2','https://pokefanaticos.com/pokedex/assets/images/pokemon_imagenes/248.png','2');
Insert into USERDB.POKEMONES (ID,NOMBRE,NUMERO,PESO,TALLA,IMAGEN,GENERACION_ID) values ('249','LUGIA','249','216','5,2','https://pokefanaticos.com/pokedex/assets/images/pokemon_imagenes/249.png','2');
Insert into USERDB.POKEMONES (ID,NOMBRE,NUMERO,PESO,TALLA,IMAGEN,GENERACION_ID) values ('250','HO-OH','250','199','3,8','https://pokefanaticos.com/pokedex/assets/images/pokemon_imagenes/250.png','2');
Insert into USERDB.POKEMONES (ID,NOMBRE,NUMERO,PESO,TALLA,IMAGEN,GENERACION_ID) values ('251','CELEBI','251','5','0,6','https://pokefanaticos.com/pokedex/assets/images/pokemon_imagenes/251.png','2');
Insert into USERDB.POKEMONES (ID,NOMBRE,NUMERO,PESO,TALLA,IMAGEN,GENERACION_ID) values ('252','TREECKO','252','5','0,5','https://pokefanaticos.com/pokedex/assets/images/pokemon_imagenes/252.png','3');
Insert into USERDB.POKEMONES (ID,NOMBRE,NUMERO,PESO,TALLA,IMAGEN,GENERACION_ID) values ('253','GROVYLE','253','21,6','0,9','https://pokefanaticos.com/pokedex/assets/images/pokemon_imagenes/253.png','3');
Insert into USERDB.POKEMONES (ID,NOMBRE,NUMERO,PESO,TALLA,IMAGEN,GENERACION_ID) values ('254','SCEPTILE','254','52,5','1,7','https://pokefanaticos.com/pokedex/assets/images/pokemon_imagenes/254.png','3');
Insert into USERDB.POKEMONES (ID,NOMBRE,NUMERO,PESO,TALLA,IMAGEN,GENERACION_ID) values ('255','TORCHIC','255','2,5','0,4','https://pokefanaticos.com/pokedex/assets/images/pokemon_imagenes/255.png','3');
Insert into USERDB.POKEMONES (ID,NOMBRE,NUMERO,PESO,TALLA,IMAGEN,GENERACION_ID) values ('256','COMBUSKEN','256','19,5','0,9','https://pokefanaticos.com/pokedex/assets/images/pokemon_imagenes/256.png','3');
Insert into USERDB.POKEMONES (ID,NOMBRE,NUMERO,PESO,TALLA,IMAGEN,GENERACION_ID) values ('257','BLAZIKEN','257','52','1,9','https://pokefanaticos.com/pokedex/assets/images/pokemon_imagenes/257.png','3');
Insert into USERDB.POKEMONES (ID,NOMBRE,NUMERO,PESO,TALLA,IMAGEN,GENERACION_ID) values ('258','MUDKIP','258','7,6','0,4','https://pokefanaticos.com/pokedex/assets/images/pokemon_imagenes/258.png','3');
Insert into USERDB.POKEMONES (ID,NOMBRE,NUMERO,PESO,TALLA,IMAGEN,GENERACION_ID) values ('259','MARSHTOMP','259','28','0,7','https://pokefanaticos.com/pokedex/assets/images/pokemon_imagenes/259.png','3');
Insert into USERDB.POKEMONES (ID,NOMBRE,NUMERO,PESO,TALLA,IMAGEN,GENERACION_ID) values ('260','SWAMPERT','260','81,9','1,5','https://pokefanaticos.com/pokedex/assets/images/pokemon_imagenes/260.png','3');
Insert into USERDB.POKEMONES (ID,NOMBRE,NUMERO,PESO,TALLA,IMAGEN,GENERACION_ID) values ('261','POOCHYENA','261','13,6','0,5','https://pokefanaticos.com/pokedex/assets/images/pokemon_imagenes/261.png','3');
Insert into USERDB.POKEMONES (ID,NOMBRE,NUMERO,PESO,TALLA,IMAGEN,GENERACION_ID) values ('262','MIGHTYENA','262','37','1','https://pokefanaticos.com/pokedex/assets/images/pokemon_imagenes/262.png','3');
Insert into USERDB.POKEMONES (ID,NOMBRE,NUMERO,PESO,TALLA,IMAGEN,GENERACION_ID) values ('263','ZIGZAGOON','263','17,5','0,4','https://pokefanaticos.com/pokedex/assets/images/pokemon_imagenes/263.png','3');
Insert into USERDB.POKEMONES (ID,NOMBRE,NUMERO,PESO,TALLA,IMAGEN,GENERACION_ID) values ('264','LINOONE','264','32,5','0,5','https://pokefanaticos.com/pokedex/assets/images/pokemon_imagenes/264.png','3');
Insert into USERDB.POKEMONES (ID,NOMBRE,NUMERO,PESO,TALLA,IMAGEN,GENERACION_ID) values ('265','WRUMPLE','265','3,6','0,3','https://pokefanaticos.com/pokedex/assets/images/pokemon_imagenes/265.png','3');
Insert into USERDB.POKEMONES (ID,NOMBRE,NUMERO,PESO,TALLA,IMAGEN,GENERACION_ID) values ('266','SILCOON','266','10','0,6','https://pokefanaticos.com/pokedex/assets/images/pokemon_imagenes/266.png','3');
Insert into USERDB.POKEMONES (ID,NOMBRE,NUMERO,PESO,TALLA,IMAGEN,GENERACION_ID) values ('267','BEAUTIFLY','267','28,4','1','https://pokefanaticos.com/pokedex/assets/images/pokemon_imagenes/267.png','3');
Insert into USERDB.POKEMONES (ID,NOMBRE,NUMERO,PESO,TALLA,IMAGEN,GENERACION_ID) values ('268','CASCOON','268','11,5','0,7','https://pokefanaticos.com/pokedex/assets/images/pokemon_imagenes/268.png','3');
Insert into USERDB.POKEMONES (ID,NOMBRE,NUMERO,PESO,TALLA,IMAGEN,GENERACION_ID) values ('269','DUSTOX','269','31,6','1,2','https://pokefanaticos.com/pokedex/assets/images/pokemon_imagenes/269.png','3');
Insert into USERDB.POKEMONES (ID,NOMBRE,NUMERO,PESO,TALLA,IMAGEN,GENERACION_ID) values ('270','LOTAD','270','2,6','0,5','https://pokefanaticos.com/pokedex/assets/images/pokemon_imagenes/270.png','3');
Insert into USERDB.POKEMONES (ID,NOMBRE,NUMERO,PESO,TALLA,IMAGEN,GENERACION_ID) values ('271','LOMBRE','271','32,5','1,2','https://pokefanaticos.com/pokedex/assets/images/pokemon_imagenes/271.png','3');
Insert into USERDB.POKEMONES (ID,NOMBRE,NUMERO,PESO,TALLA,IMAGEN,GENERACION_ID) values ('272','LUDICOLO','272','55','1,5','https://pokefanaticos.com/pokedex/assets/images/pokemon_imagenes/272.png','3');
Insert into USERDB.POKEMONES (ID,NOMBRE,NUMERO,PESO,TALLA,IMAGEN,GENERACION_ID) values ('273','SEEDOT','273','4','0,5','https://pokefanaticos.com/pokedex/assets/images/pokemon_imagenes/273.png','3');
Insert into USERDB.POKEMONES (ID,NOMBRE,NUMERO,PESO,TALLA,IMAGEN,GENERACION_ID) values ('274','NUZLEAF','274','28','1','https://pokefanaticos.com/pokedex/assets/images/pokemon_imagenes/274.png','3');
Insert into USERDB.POKEMONES (ID,NOMBRE,NUMERO,PESO,TALLA,IMAGEN,GENERACION_ID) values ('275','SHIFTRY','275','59,6','1,3','https://pokefanaticos.com/pokedex/assets/images/pokemon_imagenes/275.png','3');
Insert into USERDB.POKEMONES (ID,NOMBRE,NUMERO,PESO,TALLA,IMAGEN,GENERACION_ID) values ('276','TAILLOW','276','2,3','0,3','https://pokefanaticos.com/pokedex/assets/images/pokemon_imagenes/276.png','3');
Insert into USERDB.POKEMONES (ID,NOMBRE,NUMERO,PESO,TALLA,IMAGEN,GENERACION_ID) values ('277','SWELLOW','277','19,8','0,7','https://pokefanaticos.com/pokedex/assets/images/pokemon_imagenes/277.png','3');
Insert into USERDB.POKEMONES (ID,NOMBRE,NUMERO,PESO,TALLA,IMAGEN,GENERACION_ID) values ('278','WINGULL','278','9,5','0,6','https://pokefanaticos.com/pokedex/assets/images/pokemon_imagenes/278.png','3');
Insert into USERDB.POKEMONES (ID,NOMBRE,NUMERO,PESO,TALLA,IMAGEN,GENERACION_ID) values ('279','PELIPPER','279','28','1,2','https://pokefanaticos.com/pokedex/assets/images/pokemon_imagenes/279.png','3');
Insert into USERDB.POKEMONES (ID,NOMBRE,NUMERO,PESO,TALLA,IMAGEN,GENERACION_ID) values ('418','BUIZEL','418','29,5','0,7','https://pokefanaticos.com/pokedex/assets/images/pokemon_imagenes/418.png','4');
Insert into USERDB.POKEMONES (ID,NOMBRE,NUMERO,PESO,TALLA,IMAGEN,GENERACION_ID) values ('419','FLOATZEL','419','33,5','1,1','https://pokefanaticos.com/pokedex/assets/images/pokemon_imagenes/419.png','4');
Insert into USERDB.POKEMONES (ID,NOMBRE,NUMERO,PESO,TALLA,IMAGEN,GENERACION_ID) values ('420','CHERUBI','420','3,3','0,4','https://pokefanaticos.com/pokedex/assets/images/pokemon_imagenes/420.png','4');
Insert into USERDB.POKEMONES (ID,NOMBRE,NUMERO,PESO,TALLA,IMAGEN,GENERACION_ID) values ('421','CHERRIM','421','9,3','0,5','https://pokefanaticos.com/pokedex/assets/images/pokemon_imagenes/421.png','4');
Insert into USERDB.POKEMONES (ID,NOMBRE,NUMERO,PESO,TALLA,IMAGEN,GENERACION_ID) values ('422','SHELLOS','422','6,3','0,3','https://pokefanaticos.com/pokedex/assets/images/pokemon_imagenes/422.png','4');
Insert into USERDB.POKEMONES (ID,NOMBRE,NUMERO,PESO,TALLA,IMAGEN,GENERACION_ID) values ('423','GASTRODON','423','29,9','0,9','https://pokefanaticos.com/pokedex/assets/images/pokemon_imagenes/423.png','4');
Insert into USERDB.POKEMONES (ID,NOMBRE,NUMERO,PESO,TALLA,IMAGEN,GENERACION_ID) values ('424','AMBIPOM','424','20,3','1,2','https://pokefanaticos.com/pokedex/assets/images/pokemon_imagenes/424.png','4');
Insert into USERDB.POKEMONES (ID,NOMBRE,NUMERO,PESO,TALLA,IMAGEN,GENERACION_ID) values ('425','DRIFLOON','425','1,2','0,4','https://pokefanaticos.com/pokedex/assets/images/pokemon_imagenes/425.png','4');
Insert into USERDB.POKEMONES (ID,NOMBRE,NUMERO,PESO,TALLA,IMAGEN,GENERACION_ID) values ('426','DRIFBLIM','426','15','1,2','https://pokefanaticos.com/pokedex/assets/images/pokemon_imagenes/426.png','4');
Insert into USERDB.POKEMONES (ID,NOMBRE,NUMERO,PESO,TALLA,IMAGEN,GENERACION_ID) values ('427','BUNEARY','427','5,5','0,4','https://pokefanaticos.com/pokedex/assets/images/pokemon_imagenes/427.png','4');
Insert into USERDB.POKEMONES (ID,NOMBRE,NUMERO,PESO,TALLA,IMAGEN,GENERACION_ID) values ('428','LOPUNNY','428','33,3','1,2','https://pokefanaticos.com/pokedex/assets/images/pokemon_imagenes/428.png','4');
Insert into USERDB.POKEMONES (ID,NOMBRE,NUMERO,PESO,TALLA,IMAGEN,GENERACION_ID) values ('429','MISMAGIUS','429','4,4','0,9','https://pokefanaticos.com/pokedex/assets/images/pokemon_imagenes/429.png','4');
Insert into USERDB.POKEMONES (ID,NOMBRE,NUMERO,PESO,TALLA,IMAGEN,GENERACION_ID) values ('430','HONCHKROW','430','27,3','0,9','https://pokefanaticos.com/pokedex/assets/images/pokemon_imagenes/430.png','4');
Insert into USERDB.POKEMONES (ID,NOMBRE,NUMERO,PESO,TALLA,IMAGEN,GENERACION_ID) values ('431','GLAMEOW','431','3,9','0,5','https://pokefanaticos.com/pokedex/assets/images/pokemon_imagenes/431.png','4');
Insert into USERDB.POKEMONES (ID,NOMBRE,NUMERO,PESO,TALLA,IMAGEN,GENERACION_ID) values ('432','PURUGLY','432','43,8','1','https://pokefanaticos.com/pokedex/assets/images/pokemon_imagenes/432.png','4');
Insert into USERDB.POKEMONES (ID,NOMBRE,NUMERO,PESO,TALLA,IMAGEN,GENERACION_ID) values ('433','CHINGLING','433','0,6','0,2','https://pokefanaticos.com/pokedex/assets/images/pokemon_imagenes/433.png','4');
Insert into USERDB.POKEMONES (ID,NOMBRE,NUMERO,PESO,TALLA,IMAGEN,GENERACION_ID) values ('434','STUNKY','434','19,2','0,4','https://pokefanaticos.com/pokedex/assets/images/pokemon_imagenes/434.png','4');
Insert into USERDB.POKEMONES (ID,NOMBRE,NUMERO,PESO,TALLA,IMAGEN,GENERACION_ID) values ('435','SKUNTANK','435','38','1','https://pokefanaticos.com/pokedex/assets/images/pokemon_imagenes/435.png','4');
Insert into USERDB.POKEMONES (ID,NOMBRE,NUMERO,PESO,TALLA,IMAGEN,GENERACION_ID) values ('436','BRONZOR','436','60,5','0,5','https://pokefanaticos.com/pokedex/assets/images/pokemon_imagenes/436.png','4');
Insert into USERDB.POKEMONES (ID,NOMBRE,NUMERO,PESO,TALLA,IMAGEN,GENERACION_ID) values ('437','BRONZONG','437','187','1,3','https://pokefanaticos.com/pokedex/assets/images/pokemon_imagenes/437.png','4');
Insert into USERDB.POKEMONES (ID,NOMBRE,NUMERO,PESO,TALLA,IMAGEN,GENERACION_ID) values ('438','BONSLY','438','15','0,5','https://pokefanaticos.com/pokedex/assets/images/pokemon_imagenes/438.png','4');
Insert into USERDB.POKEMONES (ID,NOMBRE,NUMERO,PESO,TALLA,IMAGEN,GENERACION_ID) values ('439','MIMEJR.','439','13','0,6','https://pokefanaticos.com/pokedex/assets/images/pokemon_imagenes/439.png','4');
Insert into USERDB.POKEMONES (ID,NOMBRE,NUMERO,PESO,TALLA,IMAGEN,GENERACION_ID) values ('440','HAPPINY','440','24,4','0,6','https://pokefanaticos.com/pokedex/assets/images/pokemon_imagenes/440.png','4');
Insert into USERDB.POKEMONES (ID,NOMBRE,NUMERO,PESO,TALLA,IMAGEN,GENERACION_ID) values ('441','CHATOT','441','1,9','0,5','https://pokefanaticos.com/pokedex/assets/images/pokemon_imagenes/441.png','4');
Insert into USERDB.POKEMONES (ID,NOMBRE,NUMERO,PESO,TALLA,IMAGEN,GENERACION_ID) values ('442','SPIRITOMB','442','108','1','https://pokefanaticos.com/pokedex/assets/images/pokemon_imagenes/442.png','4');
Insert into USERDB.POKEMONES (ID,NOMBRE,NUMERO,PESO,TALLA,IMAGEN,GENERACION_ID) values ('443','GIBLE','443','20,5','0,7','https://pokefanaticos.com/pokedex/assets/images/pokemon_imagenes/443.png','4');
Insert into USERDB.POKEMONES (ID,NOMBRE,NUMERO,PESO,TALLA,IMAGEN,GENERACION_ID) values ('444','GABITE','444','56','1,4','https://pokefanaticos.com/pokedex/assets/images/pokemon_imagenes/444.png','4');
Insert into USERDB.POKEMONES (ID,NOMBRE,NUMERO,PESO,TALLA,IMAGEN,GENERACION_ID) values ('445','GARCHOMP','445','95','1,9','https://pokefanaticos.com/pokedex/assets/images/pokemon_imagenes/445.png','4');
Insert into USERDB.POKEMONES (ID,NOMBRE,NUMERO,PESO,TALLA,IMAGEN,GENERACION_ID) values ('446','MUNCHLAX','446','105','0,6','https://pokefanaticos.com/pokedex/assets/images/pokemon_imagenes/446.png','4');
Insert into USERDB.POKEMONES (ID,NOMBRE,NUMERO,PESO,TALLA,IMAGEN,GENERACION_ID) values ('447','RIOLU','447','20,2','0,7','https://pokefanaticos.com/pokedex/assets/images/pokemon_imagenes/447.png','4');
Insert into USERDB.POKEMONES (ID,NOMBRE,NUMERO,PESO,TALLA,IMAGEN,GENERACION_ID) values ('448','LUCARIO','448','54','1,2','https://pokefanaticos.com/pokedex/assets/images/pokemon_imagenes/448.png','4');
Insert into USERDB.POKEMONES (ID,NOMBRE,NUMERO,PESO,TALLA,IMAGEN,GENERACION_ID) values ('449','HIPPOPOTAS','449','49,5','0,8','https://pokefanaticos.com/pokedex/assets/images/pokemon_imagenes/449.png','4');
Insert into USERDB.POKEMONES (ID,NOMBRE,NUMERO,PESO,TALLA,IMAGEN,GENERACION_ID) values ('450','HIPPOWDON','450','300','2','https://pokefanaticos.com/pokedex/assets/images/pokemon_imagenes/450.png','4');
Insert into USERDB.POKEMONES (ID,NOMBRE,NUMERO,PESO,TALLA,IMAGEN,GENERACION_ID) values ('451','SKORUPI','451','12','0,8','https://pokefanaticos.com/pokedex/assets/images/pokemon_imagenes/451.png','4');
Insert into USERDB.POKEMONES (ID,NOMBRE,NUMERO,PESO,TALLA,IMAGEN,GENERACION_ID) values ('452','DRAPION','452','61,5','1,3','https://pokefanaticos.com/pokedex/assets/images/pokemon_imagenes/452.png','4');
Insert into USERDB.POKEMONES (ID,NOMBRE,NUMERO,PESO,TALLA,IMAGEN,GENERACION_ID) values ('453','CROAGUNK','453','23','0,7','https://pokefanaticos.com/pokedex/assets/images/pokemon_imagenes/453.png','4');
Insert into USERDB.POKEMONES (ID,NOMBRE,NUMERO,PESO,TALLA,IMAGEN,GENERACION_ID) values ('454','TOXICROAK','454','44,4','1,3','https://pokefanaticos.com/pokedex/assets/images/pokemon_imagenes/454.png','4');
Insert into USERDB.POKEMONES (ID,NOMBRE,NUMERO,PESO,TALLA,IMAGEN,GENERACION_ID) values ('455','CARNIVINE','455','27','1,4','https://pokefanaticos.com/pokedex/assets/images/pokemon_imagenes/455.png','4');
Insert into USERDB.POKEMONES (ID,NOMBRE,NUMERO,PESO,TALLA,IMAGEN,GENERACION_ID) values ('456','FINNEON','456','7','0,4','https://pokefanaticos.com/pokedex/assets/images/pokemon_imagenes/456.png','4');
Insert into USERDB.POKEMONES (ID,NOMBRE,NUMERO,PESO,TALLA,IMAGEN,GENERACION_ID) values ('457','LUMINEON','457','24','1,2','https://pokefanaticos.com/pokedex/assets/images/pokemon_imagenes/457.png','4');
Insert into USERDB.POKEMONES (ID,NOMBRE,NUMERO,PESO,TALLA,IMAGEN,GENERACION_ID) values ('458','MANTYKE','458','65','1','https://pokefanaticos.com/pokedex/assets/images/pokemon_imagenes/458.png','4');
Insert into USERDB.POKEMONES (ID,NOMBRE,NUMERO,PESO,TALLA,IMAGEN,GENERACION_ID) values ('459','SNOVER','459','50,5','1','https://pokefanaticos.com/pokedex/assets/images/pokemon_imagenes/459.png','4');
Insert into USERDB.POKEMONES (ID,NOMBRE,NUMERO,PESO,TALLA,IMAGEN,GENERACION_ID) values ('460','ABOMASNOW','460','135,5','2,2','https://pokefanaticos.com/pokedex/assets/images/pokemon_imagenes/460.png','4');
Insert into USERDB.POKEMONES (ID,NOMBRE,NUMERO,PESO,TALLA,IMAGEN,GENERACION_ID) values ('461','WEAVILE','461','34','1,1','https://pokefanaticos.com/pokedex/assets/images/pokemon_imagenes/461.png','4');
Insert into USERDB.POKEMONES (ID,NOMBRE,NUMERO,PESO,TALLA,IMAGEN,GENERACION_ID) values ('462','MAGNEZONE','462','180','1,2','https://pokefanaticos.com/pokedex/assets/images/pokemon_imagenes/462.png','4');
Insert into USERDB.POKEMONES (ID,NOMBRE,NUMERO,PESO,TALLA,IMAGEN,GENERACION_ID) values ('463','LICKILICKY','463','140','1,7','https://pokefanaticos.com/pokedex/assets/images/pokemon_imagenes/463.png','4');
Insert into USERDB.POKEMONES (ID,NOMBRE,NUMERO,PESO,TALLA,IMAGEN,GENERACION_ID) values ('464','RHYPERIOR','464','282,8','2,4','https://pokefanaticos.com/pokedex/assets/images/pokemon_imagenes/464.png','4');
Insert into USERDB.POKEMONES (ID,NOMBRE,NUMERO,PESO,TALLA,IMAGEN,GENERACION_ID) values ('465','TANGROWTH','465','128,6','2','https://pokefanaticos.com/pokedex/assets/images/pokemon_imagenes/465.png','4');
Insert into USERDB.POKEMONES (ID,NOMBRE,NUMERO,PESO,TALLA,IMAGEN,GENERACION_ID) values ('466','ELECTIVIRE','466','138,6','1,8','https://pokefanaticos.com/pokedex/assets/images/pokemon_imagenes/466.png','4');
Insert into USERDB.POKEMONES (ID,NOMBRE,NUMERO,PESO,TALLA,IMAGEN,GENERACION_ID) values ('467','MAGMORTAR','467','68','1,6','https://pokefanaticos.com/pokedex/assets/images/pokemon_imagenes/467.png','4');
Insert into USERDB.POKEMONES (ID,NOMBRE,NUMERO,PESO,TALLA,IMAGEN,GENERACION_ID) values ('468','TOGEKISS','468','38','1,5','https://pokefanaticos.com/pokedex/assets/images/pokemon_imagenes/468.png','4');
Insert into USERDB.POKEMONES (ID,NOMBRE,NUMERO,PESO,TALLA,IMAGEN,GENERACION_ID) values ('469','YANMEGA','469','51,5','1,9','https://pokefanaticos.com/pokedex/assets/images/pokemon_imagenes/469.png','4');
Insert into USERDB.POKEMONES (ID,NOMBRE,NUMERO,PESO,TALLA,IMAGEN,GENERACION_ID) values ('470','LEAFEON','470','25,5','1','https://pokefanaticos.com/pokedex/assets/images/pokemon_imagenes/470.png','4');
Insert into USERDB.POKEMONES (ID,NOMBRE,NUMERO,PESO,TALLA,IMAGEN,GENERACION_ID) values ('471','GLACEON','471','25,9','0,8','https://pokefanaticos.com/pokedex/assets/images/pokemon_imagenes/471.png','4');
Insert into USERDB.POKEMONES (ID,NOMBRE,NUMERO,PESO,TALLA,IMAGEN,GENERACION_ID) values ('472','GLISCOR','472','42,5','2','https://pokefanaticos.com/pokedex/assets/images/pokemon_imagenes/472.png','4');
Insert into USERDB.POKEMONES (ID,NOMBRE,NUMERO,PESO,TALLA,IMAGEN,GENERACION_ID) values ('473','MAMOSWINE','473','291','2,5','https://pokefanaticos.com/pokedex/assets/images/pokemon_imagenes/473.png','4');
Insert into USERDB.POKEMONES (ID,NOMBRE,NUMERO,PESO,TALLA,IMAGEN,GENERACION_ID) values ('474','PORYGON-Z','474','34','0,9','https://pokefanaticos.com/pokedex/assets/images/pokemon_imagenes/474.png','4');
Insert into USERDB.POKEMONES (ID,NOMBRE,NUMERO,PESO,TALLA,IMAGEN,GENERACION_ID) values ('475','GALLADE','475','52','1,6','https://pokefanaticos.com/pokedex/assets/images/pokemon_imagenes/475.png','4');
Insert into USERDB.POKEMONES (ID,NOMBRE,NUMERO,PESO,TALLA,IMAGEN,GENERACION_ID) values ('476','PROBOPASS','476','340','1,4','https://pokefanaticos.com/pokedex/assets/images/pokemon_imagenes/476.png','4');
Insert into USERDB.POKEMONES (ID,NOMBRE,NUMERO,PESO,TALLA,IMAGEN,GENERACION_ID) values ('477','DUSKNOIR','477','106,6','2,2','https://pokefanaticos.com/pokedex/assets/images/pokemon_imagenes/477.png','4');
Insert into USERDB.POKEMONES (ID,NOMBRE,NUMERO,PESO,TALLA,IMAGEN,GENERACION_ID) values ('478','FROSLASS','478','26,6','1,3','https://pokefanaticos.com/pokedex/assets/images/pokemon_imagenes/478.png','4');
Insert into USERDB.POKEMONES (ID,NOMBRE,NUMERO,PESO,TALLA,IMAGEN,GENERACION_ID) values ('479','ROTOM','479','0,3','0,3','https://pokefanaticos.com/pokedex/assets/images/pokemon_imagenes/479.png','4');
Insert into USERDB.POKEMONES (ID,NOMBRE,NUMERO,PESO,TALLA,IMAGEN,GENERACION_ID) values ('480','UXIE','480','0,3','0,3','https://pokefanaticos.com/pokedex/assets/images/pokemon_imagenes/480.png','4');
Insert into USERDB.POKEMONES (ID,NOMBRE,NUMERO,PESO,TALLA,IMAGEN,GENERACION_ID) values ('481','MESPRIT','481','0,3','0,3','https://pokefanaticos.com/pokedex/assets/images/pokemon_imagenes/481.png','4');
Insert into USERDB.POKEMONES (ID,NOMBRE,NUMERO,PESO,TALLA,IMAGEN,GENERACION_ID) values ('482','AZELF','482','0,3','0,3','https://pokefanaticos.com/pokedex/assets/images/pokemon_imagenes/482.png','4');
Insert into USERDB.POKEMONES (ID,NOMBRE,NUMERO,PESO,TALLA,IMAGEN,GENERACION_ID) values ('483','DIALGA','483','683','5,4','https://pokefanaticos.com/pokedex/assets/images/pokemon_imagenes/483.png','4');
Insert into USERDB.POKEMONES (ID,NOMBRE,NUMERO,PESO,TALLA,IMAGEN,GENERACION_ID) values ('484','PALKIA','484','336','4,2','https://pokefanaticos.com/pokedex/assets/images/pokemon_imagenes/484.png','4');
Insert into USERDB.POKEMONES (ID,NOMBRE,NUMERO,PESO,TALLA,IMAGEN,GENERACION_ID) values ('485','HEATRAN','485','430','1,7','https://pokefanaticos.com/pokedex/assets/images/pokemon_imagenes/485.png','4');
Insert into USERDB.POKEMONES (ID,NOMBRE,NUMERO,PESO,TALLA,IMAGEN,GENERACION_ID) values ('486','REGIGIGAS','486','420','3,7','https://pokefanaticos.com/pokedex/assets/images/pokemon_imagenes/486.png','4');
Insert into USERDB.POKEMONES (ID,NOMBRE,NUMERO,PESO,TALLA,IMAGEN,GENERACION_ID) values ('487','GIRATINA','487','750','4,5','https://pokefanaticos.com/pokedex/assets/images/pokemon_imagenes/487.png','4');
Insert into USERDB.POKEMONES (ID,NOMBRE,NUMERO,PESO,TALLA,IMAGEN,GENERACION_ID) values ('695','HELIOLISK','695','21','1','https://pokefanaticos.com/pokedex/assets/images/pokemon_imagenes/695.png','6');
Insert into USERDB.POKEMONES (ID,NOMBRE,NUMERO,PESO,TALLA,IMAGEN,GENERACION_ID) values ('696','TYRUNT','696','26','0,8','https://pokefanaticos.com/pokedex/assets/images/pokemon_imagenes/696.png','6');
Insert into USERDB.POKEMONES (ID,NOMBRE,NUMERO,PESO,TALLA,IMAGEN,GENERACION_ID) values ('697','TYRANTRUM','697','270','2,5','https://pokefanaticos.com/pokedex/assets/images/pokemon_imagenes/697.png','6');
Insert into USERDB.POKEMONES (ID,NOMBRE,NUMERO,PESO,TALLA,IMAGEN,GENERACION_ID) values ('698','AMAURA','698','25,2','1,3','https://pokefanaticos.com/pokedex/assets/images/pokemon_imagenes/698.png','6');
Insert into USERDB.POKEMONES (ID,NOMBRE,NUMERO,PESO,TALLA,IMAGEN,GENERACION_ID) values ('699','AURORUS','699','225','2,7','https://pokefanaticos.com/pokedex/assets/images/pokemon_imagenes/699.png','6');
Insert into USERDB.POKEMONES (ID,NOMBRE,NUMERO,PESO,TALLA,IMAGEN,GENERACION_ID) values ('700','SYLVEON','700','23,5','1','https://pokefanaticos.com/pokedex/assets/images/pokemon_imagenes/700.png','6');
Insert into USERDB.POKEMONES (ID,NOMBRE,NUMERO,PESO,TALLA,IMAGEN,GENERACION_ID) values ('701','HAWLUCHA','701','21,5','0,8','https://pokefanaticos.com/pokedex/assets/images/pokemon_imagenes/701.png','6');
Insert into USERDB.POKEMONES (ID,NOMBRE,NUMERO,PESO,TALLA,IMAGEN,GENERACION_ID) values ('702','DEDENNE','702','2,2','0,2','https://pokefanaticos.com/pokedex/assets/images/pokemon_imagenes/702.png','6');
Insert into USERDB.POKEMONES (ID,NOMBRE,NUMERO,PESO,TALLA,IMAGEN,GENERACION_ID) values ('703','CARBINK','703','5,7','0,3','https://pokefanaticos.com/pokedex/assets/images/pokemon_imagenes/703.png','6');
Insert into USERDB.POKEMONES (ID,NOMBRE,NUMERO,PESO,TALLA,IMAGEN,GENERACION_ID) values ('704','GOOMY','704','2,8','0,3','https://pokefanaticos.com/pokedex/assets/images/pokemon_imagenes/704.png','6');
Insert into USERDB.POKEMONES (ID,NOMBRE,NUMERO,PESO,TALLA,IMAGEN,GENERACION_ID) values ('705','SLIGGOO','705','17,5','0,8','https://pokefanaticos.com/pokedex/assets/images/pokemon_imagenes/705.png','6');
Insert into USERDB.POKEMONES (ID,NOMBRE,NUMERO,PESO,TALLA,IMAGEN,GENERACION_ID) values ('706','GOODRA','706','150,5','2','https://pokefanaticos.com/pokedex/assets/images/pokemon_imagenes/706.png','6');
Insert into USERDB.POKEMONES (ID,NOMBRE,NUMERO,PESO,TALLA,IMAGEN,GENERACION_ID) values ('707','KLEFKI','707','3','0,2','https://pokefanaticos.com/pokedex/assets/images/pokemon_imagenes/707.png','6');
Insert into USERDB.POKEMONES (ID,NOMBRE,NUMERO,PESO,TALLA,IMAGEN,GENERACION_ID) values ('708','PHANTUMP','708','7','0,4','https://pokefanaticos.com/pokedex/assets/images/pokemon_imagenes/708.png','6');
Insert into USERDB.POKEMONES (ID,NOMBRE,NUMERO,PESO,TALLA,IMAGEN,GENERACION_ID) values ('709','TREVENANT','709','71','1,5','https://pokefanaticos.com/pokedex/assets/images/pokemon_imagenes/709.png','6');
Insert into USERDB.POKEMONES (ID,NOMBRE,NUMERO,PESO,TALLA,IMAGEN,GENERACION_ID) values ('710','PUMPKABOO','710','5','0,4','https://pokefanaticos.com/pokedex/assets/images/pokemon_imagenes/710.png','6');
Insert into USERDB.POKEMONES (ID,NOMBRE,NUMERO,PESO,TALLA,IMAGEN,GENERACION_ID) values ('711','GOURGEIST','711','12,5','0,9','https://pokefanaticos.com/pokedex/assets/images/pokemon_imagenes/711.png','6');
Insert into USERDB.POKEMONES (ID,NOMBRE,NUMERO,PESO,TALLA,IMAGEN,GENERACION_ID) values ('712','BERGMITE','712','99,5','1','https://pokefanaticos.com/pokedex/assets/images/pokemon_imagenes/712.png','6');
Insert into USERDB.POKEMONES (ID,NOMBRE,NUMERO,PESO,TALLA,IMAGEN,GENERACION_ID) values ('713','AVALUGG','713','505','2','https://pokefanaticos.com/pokedex/assets/images/pokemon_imagenes/713.png','6');
Insert into USERDB.POKEMONES (ID,NOMBRE,NUMERO,PESO,TALLA,IMAGEN,GENERACION_ID) values ('714','NOIBAT','714','8','0,5','https://pokefanaticos.com/pokedex/assets/images/pokemon_imagenes/714.png','6');
Insert into USERDB.POKEMONES (ID,NOMBRE,NUMERO,PESO,TALLA,IMAGEN,GENERACION_ID) values ('715','NOIVERN','715','85','1,5','https://pokefanaticos.com/pokedex/assets/images/pokemon_imagenes/715.png','6');
Insert into USERDB.POKEMONES (ID,NOMBRE,NUMERO,PESO,TALLA,IMAGEN,GENERACION_ID) values ('716','XERNEAS','716','215','3','https://pokefanaticos.com/pokedex/assets/images/pokemon_imagenes/716.png','6');
Insert into USERDB.POKEMONES (ID,NOMBRE,NUMERO,PESO,TALLA,IMAGEN,GENERACION_ID) values ('717','YVELTAL','717','203','5,8','https://pokefanaticos.com/pokedex/assets/images/pokemon_imagenes/717.png','6');
Insert into USERDB.POKEMONES (ID,NOMBRE,NUMERO,PESO,TALLA,IMAGEN,GENERACION_ID) values ('718','ZYGARDE','718','305','5','https://pokefanaticos.com/pokedex/assets/images/pokemon_imagenes/718.png','6');
Insert into USERDB.POKEMONES (ID,NOMBRE,NUMERO,PESO,TALLA,IMAGEN,GENERACION_ID) values ('719','DIANCIE','719','8,8','0,7','https://pokefanaticos.com/pokedex/assets/images/pokemon_imagenes/719.png','6');
Insert into USERDB.POKEMONES (ID,NOMBRE,NUMERO,PESO,TALLA,IMAGEN,GENERACION_ID) values ('720','HOOPA','720','9','0,5','https://pokefanaticos.com/pokedex/assets/images/pokemon_imagenes/720.png','6');
Insert into USERDB.POKEMONES (ID,NOMBRE,NUMERO,PESO,TALLA,IMAGEN,GENERACION_ID) values ('721','VOLCANION','721','195','1,7','https://pokefanaticos.com/pokedex/assets/images/pokemon_imagenes/721.png','6');
Insert into USERDB.POKEMONES (ID,NOMBRE,NUMERO,PESO,TALLA,IMAGEN,GENERACION_ID) values ('722','ROWLET','722','1,5','0,3','https://pokefanaticos.com/pokedex/assets/images/pokemon_imagenes/722.png','7');
Insert into USERDB.POKEMONES (ID,NOMBRE,NUMERO,PESO,TALLA,IMAGEN,GENERACION_ID) values ('723','DARTRIX','723','16','0,7','https://pokefanaticos.com/pokedex/assets/images/pokemon_imagenes/723.png','7');
Insert into USERDB.POKEMONES (ID,NOMBRE,NUMERO,PESO,TALLA,IMAGEN,GENERACION_ID) values ('724','DECIDUEYE','724','36,6','1,6','https://pokefanaticos.com/pokedex/assets/images/pokemon_imagenes/724.png','7');
Insert into USERDB.POKEMONES (ID,NOMBRE,NUMERO,PESO,TALLA,IMAGEN,GENERACION_ID) values ('725','LITTEN','725','4,3','0,4','https://pokefanaticos.com/pokedex/assets/images/pokemon_imagenes/725.png','7');
Insert into USERDB.POKEMONES (ID,NOMBRE,NUMERO,PESO,TALLA,IMAGEN,GENERACION_ID) values ('726','TORRACAT','726','25','0,7','https://pokefanaticos.com/pokedex/assets/images/pokemon_imagenes/726.png','7');
Insert into USERDB.POKEMONES (ID,NOMBRE,NUMERO,PESO,TALLA,IMAGEN,GENERACION_ID) values ('727','INCINEROAR','727','83','1,8','https://pokefanaticos.com/pokedex/assets/images/pokemon_imagenes/727.png','7');
Insert into USERDB.POKEMONES (ID,NOMBRE,NUMERO,PESO,TALLA,IMAGEN,GENERACION_ID) values ('728','POPPLIO','728','7,5','0,4','https://pokefanaticos.com/pokedex/assets/images/pokemon_imagenes/728.png','7');
Insert into USERDB.POKEMONES (ID,NOMBRE,NUMERO,PESO,TALLA,IMAGEN,GENERACION_ID) values ('729','BRIONNE','729','17,5','0,6','https://pokefanaticos.com/pokedex/assets/images/pokemon_imagenes/729.png','7');
Insert into USERDB.POKEMONES (ID,NOMBRE,NUMERO,PESO,TALLA,IMAGEN,GENERACION_ID) values ('730','PRIMARINA','730','44','1,8','https://pokefanaticos.com/pokedex/assets/images/pokemon_imagenes/730.png','7');
Insert into USERDB.POKEMONES (ID,NOMBRE,NUMERO,PESO,TALLA,IMAGEN,GENERACION_ID) values ('731','PIKIPEK','731','1,2','0,3','https://pokefanaticos.com/pokedex/assets/images/pokemon_imagenes/731.png','7');
Insert into USERDB.POKEMONES (ID,NOMBRE,NUMERO,PESO,TALLA,IMAGEN,GENERACION_ID) values ('732','TRUMBEAK','732','14,8','0,6','https://pokefanaticos.com/pokedex/assets/images/pokemon_imagenes/732.png','7');
Insert into USERDB.POKEMONES (ID,NOMBRE,NUMERO,PESO,TALLA,IMAGEN,GENERACION_ID) values ('733','TOUCANNON','733','26','1,1','https://pokefanaticos.com/pokedex/assets/images/pokemon_imagenes/733.png','7');
Insert into USERDB.POKEMONES (ID,NOMBRE,NUMERO,PESO,TALLA,IMAGEN,GENERACION_ID) values ('734','YUNGOOS','734','6','0,4','https://pokefanaticos.com/pokedex/assets/images/pokemon_imagenes/734.png','7');
Insert into USERDB.POKEMONES (ID,NOMBRE,NUMERO,PESO,TALLA,IMAGEN,GENERACION_ID) values ('735','GUMSHOOS','735','14,2','0,7','https://pokefanaticos.com/pokedex/assets/images/pokemon_imagenes/735.png','7');
Insert into USERDB.POKEMONES (ID,NOMBRE,NUMERO,PESO,TALLA,IMAGEN,GENERACION_ID) values ('736','GRUBBIN','736','4,4','0,4','https://pokefanaticos.com/pokedex/assets/images/pokemon_imagenes/736.png','7');
Insert into USERDB.POKEMONES (ID,NOMBRE,NUMERO,PESO,TALLA,IMAGEN,GENERACION_ID) values ('737','CHARJABUG','737','10,5','0,5','https://pokefanaticos.com/pokedex/assets/images/pokemon_imagenes/737.png','7');
Insert into USERDB.POKEMONES (ID,NOMBRE,NUMERO,PESO,TALLA,IMAGEN,GENERACION_ID) values ('738','VIKAVOLT','738','45','1,5','https://pokefanaticos.com/pokedex/assets/images/pokemon_imagenes/738.png','7');
Insert into USERDB.POKEMONES (ID,NOMBRE,NUMERO,PESO,TALLA,IMAGEN,GENERACION_ID) values ('739','CRABRAWLER','739','7','0,6','https://pokefanaticos.com/pokedex/assets/images/pokemon_imagenes/739.png','7');
Insert into USERDB.POKEMONES (ID,NOMBRE,NUMERO,PESO,TALLA,IMAGEN,GENERACION_ID) values ('740','CRABOMINABLE','740','180','1,7','https://pokefanaticos.com/pokedex/assets/images/pokemon_imagenes/740.png','7');
Insert into USERDB.POKEMONES (ID,NOMBRE,NUMERO,PESO,TALLA,IMAGEN,GENERACION_ID) values ('741','ORICORIO','741','3,4','0,6','https://pokefanaticos.com/pokedex/assets/images/pokemon_imagenes/741.png','7');
Insert into USERDB.POKEMONES (ID,NOMBRE,NUMERO,PESO,TALLA,IMAGEN,GENERACION_ID) values ('742','CUTIEFLY','742','0,2','0,1','https://pokefanaticos.com/pokedex/assets/images/pokemon_imagenes/742.png','7');
Insert into USERDB.POKEMONES (ID,NOMBRE,NUMERO,PESO,TALLA,IMAGEN,GENERACION_ID) values ('743','RIBOMBEE','743','0,5','0,2','https://pokefanaticos.com/pokedex/assets/images/pokemon_imagenes/743.png','7');
Insert into USERDB.POKEMONES (ID,NOMBRE,NUMERO,PESO,TALLA,IMAGEN,GENERACION_ID) values ('744','ROCKRUFF','744','9,2','0,5','https://pokefanaticos.com/pokedex/assets/images/pokemon_imagenes/744.png','7');
Insert into USERDB.POKEMONES (ID,NOMBRE,NUMERO,PESO,TALLA,IMAGEN,GENERACION_ID) values ('745','LYCANROC','745','25','0,8','https://pokefanaticos.com/pokedex/assets/images/pokemon_imagenes/745.png','7');
Insert into USERDB.POKEMONES (ID,NOMBRE,NUMERO,PESO,TALLA,IMAGEN,GENERACION_ID) values ('746','WISHIWASHI','746','0,3','0,2','https://pokefanaticos.com/pokedex/assets/images/pokemon_imagenes/746.png','7');
Insert into USERDB.POKEMONES (ID,NOMBRE,NUMERO,PESO,TALLA,IMAGEN,GENERACION_ID) values ('747','MAREANIE','747','8','0,4','https://pokefanaticos.com/pokedex/assets/images/pokemon_imagenes/747.png','7');
Insert into USERDB.POKEMONES (ID,NOMBRE,NUMERO,PESO,TALLA,IMAGEN,GENERACION_ID) values ('748','TOXAPEX','748','14,5','0,7','https://pokefanaticos.com/pokedex/assets/images/pokemon_imagenes/748.png','7');
Insert into USERDB.POKEMONES (ID,NOMBRE,NUMERO,PESO,TALLA,IMAGEN,GENERACION_ID) values ('749','MUDBRAY','749','110','1','https://pokefanaticos.com/pokedex/assets/images/pokemon_imagenes/749.png','7');
Insert into USERDB.POKEMONES (ID,NOMBRE,NUMERO,PESO,TALLA,IMAGEN,GENERACION_ID) values ('750','MUDSDALE','750','920','2,5','https://pokefanaticos.com/pokedex/assets/images/pokemon_imagenes/750.png','7');
Insert into USERDB.POKEMONES (ID,NOMBRE,NUMERO,PESO,TALLA,IMAGEN,GENERACION_ID) values ('751','DEWPIDER','751','4','0,3','https://pokefanaticos.com/pokedex/assets/images/pokemon_imagenes/751.png','7');
Insert into USERDB.POKEMONES (ID,NOMBRE,NUMERO,PESO,TALLA,IMAGEN,GENERACION_ID) values ('752','ARAQUANID','752','82','1,8','https://pokefanaticos.com/pokedex/assets/images/pokemon_imagenes/752.png','7');
Insert into USERDB.POKEMONES (ID,NOMBRE,NUMERO,PESO,TALLA,IMAGEN,GENERACION_ID) values ('753','FOMANTIS','753','1,5','0,3','https://pokefanaticos.com/pokedex/assets/images/pokemon_imagenes/753.png','7');
Insert into USERDB.POKEMONES (ID,NOMBRE,NUMERO,PESO,TALLA,IMAGEN,GENERACION_ID) values ('754','LURANTIS','754','18,5','0,9','https://pokefanaticos.com/pokedex/assets/images/pokemon_imagenes/754.png','7');
Insert into USERDB.POKEMONES (ID,NOMBRE,NUMERO,PESO,TALLA,IMAGEN,GENERACION_ID) values ('755','MORELULL','755','1,5','0,2','https://pokefanaticos.com/pokedex/assets/images/pokemon_imagenes/755.png','7');
Insert into USERDB.POKEMONES (ID,NOMBRE,NUMERO,PESO,TALLA,IMAGEN,GENERACION_ID) values ('756','SHIINOTIC','756','11,5','1','https://pokefanaticos.com/pokedex/assets/images/pokemon_imagenes/756.png','7');
Insert into USERDB.POKEMONES (ID,NOMBRE,NUMERO,PESO,TALLA,IMAGEN,GENERACION_ID) values ('757','SALANDIT','757','4,8','0,6','https://pokefanaticos.com/pokedex/assets/images/pokemon_imagenes/757.png','7');
Insert into USERDB.POKEMONES (ID,NOMBRE,NUMERO,PESO,TALLA,IMAGEN,GENERACION_ID) values ('758','SALAZZLE','758','22,2','1,2','https://pokefanaticos.com/pokedex/assets/images/pokemon_imagenes/758.png','7');
Insert into USERDB.POKEMONES (ID,NOMBRE,NUMERO,PESO,TALLA,IMAGEN,GENERACION_ID) values ('759','STUFFUL','759','6,8','0,5','https://pokefanaticos.com/pokedex/assets/images/pokemon_imagenes/759.png','7');
Insert into USERDB.POKEMONES (ID,NOMBRE,NUMERO,PESO,TALLA,IMAGEN,GENERACION_ID) values ('760','BEWEAR','760','135','2,1','https://pokefanaticos.com/pokedex/assets/images/pokemon_imagenes/760.png','7');
Insert into USERDB.POKEMONES (ID,NOMBRE,NUMERO,PESO,TALLA,IMAGEN,GENERACION_ID) values ('761','BOUNSWEET','761','3,2','0,3','https://pokefanaticos.com/pokedex/assets/images/pokemon_imagenes/761.png','7');
Insert into USERDB.POKEMONES (ID,NOMBRE,NUMERO,PESO,TALLA,IMAGEN,GENERACION_ID) values ('762','STEENEE','762','8,2','0,7','https://pokefanaticos.com/pokedex/assets/images/pokemon_imagenes/762.png','7');
Insert into USERDB.POKEMONES (ID,NOMBRE,NUMERO,PESO,TALLA,IMAGEN,GENERACION_ID) values ('763','TSAREENA','763','21,4','1,2','https://pokefanaticos.com/pokedex/assets/images/pokemon_imagenes/763.png','7');
Insert into USERDB.POKEMONES (ID,NOMBRE,NUMERO,PESO,TALLA,IMAGEN,GENERACION_ID) values ('764','COMFEY','764','0,3','0,1','https://pokefanaticos.com/pokedex/assets/images/pokemon_imagenes/764.png','7');
Insert into USERDB.POKEMONES (ID,NOMBRE,NUMERO,PESO,TALLA,IMAGEN,GENERACION_ID) values ('765','ORANGURU','765','76','1,5','https://pokefanaticos.com/pokedex/assets/images/pokemon_imagenes/765.png','7');
Insert into USERDB.POKEMONES (ID,NOMBRE,NUMERO,PESO,TALLA,IMAGEN,GENERACION_ID) values ('766','PASSIMIAN','766','82,8','2','https://pokefanaticos.com/pokedex/assets/images/pokemon_imagenes/766.png','7');
Insert into USERDB.POKEMONES (ID,NOMBRE,NUMERO,PESO,TALLA,IMAGEN,GENERACION_ID) values ('767','WIMPOD','767','12','0,5','https://pokefanaticos.com/pokedex/assets/images/pokemon_imagenes/767.png','7');
Insert into USERDB.POKEMONES (ID,NOMBRE,NUMERO,PESO,TALLA,IMAGEN,GENERACION_ID) values ('768','GOLISOPOD','768','108','2','https://pokefanaticos.com/pokedex/assets/images/pokemon_imagenes/768.png','7');
Insert into USERDB.POKEMONES (ID,NOMBRE,NUMERO,PESO,TALLA,IMAGEN,GENERACION_ID) values ('769','SANDYGAST','769','70','0,5','https://pokefanaticos.com/pokedex/assets/images/pokemon_imagenes/769.png','7');
Insert into USERDB.POKEMONES (ID,NOMBRE,NUMERO,PESO,TALLA,IMAGEN,GENERACION_ID) values ('770','PALOSSAND','770','250','1,3','https://pokefanaticos.com/pokedex/assets/images/pokemon_imagenes/770.png','7');
Insert into USERDB.POKEMONES (ID,NOMBRE,NUMERO,PESO,TALLA,IMAGEN,GENERACION_ID) values ('771','PYUKUMUKU','771','1,2','0,3','https://pokefanaticos.com/pokedex/assets/images/pokemon_imagenes/771.png','7');
Insert into USERDB.POKEMONES (ID,NOMBRE,NUMERO,PESO,TALLA,IMAGEN,GENERACION_ID) values ('772','SILVALLY','773','100,5','2,3','https://pokefanaticos.com/pokedex/assets/images/pokemon_imagenes/773.png','7');
Insert into USERDB.POKEMONES (ID,NOMBRE,NUMERO,PESO,TALLA,IMAGEN,GENERACION_ID) values ('773','MINIOR','774','40','0,3','https://pokefanaticos.com/pokedex/assets/images/pokemon_imagenes/774.png','7');
Insert into USERDB.POKEMONES (ID,NOMBRE,NUMERO,PESO,TALLA,IMAGEN,GENERACION_ID) values ('774','KOMALA','775','19,9','0,4','https://pokefanaticos.com/pokedex/assets/images/pokemon_imagenes/775.png','7');
Insert into USERDB.POKEMONES (ID,NOMBRE,NUMERO,PESO,TALLA,IMAGEN,GENERACION_ID) values ('775','TURTONATOR','776','212','2','https://pokefanaticos.com/pokedex/assets/images/pokemon_imagenes/776.png','7');
Insert into USERDB.POKEMONES (ID,NOMBRE,NUMERO,PESO,TALLA,IMAGEN,GENERACION_ID) values ('776','TOGEDEMARU','777','3,3','0,3','https://pokefanaticos.com/pokedex/assets/images/pokemon_imagenes/777.png','7');
Insert into USERDB.POKEMONES (ID,NOMBRE,NUMERO,PESO,TALLA,IMAGEN,GENERACION_ID) values ('777','MIMIKYU','778','0,7','0,2','https://pokefanaticos.com/pokedex/assets/images/pokemon_imagenes/778.png','7');
Insert into USERDB.POKEMONES (ID,NOMBRE,NUMERO,PESO,TALLA,IMAGEN,GENERACION_ID) values ('778','BRUXISH','779','19','0,9','https://pokefanaticos.com/pokedex/assets/images/pokemon_imagenes/779.png','7');
Insert into USERDB.POKEMONES (ID,NOMBRE,NUMERO,PESO,TALLA,IMAGEN,GENERACION_ID) values ('779','DRAMPA','780','185','3','https://pokefanaticos.com/pokedex/assets/images/pokemon_imagenes/780.png','7');
Insert into USERDB.POKEMONES (ID,NOMBRE,NUMERO,PESO,TALLA,IMAGEN,GENERACION_ID) values ('780','DHELMISE','781','210','3,9','https://pokefanaticos.com/pokedex/assets/images/pokemon_imagenes/781.png','7');
Insert into USERDB.POKEMONES (ID,NOMBRE,NUMERO,PESO,TALLA,IMAGEN,GENERACION_ID) values ('781','JANGMO-O','782','29,7','0,6','https://pokefanaticos.com/pokedex/assets/images/pokemon_imagenes/782.png','7');
Insert into USERDB.POKEMONES (ID,NOMBRE,NUMERO,PESO,TALLA,IMAGEN,GENERACION_ID) values ('782','HAKAMO-O','783','47','1,2','https://pokefanaticos.com/pokedex/assets/images/pokemon_imagenes/783.png','7');
Insert into USERDB.POKEMONES (ID,NOMBRE,NUMERO,PESO,TALLA,IMAGEN,GENERACION_ID) values ('783','KOMMO-O','784','78,2','1,6','https://pokefanaticos.com/pokedex/assets/images/pokemon_imagenes/784.png','7');
Insert into USERDB.POKEMONES (ID,NOMBRE,NUMERO,PESO,TALLA,IMAGEN,GENERACION_ID) values ('784','TAPU KOKO','785','20,5','1,8','https://pokefanaticos.com/pokedex/assets/images/pokemon_imagenes/785.png','7');
Insert into USERDB.POKEMONES (ID,NOMBRE,NUMERO,PESO,TALLA,IMAGEN,GENERACION_ID) values ('785','TAPU LELE','786','18,6','1,2','https://pokefanaticos.com/pokedex/assets/images/pokemon_imagenes/786.png','7');
Insert into USERDB.POKEMONES (ID,NOMBRE,NUMERO,PESO,TALLA,IMAGEN,GENERACION_ID) values ('786','TAPU BULU','787','45,5','1,9','https://pokefanaticos.com/pokedex/assets/images/pokemon_imagenes/787.png','7');
Insert into USERDB.POKEMONES (ID,NOMBRE,NUMERO,PESO,TALLA,IMAGEN,GENERACION_ID) values ('787','TAPU FINI','788','21,2','1,3','https://pokefanaticos.com/pokedex/assets/images/pokemon_imagenes/788.png','7');
Insert into USERDB.POKEMONES (ID,NOMBRE,NUMERO,PESO,TALLA,IMAGEN,GENERACION_ID) values ('788','COSMOG','789','0,1','0,2','https://pokefanaticos.com/pokedex/assets/images/pokemon_imagenes/789.png','7');
Insert into USERDB.POKEMONES (ID,NOMBRE,NUMERO,PESO,TALLA,IMAGEN,GENERACION_ID) values ('789','COSMOEM','790','999,9','0,1','https://pokefanaticos.com/pokedex/assets/images/pokemon_imagenes/790.png','7');
Insert into USERDB.POKEMONES (ID,NOMBRE,NUMERO,PESO,TALLA,IMAGEN,GENERACION_ID) values ('790','SOLGALEO','791','230','3,4','https://pokefanaticos.com/pokedex/assets/images/pokemon_imagenes/791.png','7');
Insert into USERDB.POKEMONES (ID,NOMBRE,NUMERO,PESO,TALLA,IMAGEN,GENERACION_ID) values ('791','LUNALA','792','120','4','https://pokefanaticos.com/pokedex/assets/images/pokemon_imagenes/792.png','7');
Insert into USERDB.POKEMONES (ID,NOMBRE,NUMERO,PESO,TALLA,IMAGEN,GENERACION_ID) values ('792','NIHILEGO','793','55,5','1,2','https://pokefanaticos.com/pokedex/assets/images/pokemon_imagenes/793.png','7');
Insert into USERDB.POKEMONES (ID,NOMBRE,NUMERO,PESO,TALLA,IMAGEN,GENERACION_ID) values ('793','BUZZWOLE','794','333,6','2,4','https://pokefanaticos.com/pokedex/assets/images/pokemon_imagenes/794.png','7');
Insert into USERDB.POKEMONES (ID,NOMBRE,NUMERO,PESO,TALLA,IMAGEN,GENERACION_ID) values ('794','PHEROMOSA','795','25','1,8','https://pokefanaticos.com/pokedex/assets/images/pokemon_imagenes/795.png','7');
Insert into USERDB.POKEMONES (ID,NOMBRE,NUMERO,PESO,TALLA,IMAGEN,GENERACION_ID) values ('795','XURKITREE','796','100','3,8','https://pokefanaticos.com/pokedex/assets/images/pokemon_imagenes/796.png','7');
Insert into USERDB.POKEMONES (ID,NOMBRE,NUMERO,PESO,TALLA,IMAGEN,GENERACION_ID) values ('796','CELESTEELA','797','999,9','9,2','https://pokefanaticos.com/pokedex/assets/images/pokemon_imagenes/797.png','7');
Insert into USERDB.POKEMONES (ID,NOMBRE,NUMERO,PESO,TALLA,IMAGEN,GENERACION_ID) values ('797','KARTANA','798','0,1','0,3','https://pokefanaticos.com/pokedex/assets/images/pokemon_imagenes/798.png','7');
Insert into USERDB.POKEMONES (ID,NOMBRE,NUMERO,PESO,TALLA,IMAGEN,GENERACION_ID) values ('798','GUZZLORD','799','888','5,5','https://pokefanaticos.com/pokedex/assets/images/pokemon_imagenes/799.png','7');
Insert into USERDB.POKEMONES (ID,NOMBRE,NUMERO,PESO,TALLA,IMAGEN,GENERACION_ID) values ('799','NECROZMA','800','230','2,4','https://pokefanaticos.com/pokedex/assets/images/pokemon_imagenes/800.png','7');
Insert into USERDB.POKEMONES (ID,NOMBRE,NUMERO,PESO,TALLA,IMAGEN,GENERACION_ID) values ('800','MAGEARNA','801','80,5','1','https://pokefanaticos.com/pokedex/assets/images/pokemon_imagenes/801.png','7');
Insert into USERDB.POKEMONES (ID,NOMBRE,NUMERO,PESO,TALLA,IMAGEN,GENERACION_ID) values ('801','MARSHADOW','802','22,2','0,7','https://pokefanaticos.com/pokedex/assets/images/pokemon_imagenes/802.png','7');
Insert into USERDB.POKEMONES (ID,NOMBRE,NUMERO,PESO,TALLA,IMAGEN,GENERACION_ID) values ('802','POIPOLE','803','1,8','0,6','https://pokefanaticos.com/pokedex/assets/images/pokemon_imagenes/803.png','7');
Insert into USERDB.POKEMONES (ID,NOMBRE,NUMERO,PESO,TALLA,IMAGEN,GENERACION_ID) values ('803','NAGANADEL','804','150','3,6','https://pokefanaticos.com/pokedex/assets/images/pokemon_imagenes/804.png','7');
Insert into USERDB.POKEMONES (ID,NOMBRE,NUMERO,PESO,TALLA,IMAGEN,GENERACION_ID) values ('804','STAKATAKA','805','820','5,5','https://pokefanaticos.com/pokedex/assets/images/pokemon_imagenes/805.png','7');
Insert into USERDB.POKEMONES (ID,NOMBRE,NUMERO,PESO,TALLA,IMAGEN,GENERACION_ID) values ('805','BLACEPHALON','806','13','1,8','https://pokefanaticos.com/pokedex/assets/images/pokemon_imagenes/806.png','7');
Insert into USERDB.POKEMONES (ID,NOMBRE,NUMERO,PESO,TALLA,IMAGEN,GENERACION_ID) values ('806','ZERAORA','807','44,5','1,5','https://pokefanaticos.com/pokedex/assets/images/pokemon_imagenes/807.png','7');
Insert into USERDB.POKEMONES (ID,NOMBRE,NUMERO,PESO,TALLA,IMAGEN,GENERACION_ID) values ('488','CRESSELIA','488','85,6','1,5','https://pokefanaticos.com/pokedex/assets/images/pokemon_imagenes/488.png','4');
Insert into USERDB.POKEMONES (ID,NOMBRE,NUMERO,PESO,TALLA,IMAGEN,GENERACION_ID) values ('489','PHIONE','489','3,1','0,4','https://pokefanaticos.com/pokedex/assets/images/pokemon_imagenes/489.png','4');
Insert into USERDB.POKEMONES (ID,NOMBRE,NUMERO,PESO,TALLA,IMAGEN,GENERACION_ID) values ('490','MANAPHY','490','1,4','0,3','https://pokefanaticos.com/pokedex/assets/images/pokemon_imagenes/490.png','4');
Insert into USERDB.POKEMONES (ID,NOMBRE,NUMERO,PESO,TALLA,IMAGEN,GENERACION_ID) values ('491','DARKRAI','491','50,5','1,5','https://pokefanaticos.com/pokedex/assets/images/pokemon_imagenes/491.png','4');
Insert into USERDB.POKEMONES (ID,NOMBRE,NUMERO,PESO,TALLA,IMAGEN,GENERACION_ID) values ('492','SHAYMIN','492','2,1','0,2','https://pokefanaticos.com/pokedex/assets/images/pokemon_imagenes/492.png','4');
Insert into USERDB.POKEMONES (ID,NOMBRE,NUMERO,PESO,TALLA,IMAGEN,GENERACION_ID) values ('493','ARCEUS','493','320','3,2','https://pokefanaticos.com/pokedex/assets/images/pokemon_imagenes/493.png','4');
Insert into USERDB.POKEMONES (ID,NOMBRE,NUMERO,PESO,TALLA,IMAGEN,GENERACION_ID) values ('494','VICTINI','494','4','0,4','https://pokefanaticos.com/pokedex/assets/images/pokemon_imagenes/494.png','5');
Insert into USERDB.POKEMONES (ID,NOMBRE,NUMERO,PESO,TALLA,IMAGEN,GENERACION_ID) values ('495','SNIVY','495','8,1','0,6','https://pokefanaticos.com/pokedex/assets/images/pokemon_imagenes/495.png','5');
Insert into USERDB.POKEMONES (ID,NOMBRE,NUMERO,PESO,TALLA,IMAGEN,GENERACION_ID) values ('496','SERVINE','496','16','0,8','https://pokefanaticos.com/pokedex/assets/images/pokemon_imagenes/496.png','5');
Insert into USERDB.POKEMONES (ID,NOMBRE,NUMERO,PESO,TALLA,IMAGEN,GENERACION_ID) values ('497','SERPERIOR','497','63','3,3','https://pokefanaticos.com/pokedex/assets/images/pokemon_imagenes/497.png','5');
Insert into USERDB.POKEMONES (ID,NOMBRE,NUMERO,PESO,TALLA,IMAGEN,GENERACION_ID) values ('498','TEPIG','498','9,9','0,5','https://pokefanaticos.com/pokedex/assets/images/pokemon_imagenes/498.png','5');
Insert into USERDB.POKEMONES (ID,NOMBRE,NUMERO,PESO,TALLA,IMAGEN,GENERACION_ID) values ('499','PIGNITE','499','55,5','1','https://pokefanaticos.com/pokedex/assets/images/pokemon_imagenes/499.png','5');
Insert into USERDB.POKEMONES (ID,NOMBRE,NUMERO,PESO,TALLA,IMAGEN,GENERACION_ID) values ('500','EMBOAR','500','150','1,6','https://pokefanaticos.com/pokedex/assets/images/pokemon_imagenes/500.png','5');
Insert into USERDB.POKEMONES (ID,NOMBRE,NUMERO,PESO,TALLA,IMAGEN,GENERACION_ID) values ('501','OSHAWOTT','501','5,9','0,5','https://pokefanaticos.com/pokedex/assets/images/pokemon_imagenes/501.png','5');
Insert into USERDB.POKEMONES (ID,NOMBRE,NUMERO,PESO,TALLA,IMAGEN,GENERACION_ID) values ('502','DEWOTT','502','24,5','0,8','https://pokefanaticos.com/pokedex/assets/images/pokemon_imagenes/502.png','5');
Insert into USERDB.POKEMONES (ID,NOMBRE,NUMERO,PESO,TALLA,IMAGEN,GENERACION_ID) values ('503','SAMUROTT','503','94,6','1,5','https://pokefanaticos.com/pokedex/assets/images/pokemon_imagenes/503.png','5');
Insert into USERDB.POKEMONES (ID,NOMBRE,NUMERO,PESO,TALLA,IMAGEN,GENERACION_ID) values ('504','PATRAT','504','11,6','0,5','https://pokefanaticos.com/pokedex/assets/images/pokemon_imagenes/504.png','5');
Insert into USERDB.POKEMONES (ID,NOMBRE,NUMERO,PESO,TALLA,IMAGEN,GENERACION_ID) values ('505','WATCHOG','505','27','1,1','https://pokefanaticos.com/pokedex/assets/images/pokemon_imagenes/505.png','5');
Insert into USERDB.POKEMONES (ID,NOMBRE,NUMERO,PESO,TALLA,IMAGEN,GENERACION_ID) values ('506','LILLIPUP','506','4,1','0,4','https://pokefanaticos.com/pokedex/assets/images/pokemon_imagenes/506.png','5');
Insert into USERDB.POKEMONES (ID,NOMBRE,NUMERO,PESO,TALLA,IMAGEN,GENERACION_ID) values ('507','HERDIER','507','14,7','0,9','https://pokefanaticos.com/pokedex/assets/images/pokemon_imagenes/507.png','5');
Insert into USERDB.POKEMONES (ID,NOMBRE,NUMERO,PESO,TALLA,IMAGEN,GENERACION_ID) values ('508','STOUTLAND','508','61','1,2','https://pokefanaticos.com/pokedex/assets/images/pokemon_imagenes/508.png','5');
Insert into USERDB.POKEMONES (ID,NOMBRE,NUMERO,PESO,TALLA,IMAGEN,GENERACION_ID) values ('509','PURRLOIN','509','10,1','0,4','https://pokefanaticos.com/pokedex/assets/images/pokemon_imagenes/509.png','5');
Insert into USERDB.POKEMONES (ID,NOMBRE,NUMERO,PESO,TALLA,IMAGEN,GENERACION_ID) values ('510','LIEPARD','510','37,5','1,1','https://pokefanaticos.com/pokedex/assets/images/pokemon_imagenes/510.png','5');
Insert into USERDB.POKEMONES (ID,NOMBRE,NUMERO,PESO,TALLA,IMAGEN,GENERACION_ID) values ('511','PANSAGE','511','10,5','0,6','https://pokefanaticos.com/pokedex/assets/images/pokemon_imagenes/511.png','5');
Insert into USERDB.POKEMONES (ID,NOMBRE,NUMERO,PESO,TALLA,IMAGEN,GENERACION_ID) values ('512','SIMISAGE','512','30,5','1,1','https://pokefanaticos.com/pokedex/assets/images/pokemon_imagenes/512.png','5');
Insert into USERDB.POKEMONES (ID,NOMBRE,NUMERO,PESO,TALLA,IMAGEN,GENERACION_ID) values ('513','PANSEAR','513','11','0,6','https://pokefanaticos.com/pokedex/assets/images/pokemon_imagenes/513.png','5');
Insert into USERDB.POKEMONES (ID,NOMBRE,NUMERO,PESO,TALLA,IMAGEN,GENERACION_ID) values ('514','SIMISEAR','514','28','1','https://pokefanaticos.com/pokedex/assets/images/pokemon_imagenes/514.png','5');
Insert into USERDB.POKEMONES (ID,NOMBRE,NUMERO,PESO,TALLA,IMAGEN,GENERACION_ID) values ('515','PANPOUR','515','13,5','0,6','https://pokefanaticos.com/pokedex/assets/images/pokemon_imagenes/515.png','5');
Insert into USERDB.POKEMONES (ID,NOMBRE,NUMERO,PESO,TALLA,IMAGEN,GENERACION_ID) values ('516','SIMIPOUR','516','29','1','https://pokefanaticos.com/pokedex/assets/images/pokemon_imagenes/516.png','5');
Insert into USERDB.POKEMONES (ID,NOMBRE,NUMERO,PESO,TALLA,IMAGEN,GENERACION_ID) values ('517','MUNNA','517','23,3','0,6','https://pokefanaticos.com/pokedex/assets/images/pokemon_imagenes/517.png','5');
Insert into USERDB.POKEMONES (ID,NOMBRE,NUMERO,PESO,TALLA,IMAGEN,GENERACION_ID) values ('518','MUSHARNA','518','60,5','1,1','https://pokefanaticos.com/pokedex/assets/images/pokemon_imagenes/518.png','5');
Insert into USERDB.POKEMONES (ID,NOMBRE,NUMERO,PESO,TALLA,IMAGEN,GENERACION_ID) values ('519','PIDOVE','519','2,1','0,3','https://pokefanaticos.com/pokedex/assets/images/pokemon_imagenes/519.png','5');
Insert into USERDB.POKEMONES (ID,NOMBRE,NUMERO,PESO,TALLA,IMAGEN,GENERACION_ID) values ('520','TRANQUILL','520','15','0,6','https://pokefanaticos.com/pokedex/assets/images/pokemon_imagenes/520.png','5');
Insert into USERDB.POKEMONES (ID,NOMBRE,NUMERO,PESO,TALLA,IMAGEN,GENERACION_ID) values ('521','UNFEZANT','521','29','1,2','https://pokefanaticos.com/pokedex/assets/images/pokemon_imagenes/521.png','5');
Insert into USERDB.POKEMONES (ID,NOMBRE,NUMERO,PESO,TALLA,IMAGEN,GENERACION_ID) values ('522','BLITZLE','522','29,8','0,8','https://pokefanaticos.com/pokedex/assets/images/pokemon_imagenes/522.png','5');
Insert into USERDB.POKEMONES (ID,NOMBRE,NUMERO,PESO,TALLA,IMAGEN,GENERACION_ID) values ('523','ZEBSTRIKA','523','79,5','1,6','https://pokefanaticos.com/pokedex/assets/images/pokemon_imagenes/523.png','5');
Insert into USERDB.POKEMONES (ID,NOMBRE,NUMERO,PESO,TALLA,IMAGEN,GENERACION_ID) values ('524','ROGGENROLA','524','18','0,4','https://pokefanaticos.com/pokedex/assets/images/pokemon_imagenes/524.png','5');
Insert into USERDB.POKEMONES (ID,NOMBRE,NUMERO,PESO,TALLA,IMAGEN,GENERACION_ID) values ('525','BOLDORE','525','102','0,9','https://pokefanaticos.com/pokedex/assets/images/pokemon_imagenes/525.png','5');
Insert into USERDB.POKEMONES (ID,NOMBRE,NUMERO,PESO,TALLA,IMAGEN,GENERACION_ID) values ('526','GIGALITH','526','260','1,7','https://pokefanaticos.com/pokedex/assets/images/pokemon_imagenes/526.png','5');
Insert into USERDB.POKEMONES (ID,NOMBRE,NUMERO,PESO,TALLA,IMAGEN,GENERACION_ID) values ('527','WOOBAT','527','2,1','0,4','https://pokefanaticos.com/pokedex/assets/images/pokemon_imagenes/527.png','5');
Insert into USERDB.POKEMONES (ID,NOMBRE,NUMERO,PESO,TALLA,IMAGEN,GENERACION_ID) values ('528','SWOOBAT','528','10,5','0,9','https://pokefanaticos.com/pokedex/assets/images/pokemon_imagenes/528.png','5');
Insert into USERDB.POKEMONES (ID,NOMBRE,NUMERO,PESO,TALLA,IMAGEN,GENERACION_ID) values ('529','DRILBUR','529','8,5','0,3','https://pokefanaticos.com/pokedex/assets/images/pokemon_imagenes/529.png','5');
Insert into USERDB.POKEMONES (ID,NOMBRE,NUMERO,PESO,TALLA,IMAGEN,GENERACION_ID) values ('530','EXCADRILL','530','40,4','0,7','https://pokefanaticos.com/pokedex/assets/images/pokemon_imagenes/530.png','5');
Insert into USERDB.POKEMONES (ID,NOMBRE,NUMERO,PESO,TALLA,IMAGEN,GENERACION_ID) values ('531','AUDINO','531','31','1,1','https://pokefanaticos.com/pokedex/assets/images/pokemon_imagenes/531.png','5');
Insert into USERDB.POKEMONES (ID,NOMBRE,NUMERO,PESO,TALLA,IMAGEN,GENERACION_ID) values ('532','TIMBURR','532','12,5','0,6','https://pokefanaticos.com/pokedex/assets/images/pokemon_imagenes/532.png','5');
Insert into USERDB.POKEMONES (ID,NOMBRE,NUMERO,PESO,TALLA,IMAGEN,GENERACION_ID) values ('533','GURDURR','533','40','1,2','https://pokefanaticos.com/pokedex/assets/images/pokemon_imagenes/533.png','5');
Insert into USERDB.POKEMONES (ID,NOMBRE,NUMERO,PESO,TALLA,IMAGEN,GENERACION_ID) values ('534','CONKELDURR','534','87','1,4','https://pokefanaticos.com/pokedex/assets/images/pokemon_imagenes/534.png','5');
Insert into USERDB.POKEMONES (ID,NOMBRE,NUMERO,PESO,TALLA,IMAGEN,GENERACION_ID) values ('535','TYMPOLE','535','4,5','0,5','https://pokefanaticos.com/pokedex/assets/images/pokemon_imagenes/535.png','5');
Insert into USERDB.POKEMONES (ID,NOMBRE,NUMERO,PESO,TALLA,IMAGEN,GENERACION_ID) values ('536','PALPITOAD','536','17','0,8','https://pokefanaticos.com/pokedex/assets/images/pokemon_imagenes/536.png','5');
Insert into USERDB.POKEMONES (ID,NOMBRE,NUMERO,PESO,TALLA,IMAGEN,GENERACION_ID) values ('537','SEISMITOAD','537','62','1,5','https://pokefanaticos.com/pokedex/assets/images/pokemon_imagenes/537.png','5');
Insert into USERDB.POKEMONES (ID,NOMBRE,NUMERO,PESO,TALLA,IMAGEN,GENERACION_ID) values ('538','THROH','538','55,5','1,3','https://pokefanaticos.com/pokedex/assets/images/pokemon_imagenes/538.png','5');
Insert into USERDB.POKEMONES (ID,NOMBRE,NUMERO,PESO,TALLA,IMAGEN,GENERACION_ID) values ('539','SAWK','539','51','1,4','https://pokefanaticos.com/pokedex/assets/images/pokemon_imagenes/539.png','5');
Insert into USERDB.POKEMONES (ID,NOMBRE,NUMERO,PESO,TALLA,IMAGEN,GENERACION_ID) values ('540','SEWADDLE','540','2,5','0,3','https://pokefanaticos.com/pokedex/assets/images/pokemon_imagenes/540.png','5');
Insert into USERDB.POKEMONES (ID,NOMBRE,NUMERO,PESO,TALLA,IMAGEN,GENERACION_ID) values ('541','SWADLOON','541','7,3','0,5','https://pokefanaticos.com/pokedex/assets/images/pokemon_imagenes/541.png','5');
Insert into USERDB.POKEMONES (ID,NOMBRE,NUMERO,PESO,TALLA,IMAGEN,GENERACION_ID) values ('542','LEAVANNY','542','20,5','1,2','https://pokefanaticos.com/pokedex/assets/images/pokemon_imagenes/542.png','5');
Insert into USERDB.POKEMONES (ID,NOMBRE,NUMERO,PESO,TALLA,IMAGEN,GENERACION_ID) values ('543','VENIPEDE','543','5,3','0,4','https://pokefanaticos.com/pokedex/assets/images/pokemon_imagenes/543.png','5');
Insert into USERDB.POKEMONES (ID,NOMBRE,NUMERO,PESO,TALLA,IMAGEN,GENERACION_ID) values ('544','WHIRLIPEDE','544','58,5','1,2','https://pokefanaticos.com/pokedex/assets/images/pokemon_imagenes/544.png','5');
Insert into USERDB.POKEMONES (ID,NOMBRE,NUMERO,PESO,TALLA,IMAGEN,GENERACION_ID) values ('545','SCOLIPEDE','545','200,5','2,5','https://pokefanaticos.com/pokedex/assets/images/pokemon_imagenes/545.png','5');
Insert into USERDB.POKEMONES (ID,NOMBRE,NUMERO,PESO,TALLA,IMAGEN,GENERACION_ID) values ('546','COTTONEE','546','0,6','0,3','https://pokefanaticos.com/pokedex/assets/images/pokemon_imagenes/546.png','5');
Insert into USERDB.POKEMONES (ID,NOMBRE,NUMERO,PESO,TALLA,IMAGEN,GENERACION_ID) values ('547','WHIMSICOTT','547','6,6','0,7','https://pokefanaticos.com/pokedex/assets/images/pokemon_imagenes/547.png','5');
Insert into USERDB.POKEMONES (ID,NOMBRE,NUMERO,PESO,TALLA,IMAGEN,GENERACION_ID) values ('548','PETILIL','548','6,6','0,5','https://pokefanaticos.com/pokedex/assets/images/pokemon_imagenes/548.png','5');
Insert into USERDB.POKEMONES (ID,NOMBRE,NUMERO,PESO,TALLA,IMAGEN,GENERACION_ID) values ('549','LILLIGANT','549','16,3','1,1','https://pokefanaticos.com/pokedex/assets/images/pokemon_imagenes/549.png','5');
Insert into USERDB.POKEMONES (ID,NOMBRE,NUMERO,PESO,TALLA,IMAGEN,GENERACION_ID) values ('550','BASCULIN','550','18','1','https://pokefanaticos.com/pokedex/assets/images/pokemon_imagenes/550.png','5');
Insert into USERDB.POKEMONES (ID,NOMBRE,NUMERO,PESO,TALLA,IMAGEN,GENERACION_ID) values ('551','SANDILE','551','15,2','0,7','https://pokefanaticos.com/pokedex/assets/images/pokemon_imagenes/551.png','5');
Insert into USERDB.POKEMONES (ID,NOMBRE,NUMERO,PESO,TALLA,IMAGEN,GENERACION_ID) values ('552','KROKOROK','552','33,4','1','https://pokefanaticos.com/pokedex/assets/images/pokemon_imagenes/552.png','5');
Insert into USERDB.POKEMONES (ID,NOMBRE,NUMERO,PESO,TALLA,IMAGEN,GENERACION_ID) values ('553','KROOKODILE','553','96,3','1,5','https://pokefanaticos.com/pokedex/assets/images/pokemon_imagenes/553.png','5');
Insert into USERDB.POKEMONES (ID,NOMBRE,NUMERO,PESO,TALLA,IMAGEN,GENERACION_ID) values ('554','DARUMAKA','554','37,5','0,6','https://pokefanaticos.com/pokedex/assets/images/pokemon_imagenes/554.png','5');
Insert into USERDB.POKEMONES (ID,NOMBRE,NUMERO,PESO,TALLA,IMAGEN,GENERACION_ID) values ('555','DARMANITAN','555','92,9','1,3','https://pokefanaticos.com/pokedex/assets/images/pokemon_imagenes/555.png','5');
Insert into USERDB.POKEMONES (ID,NOMBRE,NUMERO,PESO,TALLA,IMAGEN,GENERACION_ID) values ('556','MARACTUS','556','28','1','https://pokefanaticos.com/pokedex/assets/images/pokemon_imagenes/556.png','5');
Insert into USERDB.POKEMONES (ID,NOMBRE,NUMERO,PESO,TALLA,IMAGEN,GENERACION_ID) values ('557','DWEBBLE','557','14,5','0,3','https://pokefanaticos.com/pokedex/assets/images/pokemon_imagenes/557.png','5');
Insert into USERDB.POKEMONES (ID,NOMBRE,NUMERO,PESO,TALLA,IMAGEN,GENERACION_ID) values ('558','CRUSTLE','558','200','1,4','https://pokefanaticos.com/pokedex/assets/images/pokemon_imagenes/558.png','5');
Insert into USERDB.POKEMONES (ID,NOMBRE,NUMERO,PESO,TALLA,IMAGEN,GENERACION_ID) values ('559','SCRAGGY','559','11,8','0,6','https://pokefanaticos.com/pokedex/assets/images/pokemon_imagenes/559.png','5');
Insert into USERDB.POKEMONES (ID,NOMBRE,NUMERO,PESO,TALLA,IMAGEN,GENERACION_ID) values ('560','SCRAFTY','560','30','1,1','https://pokefanaticos.com/pokedex/assets/images/pokemon_imagenes/560.png','5');
Insert into USERDB.POKEMONES (ID,NOMBRE,NUMERO,PESO,TALLA,IMAGEN,GENERACION_ID) values ('561','SIGILYPH','561','14','1,4','https://pokefanaticos.com/pokedex/assets/images/pokemon_imagenes/561.png','5');
Insert into USERDB.POKEMONES (ID,NOMBRE,NUMERO,PESO,TALLA,IMAGEN,GENERACION_ID) values ('562','YAMASK','562','1,5','0,5','https://pokefanaticos.com/pokedex/assets/images/pokemon_imagenes/562.png','5');
Insert into USERDB.POKEMONES (ID,NOMBRE,NUMERO,PESO,TALLA,IMAGEN,GENERACION_ID) values ('563','COFAGRIGUS','563','76,5','1,7','https://pokefanaticos.com/pokedex/assets/images/pokemon_imagenes/563.png','5');
Insert into USERDB.POKEMONES (ID,NOMBRE,NUMERO,PESO,TALLA,IMAGEN,GENERACION_ID) values ('564','TIRTOUGA','564','16,5','0,7','https://pokefanaticos.com/pokedex/assets/images/pokemon_imagenes/564.png','5');
Insert into USERDB.POKEMONES (ID,NOMBRE,NUMERO,PESO,TALLA,IMAGEN,GENERACION_ID) values ('565','CARRACOSTA','565','81','1,2','https://pokefanaticos.com/pokedex/assets/images/pokemon_imagenes/565.png','5');
Insert into USERDB.POKEMONES (ID,NOMBRE,NUMERO,PESO,TALLA,IMAGEN,GENERACION_ID) values ('566','ARCHEN','566','9,5','0,5','https://pokefanaticos.com/pokedex/assets/images/pokemon_imagenes/566.png','5');
Insert into USERDB.POKEMONES (ID,NOMBRE,NUMERO,PESO,TALLA,IMAGEN,GENERACION_ID) values ('567','ARCHEOPS','567','32','1,4','https://pokefanaticos.com/pokedex/assets/images/pokemon_imagenes/567.png','5');
Insert into USERDB.POKEMONES (ID,NOMBRE,NUMERO,PESO,TALLA,IMAGEN,GENERACION_ID) values ('568','TRUBBISH','568','31','0,6','https://pokefanaticos.com/pokedex/assets/images/pokemon_imagenes/568.png','5');
Insert into USERDB.POKEMONES (ID,NOMBRE,NUMERO,PESO,TALLA,IMAGEN,GENERACION_ID) values ('569','GARBODOR','569','107,3','1,9','https://pokefanaticos.com/pokedex/assets/images/pokemon_imagenes/569.png','5');
Insert into USERDB.POKEMONES (ID,NOMBRE,NUMERO,PESO,TALLA,IMAGEN,GENERACION_ID) values ('570','ZORUA','570','12,5','0,7','https://pokefanaticos.com/pokedex/assets/images/pokemon_imagenes/570.png','5');
Insert into USERDB.POKEMONES (ID,NOMBRE,NUMERO,PESO,TALLA,IMAGEN,GENERACION_ID) values ('571','ZOROARK','571','81,1','1,6','https://pokefanaticos.com/pokedex/assets/images/pokemon_imagenes/571.png','5');
Insert into USERDB.POKEMONES (ID,NOMBRE,NUMERO,PESO,TALLA,IMAGEN,GENERACION_ID) values ('572','MINCCINO','572','5,8','0,4','https://pokefanaticos.com/pokedex/assets/images/pokemon_imagenes/572.png','5');
Insert into USERDB.POKEMONES (ID,NOMBRE,NUMERO,PESO,TALLA,IMAGEN,GENERACION_ID) values ('573','CINCCINO','573','7,5','0,5','https://pokefanaticos.com/pokedex/assets/images/pokemon_imagenes/573.png','5');
Insert into USERDB.POKEMONES (ID,NOMBRE,NUMERO,PESO,TALLA,IMAGEN,GENERACION_ID) values ('574','GOTHITA','574','5,8','0,4','https://pokefanaticos.com/pokedex/assets/images/pokemon_imagenes/574.png','5');
Insert into USERDB.POKEMONES (ID,NOMBRE,NUMERO,PESO,TALLA,IMAGEN,GENERACION_ID) values ('575','GOTHORITA','575','18','0,7','https://pokefanaticos.com/pokedex/assets/images/pokemon_imagenes/575.png','5');
Insert into USERDB.POKEMONES (ID,NOMBRE,NUMERO,PESO,TALLA,IMAGEN,GENERACION_ID) values ('576','GOTHITELLE','576','44','1,5','https://pokefanaticos.com/pokedex/assets/images/pokemon_imagenes/576.png','5');
Insert into USERDB.POKEMONES (ID,NOMBRE,NUMERO,PESO,TALLA,IMAGEN,GENERACION_ID) values ('577','SOLOSIS','577','1','0,3','https://pokefanaticos.com/pokedex/assets/images/pokemon_imagenes/577.png','5');
Insert into USERDB.POKEMONES (ID,NOMBRE,NUMERO,PESO,TALLA,IMAGEN,GENERACION_ID) values ('578','DUOSION','578','8','0,6','https://pokefanaticos.com/pokedex/assets/images/pokemon_imagenes/578.png','5');
Insert into USERDB.POKEMONES (ID,NOMBRE,NUMERO,PESO,TALLA,IMAGEN,GENERACION_ID) values ('579','REUNICLUS','579','20,1','1','https://pokefanaticos.com/pokedex/assets/images/pokemon_imagenes/579.png','5');
Insert into USERDB.POKEMONES (ID,NOMBRE,NUMERO,PESO,TALLA,IMAGEN,GENERACION_ID) values ('580','DUCKLETT','580','5,5','0,5','https://pokefanaticos.com/pokedex/assets/images/pokemon_imagenes/580.png','5');
Insert into USERDB.POKEMONES (ID,NOMBRE,NUMERO,PESO,TALLA,IMAGEN,GENERACION_ID) values ('581','SWANNA','581','24,2','1,3','https://pokefanaticos.com/pokedex/assets/images/pokemon_imagenes/581.png','5');
Insert into USERDB.POKEMONES (ID,NOMBRE,NUMERO,PESO,TALLA,IMAGEN,GENERACION_ID) values ('582','VANILLITE','582','5,7','0,4','https://pokefanaticos.com/pokedex/assets/images/pokemon_imagenes/582.png','5');
Insert into USERDB.POKEMONES (ID,NOMBRE,NUMERO,PESO,TALLA,IMAGEN,GENERACION_ID) values ('583','VANILLISH','583','41','1,1','https://pokefanaticos.com/pokedex/assets/images/pokemon_imagenes/583.png','5');
Insert into USERDB.POKEMONES (ID,NOMBRE,NUMERO,PESO,TALLA,IMAGEN,GENERACION_ID) values ('584','VANILLUXE','584','57,5','1,3','https://pokefanaticos.com/pokedex/assets/images/pokemon_imagenes/584.png','5');
Insert into USERDB.POKEMONES (ID,NOMBRE,NUMERO,PESO,TALLA,IMAGEN,GENERACION_ID) values ('585','DEERLING','585','19,5','0,6','https://pokefanaticos.com/pokedex/assets/images/pokemon_imagenes/585.png','5');
Insert into USERDB.POKEMONES (ID,NOMBRE,NUMERO,PESO,TALLA,IMAGEN,GENERACION_ID) values ('586','SAWSBUCK','586','92,5','1,9','https://pokefanaticos.com/pokedex/assets/images/pokemon_imagenes/586.png','5');
Insert into USERDB.POKEMONES (ID,NOMBRE,NUMERO,PESO,TALLA,IMAGEN,GENERACION_ID) values ('587','EMOLGA','587','5','0,4','https://pokefanaticos.com/pokedex/assets/images/pokemon_imagenes/587.png','5');
Insert into USERDB.POKEMONES (ID,NOMBRE,NUMERO,PESO,TALLA,IMAGEN,GENERACION_ID) values ('588','KARRABLAST','588','5,9','0,5','https://pokefanaticos.com/pokedex/assets/images/pokemon_imagenes/588.png','5');
Insert into USERDB.POKEMONES (ID,NOMBRE,NUMERO,PESO,TALLA,IMAGEN,GENERACION_ID) values ('589','ESCAVALIER','589','33','1','https://pokefanaticos.com/pokedex/assets/images/pokemon_imagenes/589.png','5');
Insert into USERDB.POKEMONES (ID,NOMBRE,NUMERO,PESO,TALLA,IMAGEN,GENERACION_ID) values ('590','FOONGUS','590','1','0,2','https://pokefanaticos.com/pokedex/assets/images/pokemon_imagenes/590.png','5');
Insert into USERDB.POKEMONES (ID,NOMBRE,NUMERO,PESO,TALLA,IMAGEN,GENERACION_ID) values ('591','AMOONGUSS','591','10,5','0,6','https://pokefanaticos.com/pokedex/assets/images/pokemon_imagenes/591.png','5');
Insert into USERDB.POKEMONES (ID,NOMBRE,NUMERO,PESO,TALLA,IMAGEN,GENERACION_ID) values ('592','FRILLISH','592','33','1,2','https://pokefanaticos.com/pokedex/assets/images/pokemon_imagenes/592.png','5');
Insert into USERDB.POKEMONES (ID,NOMBRE,NUMERO,PESO,TALLA,IMAGEN,GENERACION_ID) values ('593','JELLICENT','593','135','2,2','https://pokefanaticos.com/pokedex/assets/images/pokemon_imagenes/593.png','5');
Insert into USERDB.POKEMONES (ID,NOMBRE,NUMERO,PESO,TALLA,IMAGEN,GENERACION_ID) values ('594','ALOMOMOLA','594','31,6','1,2','https://pokefanaticos.com/pokedex/assets/images/pokemon_imagenes/594.png','5');
Insert into USERDB.POKEMONES (ID,NOMBRE,NUMERO,PESO,TALLA,IMAGEN,GENERACION_ID) values ('595','JOLTIK','595','0,6','0,1','https://pokefanaticos.com/pokedex/assets/images/pokemon_imagenes/595.png','5');
Insert into USERDB.POKEMONES (ID,NOMBRE,NUMERO,PESO,TALLA,IMAGEN,GENERACION_ID) values ('596','GALVANTULA','596','14,3','0,8','https://pokefanaticos.com/pokedex/assets/images/pokemon_imagenes/596.png','5');
Insert into USERDB.POKEMONES (ID,NOMBRE,NUMERO,PESO,TALLA,IMAGEN,GENERACION_ID) values ('597','FERROSEED','597','18,8','0,6','https://pokefanaticos.com/pokedex/assets/images/pokemon_imagenes/597.png','5');
Insert into USERDB.POKEMONES (ID,NOMBRE,NUMERO,PESO,TALLA,IMAGEN,GENERACION_ID) values ('598','FERROTHORN','598','110','1','https://pokefanaticos.com/pokedex/assets/images/pokemon_imagenes/598.png','5');
Insert into USERDB.POKEMONES (ID,NOMBRE,NUMERO,PESO,TALLA,IMAGEN,GENERACION_ID) values ('599','KLINK','599','21','0,3','https://pokefanaticos.com/pokedex/assets/images/pokemon_imagenes/599.png','5');
Insert into USERDB.POKEMONES (ID,NOMBRE,NUMERO,PESO,TALLA,IMAGEN,GENERACION_ID) values ('600','KLANG','600','51','0,6','https://pokefanaticos.com/pokedex/assets/images/pokemon_imagenes/600.png','5');
Insert into USERDB.POKEMONES (ID,NOMBRE,NUMERO,PESO,TALLA,IMAGEN,GENERACION_ID) values ('601','KLINKLANG','601','81','0,6','https://pokefanaticos.com/pokedex/assets/images/pokemon_imagenes/601.png','5');
Insert into USERDB.POKEMONES (ID,NOMBRE,NUMERO,PESO,TALLA,IMAGEN,GENERACION_ID) values ('602','TYNAMO','602','0,3','0,2','https://pokefanaticos.com/pokedex/assets/images/pokemon_imagenes/602.png','5');
Insert into USERDB.POKEMONES (ID,NOMBRE,NUMERO,PESO,TALLA,IMAGEN,GENERACION_ID) values ('603','EELEKTRIK','603','22','1,2','https://pokefanaticos.com/pokedex/assets/images/pokemon_imagenes/603.png','5');
Insert into USERDB.POKEMONES (ID,NOMBRE,NUMERO,PESO,TALLA,IMAGEN,GENERACION_ID) values ('604','EELEKTROSS','604','80,5','2,1','https://pokefanaticos.com/pokedex/assets/images/pokemon_imagenes/604.png','5');
Insert into USERDB.POKEMONES (ID,NOMBRE,NUMERO,PESO,TALLA,IMAGEN,GENERACION_ID) values ('605','ELGYEM','605','9','0,5','https://pokefanaticos.com/pokedex/assets/images/pokemon_imagenes/605.png','5');
Insert into USERDB.POKEMONES (ID,NOMBRE,NUMERO,PESO,TALLA,IMAGEN,GENERACION_ID) values ('606','BEHEEYEM','606','34,5','1','https://pokefanaticos.com/pokedex/assets/images/pokemon_imagenes/606.png','5');
Insert into USERDB.POKEMONES (ID,NOMBRE,NUMERO,PESO,TALLA,IMAGEN,GENERACION_ID) values ('607','LITWICK','607','3,1','0,3','https://pokefanaticos.com/pokedex/assets/images/pokemon_imagenes/607.png','5');
Insert into USERDB.POKEMONES (ID,NOMBRE,NUMERO,PESO,TALLA,IMAGEN,GENERACION_ID) values ('608','LAMPENT','608','13','0,6','https://pokefanaticos.com/pokedex/assets/images/pokemon_imagenes/608.png','5');
Insert into USERDB.POKEMONES (ID,NOMBRE,NUMERO,PESO,TALLA,IMAGEN,GENERACION_ID) values ('609','CHANDELURE','609','34,3','1','https://pokefanaticos.com/pokedex/assets/images/pokemon_imagenes/609.png','5');
Insert into USERDB.POKEMONES (ID,NOMBRE,NUMERO,PESO,TALLA,IMAGEN,GENERACION_ID) values ('610','AXEW','610','18','0,6','https://pokefanaticos.com/pokedex/assets/images/pokemon_imagenes/610.png','5');
Insert into USERDB.POKEMONES (ID,NOMBRE,NUMERO,PESO,TALLA,IMAGEN,GENERACION_ID) values ('611','FRAXURE','611','36','1','https://pokefanaticos.com/pokedex/assets/images/pokemon_imagenes/611.png','5');
Insert into USERDB.POKEMONES (ID,NOMBRE,NUMERO,PESO,TALLA,IMAGEN,GENERACION_ID) values ('612','HAXORUS','612','105,5','1,8','https://pokefanaticos.com/pokedex/assets/images/pokemon_imagenes/612.png','5');
Insert into USERDB.POKEMONES (ID,NOMBRE,NUMERO,PESO,TALLA,IMAGEN,GENERACION_ID) values ('613','CUBCHOO','613','8,5','0,5','https://pokefanaticos.com/pokedex/assets/images/pokemon_imagenes/613.png','5');
Insert into USERDB.POKEMONES (ID,NOMBRE,NUMERO,PESO,TALLA,IMAGEN,GENERACION_ID) values ('614','BEARTIC','614','260','2,6','https://pokefanaticos.com/pokedex/assets/images/pokemon_imagenes/614.png','5');
Insert into USERDB.POKEMONES (ID,NOMBRE,NUMERO,PESO,TALLA,IMAGEN,GENERACION_ID) values ('615','CRYOGONAL','615','148','1,1','https://pokefanaticos.com/pokedex/assets/images/pokemon_imagenes/615.png','5');
Insert into USERDB.POKEMONES (ID,NOMBRE,NUMERO,PESO,TALLA,IMAGEN,GENERACION_ID) values ('616','SHELMET','616','7,7','0,4','https://pokefanaticos.com/pokedex/assets/images/pokemon_imagenes/616.png','5');
Insert into USERDB.POKEMONES (ID,NOMBRE,NUMERO,PESO,TALLA,IMAGEN,GENERACION_ID) values ('617','ACCELGOR','617','25,3','0,8','https://pokefanaticos.com/pokedex/assets/images/pokemon_imagenes/617.png','5');
Insert into USERDB.POKEMONES (ID,NOMBRE,NUMERO,PESO,TALLA,IMAGEN,GENERACION_ID) values ('618','STUNFISK','618','11','0,7','https://pokefanaticos.com/pokedex/assets/images/pokemon_imagenes/618.png','5');
Insert into USERDB.POKEMONES (ID,NOMBRE,NUMERO,PESO,TALLA,IMAGEN,GENERACION_ID) values ('619','MIENFOO','619','20','0,9','https://pokefanaticos.com/pokedex/assets/images/pokemon_imagenes/619.png','5');
Insert into USERDB.POKEMONES (ID,NOMBRE,NUMERO,PESO,TALLA,IMAGEN,GENERACION_ID) values ('620','MIENSHAO','620','35,5','1,4','https://pokefanaticos.com/pokedex/assets/images/pokemon_imagenes/620.png','5');
Insert into USERDB.POKEMONES (ID,NOMBRE,NUMERO,PESO,TALLA,IMAGEN,GENERACION_ID) values ('621','DRUDDIGON','621','139','1,6','https://pokefanaticos.com/pokedex/assets/images/pokemon_imagenes/621.png','5');
Insert into USERDB.POKEMONES (ID,NOMBRE,NUMERO,PESO,TALLA,IMAGEN,GENERACION_ID) values ('622','GOLETT','622','92','1','https://pokefanaticos.com/pokedex/assets/images/pokemon_imagenes/622.png','5');
Insert into USERDB.POKEMONES (ID,NOMBRE,NUMERO,PESO,TALLA,IMAGEN,GENERACION_ID) values ('623','GOLURK','623','330','2,8','https://pokefanaticos.com/pokedex/assets/images/pokemon_imagenes/623.png','5');
Insert into USERDB.POKEMONES (ID,NOMBRE,NUMERO,PESO,TALLA,IMAGEN,GENERACION_ID) values ('624','PAWNIARD','624','10,2','0,5','https://pokefanaticos.com/pokedex/assets/images/pokemon_imagenes/624.png','5');
Insert into USERDB.POKEMONES (ID,NOMBRE,NUMERO,PESO,TALLA,IMAGEN,GENERACION_ID) values ('625','BISHARP','625','70','1,6','https://pokefanaticos.com/pokedex/assets/images/pokemon_imagenes/625.png','5');
Insert into USERDB.POKEMONES (ID,NOMBRE,NUMERO,PESO,TALLA,IMAGEN,GENERACION_ID) values ('626','BOUFFALANT','626','94,6','1,6','https://pokefanaticos.com/pokedex/assets/images/pokemon_imagenes/626.png','5');
Insert into USERDB.POKEMONES (ID,NOMBRE,NUMERO,PESO,TALLA,IMAGEN,GENERACION_ID) values ('627','RUFFLET','627','10,5','0,5','https://pokefanaticos.com/pokedex/assets/images/pokemon_imagenes/627.png','5');
Insert into USERDB.POKEMONES (ID,NOMBRE,NUMERO,PESO,TALLA,IMAGEN,GENERACION_ID) values ('628','BRAVIARY','628','41','1,5','https://pokefanaticos.com/pokedex/assets/images/pokemon_imagenes/628.png','5');
Insert into USERDB.POKEMONES (ID,NOMBRE,NUMERO,PESO,TALLA,IMAGEN,GENERACION_ID) values ('629','VULLABY','629','9','0,5','https://pokefanaticos.com/pokedex/assets/images/pokemon_imagenes/629.png','5');
Insert into USERDB.POKEMONES (ID,NOMBRE,NUMERO,PESO,TALLA,IMAGEN,GENERACION_ID) values ('630','MANDIBUZZ','630','39,5','1,2','https://pokefanaticos.com/pokedex/assets/images/pokemon_imagenes/630.png','5');
Insert into USERDB.POKEMONES (ID,NOMBRE,NUMERO,PESO,TALLA,IMAGEN,GENERACION_ID) values ('631','HEATMOR','631','58','1,4','https://pokefanaticos.com/pokedex/assets/images/pokemon_imagenes/631.png','5');
Insert into USERDB.POKEMONES (ID,NOMBRE,NUMERO,PESO,TALLA,IMAGEN,GENERACION_ID) values ('632','DURANT','632','33','0,3','https://pokefanaticos.com/pokedex/assets/images/pokemon_imagenes/632.png','5');
Insert into USERDB.POKEMONES (ID,NOMBRE,NUMERO,PESO,TALLA,IMAGEN,GENERACION_ID) values ('633','DEINO','633','17,3','0,8','https://pokefanaticos.com/pokedex/assets/images/pokemon_imagenes/633.png','5');
Insert into USERDB.POKEMONES (ID,NOMBRE,NUMERO,PESO,TALLA,IMAGEN,GENERACION_ID) values ('634','ZWEILOUS','634','50','1,4','https://pokefanaticos.com/pokedex/assets/images/pokemon_imagenes/634.png','5');
Insert into USERDB.POKEMONES (ID,NOMBRE,NUMERO,PESO,TALLA,IMAGEN,GENERACION_ID) values ('635','HYDREIGON','635','160','1,8','https://pokefanaticos.com/pokedex/assets/images/pokemon_imagenes/635.png','5');
Insert into USERDB.POKEMONES (ID,NOMBRE,NUMERO,PESO,TALLA,IMAGEN,GENERACION_ID) values ('636','LARVESTA','636','28,8','1,1','https://pokefanaticos.com/pokedex/assets/images/pokemon_imagenes/636.png','5');
Insert into USERDB.POKEMONES (ID,NOMBRE,NUMERO,PESO,TALLA,IMAGEN,GENERACION_ID) values ('637','VOLCARONA','637','46','1,6','https://pokefanaticos.com/pokedex/assets/images/pokemon_imagenes/637.png','5');
Insert into USERDB.POKEMONES (ID,NOMBRE,NUMERO,PESO,TALLA,IMAGEN,GENERACION_ID) values ('638','COBALION','638','250','2,1','https://pokefanaticos.com/pokedex/assets/images/pokemon_imagenes/638.png','5');
Insert into USERDB.POKEMONES (ID,NOMBRE,NUMERO,PESO,TALLA,IMAGEN,GENERACION_ID) values ('639','TERRAKION','639','260','1,9','https://pokefanaticos.com/pokedex/assets/images/pokemon_imagenes/639.png','5');
Insert into USERDB.POKEMONES (ID,NOMBRE,NUMERO,PESO,TALLA,IMAGEN,GENERACION_ID) values ('640','VIRIZION','640','200','2','https://pokefanaticos.com/pokedex/assets/images/pokemon_imagenes/640.png','5');
Insert into USERDB.POKEMONES (ID,NOMBRE,NUMERO,PESO,TALLA,IMAGEN,GENERACION_ID) values ('641','TORNADUS','641','63','1,5','https://pokefanaticos.com/pokedex/assets/images/pokemon_imagenes/641.png','5');
Insert into USERDB.POKEMONES (ID,NOMBRE,NUMERO,PESO,TALLA,IMAGEN,GENERACION_ID) values ('642','THUNDURUS','642','61','1,5','https://pokefanaticos.com/pokedex/assets/images/pokemon_imagenes/642.png','5');
Insert into USERDB.POKEMONES (ID,NOMBRE,NUMERO,PESO,TALLA,IMAGEN,GENERACION_ID) values ('643','RESHIRAM','643','330','3,2','https://pokefanaticos.com/pokedex/assets/images/pokemon_imagenes/643.png','5');
Insert into USERDB.POKEMONES (ID,NOMBRE,NUMERO,PESO,TALLA,IMAGEN,GENERACION_ID) values ('644','ZEKROM','644','345','2,9','https://pokefanaticos.com/pokedex/assets/images/pokemon_imagenes/644.png','5');
Insert into USERDB.POKEMONES (ID,NOMBRE,NUMERO,PESO,TALLA,IMAGEN,GENERACION_ID) values ('645','LANDORUS','645','68','1,5','https://pokefanaticos.com/pokedex/assets/images/pokemon_imagenes/645.png','5');
Insert into USERDB.POKEMONES (ID,NOMBRE,NUMERO,PESO,TALLA,IMAGEN,GENERACION_ID) values ('646','KYUREM','646','325','3','https://pokefanaticos.com/pokedex/assets/images/pokemon_imagenes/646.png','5');
Insert into USERDB.POKEMONES (ID,NOMBRE,NUMERO,PESO,TALLA,IMAGEN,GENERACION_ID) values ('647','KELDEO','647','48,5','1,4','https://pokefanaticos.com/pokedex/assets/images/pokemon_imagenes/647.png','5');
Insert into USERDB.POKEMONES (ID,NOMBRE,NUMERO,PESO,TALLA,IMAGEN,GENERACION_ID) values ('648','MELOETTA','648','6,5','0,6','https://pokefanaticos.com/pokedex/assets/images/pokemon_imagenes/648.png','5');
Insert into USERDB.POKEMONES (ID,NOMBRE,NUMERO,PESO,TALLA,IMAGEN,GENERACION_ID) values ('649','GENESECT','649','82,5','1,5','https://pokefanaticos.com/pokedex/assets/images/pokemon_imagenes/649.png','5');
Insert into USERDB.POKEMONES (ID,NOMBRE,NUMERO,PESO,TALLA,IMAGEN,GENERACION_ID) values ('650','CHESPIN','650','9','0,4','https://pokefanaticos.com/pokedex/assets/images/pokemon_imagenes/650.png','6');
Insert into USERDB.POKEMONES (ID,NOMBRE,NUMERO,PESO,TALLA,IMAGEN,GENERACION_ID) values ('651','QUILLADIN','651','29','0,7','https://pokefanaticos.com/pokedex/assets/images/pokemon_imagenes/651.png','6');
Insert into USERDB.POKEMONES (ID,NOMBRE,NUMERO,PESO,TALLA,IMAGEN,GENERACION_ID) values ('652','CHESNAUGHT','652','90','1,6','https://pokefanaticos.com/pokedex/assets/images/pokemon_imagenes/652.png','6');
Insert into USERDB.POKEMONES (ID,NOMBRE,NUMERO,PESO,TALLA,IMAGEN,GENERACION_ID) values ('653','FENNEKIN','653','9,4','0,4','https://pokefanaticos.com/pokedex/assets/images/pokemon_imagenes/653.png','6');
Insert into USERDB.POKEMONES (ID,NOMBRE,NUMERO,PESO,TALLA,IMAGEN,GENERACION_ID) values ('654','BRAIXEN','654','14,5','1','https://pokefanaticos.com/pokedex/assets/images/pokemon_imagenes/654.png','6');
Insert into USERDB.POKEMONES (ID,NOMBRE,NUMERO,PESO,TALLA,IMAGEN,GENERACION_ID) values ('655','DELPHOX','655','39','1,5','https://pokefanaticos.com/pokedex/assets/images/pokemon_imagenes/655.png','6');
Insert into USERDB.POKEMONES (ID,NOMBRE,NUMERO,PESO,TALLA,IMAGEN,GENERACION_ID) values ('656','FROAKIE','656','7','0,3','https://pokefanaticos.com/pokedex/assets/images/pokemon_imagenes/656.png','6');
Insert into USERDB.POKEMONES (ID,NOMBRE,NUMERO,PESO,TALLA,IMAGEN,GENERACION_ID) values ('657','FROGADIER','657','10,9','0,6','https://pokefanaticos.com/pokedex/assets/images/pokemon_imagenes/657.png','6');
Insert into USERDB.POKEMONES (ID,NOMBRE,NUMERO,PESO,TALLA,IMAGEN,GENERACION_ID) values ('658','GRENINJA','658','40','1,5','https://pokefanaticos.com/pokedex/assets/images/pokemon_imagenes/658.png','6');
Insert into USERDB.POKEMONES (ID,NOMBRE,NUMERO,PESO,TALLA,IMAGEN,GENERACION_ID) values ('659','BUNNELBY','659','5','0,4','https://pokefanaticos.com/pokedex/assets/images/pokemon_imagenes/659.png','6');
Insert into USERDB.POKEMONES (ID,NOMBRE,NUMERO,PESO,TALLA,IMAGEN,GENERACION_ID) values ('660','DIGGERSBY','660','42,4','1','https://pokefanaticos.com/pokedex/assets/images/pokemon_imagenes/660.png','6');
Insert into USERDB.POKEMONES (ID,NOMBRE,NUMERO,PESO,TALLA,IMAGEN,GENERACION_ID) values ('661','FLETCHLING','661','1,7','0,3','https://pokefanaticos.com/pokedex/assets/images/pokemon_imagenes/661.png','6');
Insert into USERDB.POKEMONES (ID,NOMBRE,NUMERO,PESO,TALLA,IMAGEN,GENERACION_ID) values ('662','FLETCHINDER','662','16','0,7','https://pokefanaticos.com/pokedex/assets/images/pokemon_imagenes/662.png','6');
Insert into USERDB.POKEMONES (ID,NOMBRE,NUMERO,PESO,TALLA,IMAGEN,GENERACION_ID) values ('663','TALONFLAME','663','24,5','1,2','https://pokefanaticos.com/pokedex/assets/images/pokemon_imagenes/663.png','6');
Insert into USERDB.POKEMONES (ID,NOMBRE,NUMERO,PESO,TALLA,IMAGEN,GENERACION_ID) values ('664','SCATTERBUG','664','2,5','0,3','https://pokefanaticos.com/pokedex/assets/images/pokemon_imagenes/664.png','6');
Insert into USERDB.POKEMONES (ID,NOMBRE,NUMERO,PESO,TALLA,IMAGEN,GENERACION_ID) values ('665','SPEWPA','665','8,4','0,3','https://pokefanaticos.com/pokedex/assets/images/pokemon_imagenes/665.png','6');
Insert into USERDB.POKEMONES (ID,NOMBRE,NUMERO,PESO,TALLA,IMAGEN,GENERACION_ID) values ('666','VIVILLON','666','17','1,2','https://pokefanaticos.com/pokedex/assets/images/pokemon_imagenes/666.png','6');
Insert into USERDB.POKEMONES (ID,NOMBRE,NUMERO,PESO,TALLA,IMAGEN,GENERACION_ID) values ('667','LITLEO','667','13,5','0,6','https://pokefanaticos.com/pokedex/assets/images/pokemon_imagenes/667.png','6');
Insert into USERDB.POKEMONES (ID,NOMBRE,NUMERO,PESO,TALLA,IMAGEN,GENERACION_ID) values ('668','PYROAR','668','81,5','1,5','https://pokefanaticos.com/pokedex/assets/images/pokemon_imagenes/668.png','6');
Insert into USERDB.POKEMONES (ID,NOMBRE,NUMERO,PESO,TALLA,IMAGEN,GENERACION_ID) values ('669','FLABB','669','0,1','0,1','https://pokefanaticos.com/pokedex/assets/images/pokemon_imagenes/669.png','6');
Insert into USERDB.POKEMONES (ID,NOMBRE,NUMERO,PESO,TALLA,IMAGEN,GENERACION_ID) values ('670','FLOETTE','670','0,9','0,2','https://pokefanaticos.com/pokedex/assets/images/pokemon_imagenes/670.png','6');
Insert into USERDB.POKEMONES (ID,NOMBRE,NUMERO,PESO,TALLA,IMAGEN,GENERACION_ID) values ('671','FLORGES','671','10','1,1','https://pokefanaticos.com/pokedex/assets/images/pokemon_imagenes/671.png','6');
Insert into USERDB.POKEMONES (ID,NOMBRE,NUMERO,PESO,TALLA,IMAGEN,GENERACION_ID) values ('672','SKIDDO','672','31','0,9','https://pokefanaticos.com/pokedex/assets/images/pokemon_imagenes/672.png','6');
Insert into USERDB.POKEMONES (ID,NOMBRE,NUMERO,PESO,TALLA,IMAGEN,GENERACION_ID) values ('673','GOGOAT','673','91','1,7','https://pokefanaticos.com/pokedex/assets/images/pokemon_imagenes/673.png','6');
Insert into USERDB.POKEMONES (ID,NOMBRE,NUMERO,PESO,TALLA,IMAGEN,GENERACION_ID) values ('674','PANCHAM','674','8','0,6','https://pokefanaticos.com/pokedex/assets/images/pokemon_imagenes/674.png','6');
Insert into USERDB.POKEMONES (ID,NOMBRE,NUMERO,PESO,TALLA,IMAGEN,GENERACION_ID) values ('675','PANGORO','675','136','2,1','https://pokefanaticos.com/pokedex/assets/images/pokemon_imagenes/675.png','6');
Insert into USERDB.POKEMONES (ID,NOMBRE,NUMERO,PESO,TALLA,IMAGEN,GENERACION_ID) values ('676','FURFROU','676','28','1,2','https://pokefanaticos.com/pokedex/assets/images/pokemon_imagenes/676.png','6');
Insert into USERDB.POKEMONES (ID,NOMBRE,NUMERO,PESO,TALLA,IMAGEN,GENERACION_ID) values ('677','ESPURR','677','3,5','0,3','https://pokefanaticos.com/pokedex/assets/images/pokemon_imagenes/677.png','6');
Insert into USERDB.POKEMONES (ID,NOMBRE,NUMERO,PESO,TALLA,IMAGEN,GENERACION_ID) values ('678','MEOWSTIC','678','8,5','0,6','https://pokefanaticos.com/pokedex/assets/images/pokemon_imagenes/678.png','6');
Insert into USERDB.POKEMONES (ID,NOMBRE,NUMERO,PESO,TALLA,IMAGEN,GENERACION_ID) values ('679','HONEDGE','679','2','0,8','https://pokefanaticos.com/pokedex/assets/images/pokemon_imagenes/679.png','6');
Insert into USERDB.POKEMONES (ID,NOMBRE,NUMERO,PESO,TALLA,IMAGEN,GENERACION_ID) values ('680','DOUBLADE','680','4,5','0,8','https://pokefanaticos.com/pokedex/assets/images/pokemon_imagenes/680.png','6');
Insert into USERDB.POKEMONES (ID,NOMBRE,NUMERO,PESO,TALLA,IMAGEN,GENERACION_ID) values ('681','AEGISLASH','681','53','1,7','https://pokefanaticos.com/pokedex/assets/images/pokemon_imagenes/681.png','6');
Insert into USERDB.POKEMONES (ID,NOMBRE,NUMERO,PESO,TALLA,IMAGEN,GENERACION_ID) values ('682','SPRITZEE','682','0,5','0,2','https://pokefanaticos.com/pokedex/assets/images/pokemon_imagenes/682.png','6');
Insert into USERDB.POKEMONES (ID,NOMBRE,NUMERO,PESO,TALLA,IMAGEN,GENERACION_ID) values ('683','AROMATISSE','683','15,5','0,8','https://pokefanaticos.com/pokedex/assets/images/pokemon_imagenes/683.png','6');
Insert into USERDB.POKEMONES (ID,NOMBRE,NUMERO,PESO,TALLA,IMAGEN,GENERACION_ID) values ('684','SWIRLIX','684','3,5','0,4','https://pokefanaticos.com/pokedex/assets/images/pokemon_imagenes/684.png','6');
Insert into USERDB.POKEMONES (ID,NOMBRE,NUMERO,PESO,TALLA,IMAGEN,GENERACION_ID) values ('685','SLURPUFF','685','5','0,8','https://pokefanaticos.com/pokedex/assets/images/pokemon_imagenes/685.png','6');
Insert into USERDB.POKEMONES (ID,NOMBRE,NUMERO,PESO,TALLA,IMAGEN,GENERACION_ID) values ('686','INKAY','686','3,5','0,4','https://pokefanaticos.com/pokedex/assets/images/pokemon_imagenes/686.png','6');
Insert into USERDB.POKEMONES (ID,NOMBRE,NUMERO,PESO,TALLA,IMAGEN,GENERACION_ID) values ('687','MALAMAR','687','47','1,5','https://pokefanaticos.com/pokedex/assets/images/pokemon_imagenes/687.png','6');
Insert into USERDB.POKEMONES (ID,NOMBRE,NUMERO,PESO,TALLA,IMAGEN,GENERACION_ID) values ('688','BINACLE','688','31','0,5','https://pokefanaticos.com/pokedex/assets/images/pokemon_imagenes/688.png','6');
Insert into USERDB.POKEMONES (ID,NOMBRE,NUMERO,PESO,TALLA,IMAGEN,GENERACION_ID) values ('689','BARBARACLE','689','96','1,3','https://pokefanaticos.com/pokedex/assets/images/pokemon_imagenes/689.png','6');
Insert into USERDB.POKEMONES (ID,NOMBRE,NUMERO,PESO,TALLA,IMAGEN,GENERACION_ID) values ('690','SKRELP','690','7,3','0,5','https://pokefanaticos.com/pokedex/assets/images/pokemon_imagenes/690.png','6');
Insert into USERDB.POKEMONES (ID,NOMBRE,NUMERO,PESO,TALLA,IMAGEN,GENERACION_ID) values ('691','DRAGALGE','691','81,5','1,8','https://pokefanaticos.com/pokedex/assets/images/pokemon_imagenes/691.png','6');
Insert into USERDB.POKEMONES (ID,NOMBRE,NUMERO,PESO,TALLA,IMAGEN,GENERACION_ID) values ('692','CLAUNCHER','692','8,3','0,5','https://pokefanaticos.com/pokedex/assets/images/pokemon_imagenes/692.png','6');
Insert into USERDB.POKEMONES (ID,NOMBRE,NUMERO,PESO,TALLA,IMAGEN,GENERACION_ID) values ('693','CLAWITZER','693','35,3','1,3','https://pokefanaticos.com/pokedex/assets/images/pokemon_imagenes/693.png','6');
Insert into USERDB.POKEMONES (ID,NOMBRE,NUMERO,PESO,TALLA,IMAGEN,GENERACION_ID) values ('694','HELIOPTILE','694','6','0,5','https://pokefanaticos.com/pokedex/assets/images/pokemon_imagenes/694.png','6');
Insert into USERDB.POKEMONES (ID,NOMBRE,NUMERO,PESO,TALLA,IMAGEN,GENERACION_ID) values ('349','FEEBAS','349','7,4','0,6','https://pokefanaticos.com/pokedex/assets/images/pokemon_imagenes/349.png','3');
Insert into USERDB.POKEMONES (ID,NOMBRE,NUMERO,PESO,TALLA,IMAGEN,GENERACION_ID) values ('350','MILOTIC','350','162','6,2','https://pokefanaticos.com/pokedex/assets/images/pokemon_imagenes/350.png','3');
Insert into USERDB.POKEMONES (ID,NOMBRE,NUMERO,PESO,TALLA,IMAGEN,GENERACION_ID) values ('351','CASTFORM','351','0,8','0,3','https://pokefanaticos.com/pokedex/assets/images/pokemon_imagenes/351.png','3');
Insert into USERDB.POKEMONES (ID,NOMBRE,NUMERO,PESO,TALLA,IMAGEN,GENERACION_ID) values ('352','KECLEON','352','22','1','https://pokefanaticos.com/pokedex/assets/images/pokemon_imagenes/352.png','3');
Insert into USERDB.POKEMONES (ID,NOMBRE,NUMERO,PESO,TALLA,IMAGEN,GENERACION_ID) values ('353','SHUPPET','353','2,3','0,6','https://pokefanaticos.com/pokedex/assets/images/pokemon_imagenes/353.png','3');
Insert into USERDB.POKEMONES (ID,NOMBRE,NUMERO,PESO,TALLA,IMAGEN,GENERACION_ID) values ('354','BANETTE','354','12,5','1,1','https://pokefanaticos.com/pokedex/assets/images/pokemon_imagenes/354.png','3');
Insert into USERDB.POKEMONES (ID,NOMBRE,NUMERO,PESO,TALLA,IMAGEN,GENERACION_ID) values ('355','DUSKULL','355','15','0,8','https://pokefanaticos.com/pokedex/assets/images/pokemon_imagenes/355.png','3');
Insert into USERDB.POKEMONES (ID,NOMBRE,NUMERO,PESO,TALLA,IMAGEN,GENERACION_ID) values ('356','DUSCLOPS','356','30,6','1,6','https://pokefanaticos.com/pokedex/assets/images/pokemon_imagenes/356.png','3');
Insert into USERDB.POKEMONES (ID,NOMBRE,NUMERO,PESO,TALLA,IMAGEN,GENERACION_ID) values ('357','TROPIUS','357','100','2','https://pokefanaticos.com/pokedex/assets/images/pokemon_imagenes/357.png','3');
Insert into USERDB.POKEMONES (ID,NOMBRE,NUMERO,PESO,TALLA,IMAGEN,GENERACION_ID) values ('358','CHIMECHO','358','1','0,6','https://pokefanaticos.com/pokedex/assets/images/pokemon_imagenes/358.png','3');
Insert into USERDB.POKEMONES (ID,NOMBRE,NUMERO,PESO,TALLA,IMAGEN,GENERACION_ID) values ('359','ABSOL','359','47','1,2','https://pokefanaticos.com/pokedex/assets/images/pokemon_imagenes/359.png','3');
Insert into USERDB.POKEMONES (ID,NOMBRE,NUMERO,PESO,TALLA,IMAGEN,GENERACION_ID) values ('360','WYNAUT','360','14','0,6','https://pokefanaticos.com/pokedex/assets/images/pokemon_imagenes/360.png','3');
Insert into USERDB.POKEMONES (ID,NOMBRE,NUMERO,PESO,TALLA,IMAGEN,GENERACION_ID) values ('361','SNORUNT','361','16,8','0,7','https://pokefanaticos.com/pokedex/assets/images/pokemon_imagenes/361.png','3');
Insert into USERDB.POKEMONES (ID,NOMBRE,NUMERO,PESO,TALLA,IMAGEN,GENERACION_ID) values ('362','GLALIE','362','256,5','1,5','https://pokefanaticos.com/pokedex/assets/images/pokemon_imagenes/362.png','3');
Insert into USERDB.POKEMONES (ID,NOMBRE,NUMERO,PESO,TALLA,IMAGEN,GENERACION_ID) values ('363','SPHEAL','363','39,5','0,8','https://pokefanaticos.com/pokedex/assets/images/pokemon_imagenes/363.png','3');
Insert into USERDB.POKEMONES (ID,NOMBRE,NUMERO,PESO,TALLA,IMAGEN,GENERACION_ID) values ('364','SEALEO','364','87,6','1,1','https://pokefanaticos.com/pokedex/assets/images/pokemon_imagenes/364.png','3');
Insert into USERDB.POKEMONES (ID,NOMBRE,NUMERO,PESO,TALLA,IMAGEN,GENERACION_ID) values ('365','WALREIN','365','150,6','1,4','https://pokefanaticos.com/pokedex/assets/images/pokemon_imagenes/365.png','3');
Insert into USERDB.POKEMONES (ID,NOMBRE,NUMERO,PESO,TALLA,IMAGEN,GENERACION_ID) values ('366','CLAMPERL','366','52,2','0,4','https://pokefanaticos.com/pokedex/assets/images/pokemon_imagenes/366.png','3');
Insert into USERDB.POKEMONES (ID,NOMBRE,NUMERO,PESO,TALLA,IMAGEN,GENERACION_ID) values ('367','HUNTAIL','367','27','1,7','https://pokefanaticos.com/pokedex/assets/images/pokemon_imagenes/367.png','3');
Insert into USERDB.POKEMONES (ID,NOMBRE,NUMERO,PESO,TALLA,IMAGEN,GENERACION_ID) values ('368','GOREBYSS','368','22,6','1,8','https://pokefanaticos.com/pokedex/assets/images/pokemon_imagenes/368.png','3');
Insert into USERDB.POKEMONES (ID,NOMBRE,NUMERO,PESO,TALLA,IMAGEN,GENERACION_ID) values ('369','RELICANTH','369','23,4','1','https://pokefanaticos.com/pokedex/assets/images/pokemon_imagenes/369.png','3');
Insert into USERDB.POKEMONES (ID,NOMBRE,NUMERO,PESO,TALLA,IMAGEN,GENERACION_ID) values ('370','LUVDISC','370','8,7','0,6','https://pokefanaticos.com/pokedex/assets/images/pokemon_imagenes/370.png','3');
Insert into USERDB.POKEMONES (ID,NOMBRE,NUMERO,PESO,TALLA,IMAGEN,GENERACION_ID) values ('371','BAGON','371','42,1','0,6','https://pokefanaticos.com/pokedex/assets/images/pokemon_imagenes/371.png','3');
Insert into USERDB.POKEMONES (ID,NOMBRE,NUMERO,PESO,TALLA,IMAGEN,GENERACION_ID) values ('372','SHELGON','372','110,5','1,1','https://pokefanaticos.com/pokedex/assets/images/pokemon_imagenes/372.png','3');
Insert into USERDB.POKEMONES (ID,NOMBRE,NUMERO,PESO,TALLA,IMAGEN,GENERACION_ID) values ('373','SALAMENCE','373','102,6','1,5','https://pokefanaticos.com/pokedex/assets/images/pokemon_imagenes/373.png','3');
Insert into USERDB.POKEMONES (ID,NOMBRE,NUMERO,PESO,TALLA,IMAGEN,GENERACION_ID) values ('374','BELDUM','374','95,2','0,6','https://pokefanaticos.com/pokedex/assets/images/pokemon_imagenes/374.png','3');
Insert into USERDB.POKEMONES (ID,NOMBRE,NUMERO,PESO,TALLA,IMAGEN,GENERACION_ID) values ('375','METANG','375','202,5','1,2','https://pokefanaticos.com/pokedex/assets/images/pokemon_imagenes/375.png','3');
Insert into USERDB.POKEMONES (ID,NOMBRE,NUMERO,PESO,TALLA,IMAGEN,GENERACION_ID) values ('376','METAGROSS','376','550','1,6','https://pokefanaticos.com/pokedex/assets/images/pokemon_imagenes/376.png','3');
Insert into USERDB.POKEMONES (ID,NOMBRE,NUMERO,PESO,TALLA,IMAGEN,GENERACION_ID) values ('377','REGIROCK','377','230','1,7','https://pokefanaticos.com/pokedex/assets/images/pokemon_imagenes/377.png','3');
Insert into USERDB.POKEMONES (ID,NOMBRE,NUMERO,PESO,TALLA,IMAGEN,GENERACION_ID) values ('378','REGICE','378','175','1,8','https://pokefanaticos.com/pokedex/assets/images/pokemon_imagenes/378.png','3');
Insert into USERDB.POKEMONES (ID,NOMBRE,NUMERO,PESO,TALLA,IMAGEN,GENERACION_ID) values ('379','REGISTEEL','379','205','1,9','https://pokefanaticos.com/pokedex/assets/images/pokemon_imagenes/379.png','3');
Insert into USERDB.POKEMONES (ID,NOMBRE,NUMERO,PESO,TALLA,IMAGEN,GENERACION_ID) values ('380','LATIAS','380','40','1,4','https://pokefanaticos.com/pokedex/assets/images/pokemon_imagenes/380.png','3');
Insert into USERDB.POKEMONES (ID,NOMBRE,NUMERO,PESO,TALLA,IMAGEN,GENERACION_ID) values ('381','LATIOS','381','60','2','https://pokefanaticos.com/pokedex/assets/images/pokemon_imagenes/381.png','3');
Insert into USERDB.POKEMONES (ID,NOMBRE,NUMERO,PESO,TALLA,IMAGEN,GENERACION_ID) values ('382','KYOGRE','382','352','4,5','https://pokefanaticos.com/pokedex/assets/images/pokemon_imagenes/382.png','3');
Insert into USERDB.POKEMONES (ID,NOMBRE,NUMERO,PESO,TALLA,IMAGEN,GENERACION_ID) values ('383','GROUDON','383','950','3,5','https://pokefanaticos.com/pokedex/assets/images/pokemon_imagenes/383.png','3');
Insert into USERDB.POKEMONES (ID,NOMBRE,NUMERO,PESO,TALLA,IMAGEN,GENERACION_ID) values ('384','RAYQUAZA','384','206,5','7','https://pokefanaticos.com/pokedex/assets/images/pokemon_imagenes/384.png','3');
Insert into USERDB.POKEMONES (ID,NOMBRE,NUMERO,PESO,TALLA,IMAGEN,GENERACION_ID) values ('385','JIRACHI','385','1,1','0,3','https://pokefanaticos.com/pokedex/assets/images/pokemon_imagenes/385.png','3');
Insert into USERDB.POKEMONES (ID,NOMBRE,NUMERO,PESO,TALLA,IMAGEN,GENERACION_ID) values ('386','DEOXYS','386','60,8','1,7','https://pokefanaticos.com/pokedex/assets/images/pokemon_imagenes/386.png','3');
Insert into USERDB.POKEMONES (ID,NOMBRE,NUMERO,PESO,TALLA,IMAGEN,GENERACION_ID) values ('387','TURTWIG','387','10,2','0,4','https://pokefanaticos.com/pokedex/assets/images/pokemon_imagenes/387.png','4');
Insert into USERDB.POKEMONES (ID,NOMBRE,NUMERO,PESO,TALLA,IMAGEN,GENERACION_ID) values ('388','GROTLE','388','97','1,1','https://pokefanaticos.com/pokedex/assets/images/pokemon_imagenes/388.png','4');
Insert into USERDB.POKEMONES (ID,NOMBRE,NUMERO,PESO,TALLA,IMAGEN,GENERACION_ID) values ('389','TORTERRA','389','310','2,2','https://pokefanaticos.com/pokedex/assets/images/pokemon_imagenes/389.png','4');
Insert into USERDB.POKEMONES (ID,NOMBRE,NUMERO,PESO,TALLA,IMAGEN,GENERACION_ID) values ('390','CHIMCHAR','390','6,2','0,5','https://pokefanaticos.com/pokedex/assets/images/pokemon_imagenes/390.png','4');
Insert into USERDB.POKEMONES (ID,NOMBRE,NUMERO,PESO,TALLA,IMAGEN,GENERACION_ID) values ('391','MONFERNO','391','22','0,9','https://pokefanaticos.com/pokedex/assets/images/pokemon_imagenes/391.png','4');
Insert into USERDB.POKEMONES (ID,NOMBRE,NUMERO,PESO,TALLA,IMAGEN,GENERACION_ID) values ('392','INFERNAPE','392','55','1,2','https://pokefanaticos.com/pokedex/assets/images/pokemon_imagenes/392.png','4');
Insert into USERDB.POKEMONES (ID,NOMBRE,NUMERO,PESO,TALLA,IMAGEN,GENERACION_ID) values ('393','PIPLUP','393','5,2','0,4','https://pokefanaticos.com/pokedex/assets/images/pokemon_imagenes/393.png','4');
Insert into USERDB.POKEMONES (ID,NOMBRE,NUMERO,PESO,TALLA,IMAGEN,GENERACION_ID) values ('394','PRINPLUP','394','23','0,8','https://pokefanaticos.com/pokedex/assets/images/pokemon_imagenes/394.png','4');
Insert into USERDB.POKEMONES (ID,NOMBRE,NUMERO,PESO,TALLA,IMAGEN,GENERACION_ID) values ('395','EMPOLEON','395','84,5','1,7','https://pokefanaticos.com/pokedex/assets/images/pokemon_imagenes/395.png','4');
Insert into USERDB.POKEMONES (ID,NOMBRE,NUMERO,PESO,TALLA,IMAGEN,GENERACION_ID) values ('396','STARLY','396','2','0,3','https://pokefanaticos.com/pokedex/assets/images/pokemon_imagenes/396.png','4');
Insert into USERDB.POKEMONES (ID,NOMBRE,NUMERO,PESO,TALLA,IMAGEN,GENERACION_ID) values ('397','STARAVIA','397','15,5','0,6','https://pokefanaticos.com/pokedex/assets/images/pokemon_imagenes/397.png','4');
Insert into USERDB.POKEMONES (ID,NOMBRE,NUMERO,PESO,TALLA,IMAGEN,GENERACION_ID) values ('398','STARAPTOR','398','24,9','1,2','https://pokefanaticos.com/pokedex/assets/images/pokemon_imagenes/398.png','4');
Insert into USERDB.POKEMONES (ID,NOMBRE,NUMERO,PESO,TALLA,IMAGEN,GENERACION_ID) values ('399','BIDOOF','399','20','0,5','https://pokefanaticos.com/pokedex/assets/images/pokemon_imagenes/399.png','4');
Insert into USERDB.POKEMONES (ID,NOMBRE,NUMERO,PESO,TALLA,IMAGEN,GENERACION_ID) values ('400','BIBAREL','400','31,5','1','https://pokefanaticos.com/pokedex/assets/images/pokemon_imagenes/400.png','4');
Insert into USERDB.POKEMONES (ID,NOMBRE,NUMERO,PESO,TALLA,IMAGEN,GENERACION_ID) values ('401','KRICKETOT','401','2,2','0,3','https://pokefanaticos.com/pokedex/assets/images/pokemon_imagenes/401.png','4');
Insert into USERDB.POKEMONES (ID,NOMBRE,NUMERO,PESO,TALLA,IMAGEN,GENERACION_ID) values ('402','KRICKETUNE','402','25,5','1','https://pokefanaticos.com/pokedex/assets/images/pokemon_imagenes/402.png','4');
Insert into USERDB.POKEMONES (ID,NOMBRE,NUMERO,PESO,TALLA,IMAGEN,GENERACION_ID) values ('403','SHINX','403','9,5','0,5','https://pokefanaticos.com/pokedex/assets/images/pokemon_imagenes/403.png','4');
Insert into USERDB.POKEMONES (ID,NOMBRE,NUMERO,PESO,TALLA,IMAGEN,GENERACION_ID) values ('404','LUXIO','404','30,5','0,9','https://pokefanaticos.com/pokedex/assets/images/pokemon_imagenes/404.png','4');
Insert into USERDB.POKEMONES (ID,NOMBRE,NUMERO,PESO,TALLA,IMAGEN,GENERACION_ID) values ('405','LUXRAY','405','42','1,4','https://pokefanaticos.com/pokedex/assets/images/pokemon_imagenes/405.png','4');
Insert into USERDB.POKEMONES (ID,NOMBRE,NUMERO,PESO,TALLA,IMAGEN,GENERACION_ID) values ('406','BUDEW','406','1,2','0,2','https://pokefanaticos.com/pokedex/assets/images/pokemon_imagenes/406.png','4');
Insert into USERDB.POKEMONES (ID,NOMBRE,NUMERO,PESO,TALLA,IMAGEN,GENERACION_ID) values ('407','ROSERADE','407','14,5','0,9','https://pokefanaticos.com/pokedex/assets/images/pokemon_imagenes/407.png','4');
Insert into USERDB.POKEMONES (ID,NOMBRE,NUMERO,PESO,TALLA,IMAGEN,GENERACION_ID) values ('408','CRANIDOS','408','31,5','0,9','https://pokefanaticos.com/pokedex/assets/images/pokemon_imagenes/408.png','4');
Insert into USERDB.POKEMONES (ID,NOMBRE,NUMERO,PESO,TALLA,IMAGEN,GENERACION_ID) values ('409','RAMPARDOS','409','102,5','1,6','https://pokefanaticos.com/pokedex/assets/images/pokemon_imagenes/409.png','4');
Insert into USERDB.POKEMONES (ID,NOMBRE,NUMERO,PESO,TALLA,IMAGEN,GENERACION_ID) values ('410','SHIELDON','410','57','0,5','https://pokefanaticos.com/pokedex/assets/images/pokemon_imagenes/410.png','4');
Insert into USERDB.POKEMONES (ID,NOMBRE,NUMERO,PESO,TALLA,IMAGEN,GENERACION_ID) values ('411','BASTIODON','411','149,5','1,3','https://pokefanaticos.com/pokedex/assets/images/pokemon_imagenes/411.png','4');
Insert into USERDB.POKEMONES (ID,NOMBRE,NUMERO,PESO,TALLA,IMAGEN,GENERACION_ID) values ('412','BURMY','412','3,4','0,2','https://pokefanaticos.com/pokedex/assets/images/pokemon_imagenes/412.png','4');
Insert into USERDB.POKEMONES (ID,NOMBRE,NUMERO,PESO,TALLA,IMAGEN,GENERACION_ID) values ('413','WORMADAM','413','6,5','0,5','https://pokefanaticos.com/pokedex/assets/images/pokemon_imagenes/413.png','4');
Insert into USERDB.POKEMONES (ID,NOMBRE,NUMERO,PESO,TALLA,IMAGEN,GENERACION_ID) values ('414','MOTHIM','414','23,3','0,9','https://pokefanaticos.com/pokedex/assets/images/pokemon_imagenes/414.png','4');
Insert into USERDB.POKEMONES (ID,NOMBRE,NUMERO,PESO,TALLA,IMAGEN,GENERACION_ID) values ('415','COMBEE','415','5,5','0,3','https://pokefanaticos.com/pokedex/assets/images/pokemon_imagenes/415.png','4');
Insert into USERDB.POKEMONES (ID,NOMBRE,NUMERO,PESO,TALLA,IMAGEN,GENERACION_ID) values ('416','VESPIQUEN','416','38,5','1,2','https://pokefanaticos.com/pokedex/assets/images/pokemon_imagenes/416.png','4');
Insert into USERDB.POKEMONES (ID,NOMBRE,NUMERO,PESO,TALLA,IMAGEN,GENERACION_ID) values ('417','PACHIRISU','417','3,9','0,4','https://pokefanaticos.com/pokedex/assets/images/pokemon_imagenes/417.png','4');
REM INSERTING into USERDB.POKEMONES_TIPOS
SET DEFINE OFF;
Insert into USERDB.POKEMONES_TIPOS (ID,TIPO_ID,POKEMON_ID) values ('1639','1','1');
Insert into USERDB.POKEMONES_TIPOS (ID,TIPO_ID,POKEMON_ID) values ('1640','2','1');
Insert into USERDB.POKEMONES_TIPOS (ID,TIPO_ID,POKEMON_ID) values ('1641','1','2');
Insert into USERDB.POKEMONES_TIPOS (ID,TIPO_ID,POKEMON_ID) values ('1642','2','2');
Insert into USERDB.POKEMONES_TIPOS (ID,TIPO_ID,POKEMON_ID) values ('1643','1','3');
Insert into USERDB.POKEMONES_TIPOS (ID,TIPO_ID,POKEMON_ID) values ('1644','2','3');
Insert into USERDB.POKEMONES_TIPOS (ID,TIPO_ID,POKEMON_ID) values ('1645','3','4');
Insert into USERDB.POKEMONES_TIPOS (ID,TIPO_ID,POKEMON_ID) values ('1646','4','4');
Insert into USERDB.POKEMONES_TIPOS (ID,TIPO_ID,POKEMON_ID) values ('1647','3','5');
Insert into USERDB.POKEMONES_TIPOS (ID,TIPO_ID,POKEMON_ID) values ('1648','4','5');
Insert into USERDB.POKEMONES_TIPOS (ID,TIPO_ID,POKEMON_ID) values ('1649','3','6');
Insert into USERDB.POKEMONES_TIPOS (ID,TIPO_ID,POKEMON_ID) values ('1650','5','6');
Insert into USERDB.POKEMONES_TIPOS (ID,TIPO_ID,POKEMON_ID) values ('1651','6','7');
Insert into USERDB.POKEMONES_TIPOS (ID,TIPO_ID,POKEMON_ID) values ('1652','4','7');
Insert into USERDB.POKEMONES_TIPOS (ID,TIPO_ID,POKEMON_ID) values ('1653','6','8');
Insert into USERDB.POKEMONES_TIPOS (ID,TIPO_ID,POKEMON_ID) values ('1654','4','8');
Insert into USERDB.POKEMONES_TIPOS (ID,TIPO_ID,POKEMON_ID) values ('1655','6','9');
Insert into USERDB.POKEMONES_TIPOS (ID,TIPO_ID,POKEMON_ID) values ('1656','4','9');
Insert into USERDB.POKEMONES_TIPOS (ID,TIPO_ID,POKEMON_ID) values ('1657','7','10');
Insert into USERDB.POKEMONES_TIPOS (ID,TIPO_ID,POKEMON_ID) values ('1658','4','10');
Insert into USERDB.POKEMONES_TIPOS (ID,TIPO_ID,POKEMON_ID) values ('1659','7','11');
Insert into USERDB.POKEMONES_TIPOS (ID,TIPO_ID,POKEMON_ID) values ('1660','4','11');
Insert into USERDB.POKEMONES_TIPOS (ID,TIPO_ID,POKEMON_ID) values ('1661','7','12');
Insert into USERDB.POKEMONES_TIPOS (ID,TIPO_ID,POKEMON_ID) values ('1662','5','12');
Insert into USERDB.POKEMONES_TIPOS (ID,TIPO_ID,POKEMON_ID) values ('1663','7','13');
Insert into USERDB.POKEMONES_TIPOS (ID,TIPO_ID,POKEMON_ID) values ('1664','2','13');
Insert into USERDB.POKEMONES_TIPOS (ID,TIPO_ID,POKEMON_ID) values ('1665','7','14');
Insert into USERDB.POKEMONES_TIPOS (ID,TIPO_ID,POKEMON_ID) values ('1666','2','14');
Insert into USERDB.POKEMONES_TIPOS (ID,TIPO_ID,POKEMON_ID) values ('1667','7','15');
Insert into USERDB.POKEMONES_TIPOS (ID,TIPO_ID,POKEMON_ID) values ('1668','2','15');
Insert into USERDB.POKEMONES_TIPOS (ID,TIPO_ID,POKEMON_ID) values ('1669','8','16');
Insert into USERDB.POKEMONES_TIPOS (ID,TIPO_ID,POKEMON_ID) values ('1670','5','16');
Insert into USERDB.POKEMONES_TIPOS (ID,TIPO_ID,POKEMON_ID) values ('1671','8','17');
Insert into USERDB.POKEMONES_TIPOS (ID,TIPO_ID,POKEMON_ID) values ('1672','5','17');
Insert into USERDB.POKEMONES_TIPOS (ID,TIPO_ID,POKEMON_ID) values ('1673','8','18');
Insert into USERDB.POKEMONES_TIPOS (ID,TIPO_ID,POKEMON_ID) values ('1674','5','18');
Insert into USERDB.POKEMONES_TIPOS (ID,TIPO_ID,POKEMON_ID) values ('1675','8','19');
Insert into USERDB.POKEMONES_TIPOS (ID,TIPO_ID,POKEMON_ID) values ('1676','4','19');
Insert into USERDB.POKEMONES_TIPOS (ID,TIPO_ID,POKEMON_ID) values ('1677','8','20');
Insert into USERDB.POKEMONES_TIPOS (ID,TIPO_ID,POKEMON_ID) values ('1678','4','20');
Insert into USERDB.POKEMONES_TIPOS (ID,TIPO_ID,POKEMON_ID) values ('1679','8','21');
Insert into USERDB.POKEMONES_TIPOS (ID,TIPO_ID,POKEMON_ID) values ('1680','5','21');
Insert into USERDB.POKEMONES_TIPOS (ID,TIPO_ID,POKEMON_ID) values ('1681','8','22');
Insert into USERDB.POKEMONES_TIPOS (ID,TIPO_ID,POKEMON_ID) values ('1682','5','22');
Insert into USERDB.POKEMONES_TIPOS (ID,TIPO_ID,POKEMON_ID) values ('1683','2','23');
Insert into USERDB.POKEMONES_TIPOS (ID,TIPO_ID,POKEMON_ID) values ('1684','4','23');
Insert into USERDB.POKEMONES_TIPOS (ID,TIPO_ID,POKEMON_ID) values ('1685','2','24');
Insert into USERDB.POKEMONES_TIPOS (ID,TIPO_ID,POKEMON_ID) values ('1686','4','24');
Insert into USERDB.POKEMONES_TIPOS (ID,TIPO_ID,POKEMON_ID) values ('1687','9','25');
Insert into USERDB.POKEMONES_TIPOS (ID,TIPO_ID,POKEMON_ID) values ('1688','4','25');
Insert into USERDB.POKEMONES_TIPOS (ID,TIPO_ID,POKEMON_ID) values ('1689','9','26');
Insert into USERDB.POKEMONES_TIPOS (ID,TIPO_ID,POKEMON_ID) values ('1690','4','26');
Insert into USERDB.POKEMONES_TIPOS (ID,TIPO_ID,POKEMON_ID) values ('1691','10','27');
Insert into USERDB.POKEMONES_TIPOS (ID,TIPO_ID,POKEMON_ID) values ('1692','4','27');
Insert into USERDB.POKEMONES_TIPOS (ID,TIPO_ID,POKEMON_ID) values ('1693','10','28');
Insert into USERDB.POKEMONES_TIPOS (ID,TIPO_ID,POKEMON_ID) values ('1694','4','28');
Insert into USERDB.POKEMONES_TIPOS (ID,TIPO_ID,POKEMON_ID) values ('1695','2','29');
Insert into USERDB.POKEMONES_TIPOS (ID,TIPO_ID,POKEMON_ID) values ('1696','4','29');
Insert into USERDB.POKEMONES_TIPOS (ID,TIPO_ID,POKEMON_ID) values ('1697','2','30');
Insert into USERDB.POKEMONES_TIPOS (ID,TIPO_ID,POKEMON_ID) values ('1698','4','30');
Insert into USERDB.POKEMONES_TIPOS (ID,TIPO_ID,POKEMON_ID) values ('1699','2','31');
Insert into USERDB.POKEMONES_TIPOS (ID,TIPO_ID,POKEMON_ID) values ('1700','10','31');
Insert into USERDB.POKEMONES_TIPOS (ID,TIPO_ID,POKEMON_ID) values ('1701','2','32');
Insert into USERDB.POKEMONES_TIPOS (ID,TIPO_ID,POKEMON_ID) values ('1702','4','32');
Insert into USERDB.POKEMONES_TIPOS (ID,TIPO_ID,POKEMON_ID) values ('1703','2','33');
Insert into USERDB.POKEMONES_TIPOS (ID,TIPO_ID,POKEMON_ID) values ('1704','4','33');
Insert into USERDB.POKEMONES_TIPOS (ID,TIPO_ID,POKEMON_ID) values ('1705','2','34');
Insert into USERDB.POKEMONES_TIPOS (ID,TIPO_ID,POKEMON_ID) values ('1706','10','34');
Insert into USERDB.POKEMONES_TIPOS (ID,TIPO_ID,POKEMON_ID) values ('1707','11','35');
Insert into USERDB.POKEMONES_TIPOS (ID,TIPO_ID,POKEMON_ID) values ('1708','4','35');
Insert into USERDB.POKEMONES_TIPOS (ID,TIPO_ID,POKEMON_ID) values ('1709','11','36');
Insert into USERDB.POKEMONES_TIPOS (ID,TIPO_ID,POKEMON_ID) values ('1710','4','36');
Insert into USERDB.POKEMONES_TIPOS (ID,TIPO_ID,POKEMON_ID) values ('1711','3','37');
Insert into USERDB.POKEMONES_TIPOS (ID,TIPO_ID,POKEMON_ID) values ('1712','4','37');
Insert into USERDB.POKEMONES_TIPOS (ID,TIPO_ID,POKEMON_ID) values ('1713','3','38');
Insert into USERDB.POKEMONES_TIPOS (ID,TIPO_ID,POKEMON_ID) values ('1714','4','38');
Insert into USERDB.POKEMONES_TIPOS (ID,TIPO_ID,POKEMON_ID) values ('1715','8','39');
Insert into USERDB.POKEMONES_TIPOS (ID,TIPO_ID,POKEMON_ID) values ('1716','11','39');
Insert into USERDB.POKEMONES_TIPOS (ID,TIPO_ID,POKEMON_ID) values ('1717','8','40');
Insert into USERDB.POKEMONES_TIPOS (ID,TIPO_ID,POKEMON_ID) values ('1718','11','40');
Insert into USERDB.POKEMONES_TIPOS (ID,TIPO_ID,POKEMON_ID) values ('1719','2','41');
Insert into USERDB.POKEMONES_TIPOS (ID,TIPO_ID,POKEMON_ID) values ('1720','5','41');
Insert into USERDB.POKEMONES_TIPOS (ID,TIPO_ID,POKEMON_ID) values ('1721','2','42');
Insert into USERDB.POKEMONES_TIPOS (ID,TIPO_ID,POKEMON_ID) values ('1722','5','42');
Insert into USERDB.POKEMONES_TIPOS (ID,TIPO_ID,POKEMON_ID) values ('1723','1','43');
Insert into USERDB.POKEMONES_TIPOS (ID,TIPO_ID,POKEMON_ID) values ('1724','2','43');
Insert into USERDB.POKEMONES_TIPOS (ID,TIPO_ID,POKEMON_ID) values ('1725','1','44');
Insert into USERDB.POKEMONES_TIPOS (ID,TIPO_ID,POKEMON_ID) values ('1726','2','44');
Insert into USERDB.POKEMONES_TIPOS (ID,TIPO_ID,POKEMON_ID) values ('1727','1','45');
Insert into USERDB.POKEMONES_TIPOS (ID,TIPO_ID,POKEMON_ID) values ('1728','2','45');
Insert into USERDB.POKEMONES_TIPOS (ID,TIPO_ID,POKEMON_ID) values ('1729','7','46');
Insert into USERDB.POKEMONES_TIPOS (ID,TIPO_ID,POKEMON_ID) values ('1730','1','46');
Insert into USERDB.POKEMONES_TIPOS (ID,TIPO_ID,POKEMON_ID) values ('1731','7','47');
Insert into USERDB.POKEMONES_TIPOS (ID,TIPO_ID,POKEMON_ID) values ('1732','1','47');
Insert into USERDB.POKEMONES_TIPOS (ID,TIPO_ID,POKEMON_ID) values ('1733','7','48');
Insert into USERDB.POKEMONES_TIPOS (ID,TIPO_ID,POKEMON_ID) values ('1734','2','48');
Insert into USERDB.POKEMONES_TIPOS (ID,TIPO_ID,POKEMON_ID) values ('1735','7','49');
Insert into USERDB.POKEMONES_TIPOS (ID,TIPO_ID,POKEMON_ID) values ('1736','2','49');
Insert into USERDB.POKEMONES_TIPOS (ID,TIPO_ID,POKEMON_ID) values ('1737','10','50');
Insert into USERDB.POKEMONES_TIPOS (ID,TIPO_ID,POKEMON_ID) values ('1738','4','50');
Insert into USERDB.POKEMONES_TIPOS (ID,TIPO_ID,POKEMON_ID) values ('1739','10','51');
Insert into USERDB.POKEMONES_TIPOS (ID,TIPO_ID,POKEMON_ID) values ('1740','4','51');
Insert into USERDB.POKEMONES_TIPOS (ID,TIPO_ID,POKEMON_ID) values ('1741','8','52');
Insert into USERDB.POKEMONES_TIPOS (ID,TIPO_ID,POKEMON_ID) values ('1742','4','52');
Insert into USERDB.POKEMONES_TIPOS (ID,TIPO_ID,POKEMON_ID) values ('1743','8','53');
Insert into USERDB.POKEMONES_TIPOS (ID,TIPO_ID,POKEMON_ID) values ('1744','4','53');
Insert into USERDB.POKEMONES_TIPOS (ID,TIPO_ID,POKEMON_ID) values ('1745','6','54');
Insert into USERDB.POKEMONES_TIPOS (ID,TIPO_ID,POKEMON_ID) values ('1746','4','54');
Insert into USERDB.POKEMONES_TIPOS (ID,TIPO_ID,POKEMON_ID) values ('1747','6','55');
Insert into USERDB.POKEMONES_TIPOS (ID,TIPO_ID,POKEMON_ID) values ('1748','4','55');
Insert into USERDB.POKEMONES_TIPOS (ID,TIPO_ID,POKEMON_ID) values ('1749','12','56');
Insert into USERDB.POKEMONES_TIPOS (ID,TIPO_ID,POKEMON_ID) values ('1750','4','56');
Insert into USERDB.POKEMONES_TIPOS (ID,TIPO_ID,POKEMON_ID) values ('1751','12','57');
Insert into USERDB.POKEMONES_TIPOS (ID,TIPO_ID,POKEMON_ID) values ('1752','4','57');
Insert into USERDB.POKEMONES_TIPOS (ID,TIPO_ID,POKEMON_ID) values ('1753','3','58');
Insert into USERDB.POKEMONES_TIPOS (ID,TIPO_ID,POKEMON_ID) values ('1754','4','58');
Insert into USERDB.POKEMONES_TIPOS (ID,TIPO_ID,POKEMON_ID) values ('1755','3','59');
Insert into USERDB.POKEMONES_TIPOS (ID,TIPO_ID,POKEMON_ID) values ('1756','4','59');
Insert into USERDB.POKEMONES_TIPOS (ID,TIPO_ID,POKEMON_ID) values ('1757','6','60');
Insert into USERDB.POKEMONES_TIPOS (ID,TIPO_ID,POKEMON_ID) values ('1758','4','60');
Insert into USERDB.POKEMONES_TIPOS (ID,TIPO_ID,POKEMON_ID) values ('1759','6','61');
Insert into USERDB.POKEMONES_TIPOS (ID,TIPO_ID,POKEMON_ID) values ('1760','4','61');
Insert into USERDB.POKEMONES_TIPOS (ID,TIPO_ID,POKEMON_ID) values ('1761','6','62');
Insert into USERDB.POKEMONES_TIPOS (ID,TIPO_ID,POKEMON_ID) values ('1762','12','62');
Insert into USERDB.POKEMONES_TIPOS (ID,TIPO_ID,POKEMON_ID) values ('1763','13','63');
Insert into USERDB.POKEMONES_TIPOS (ID,TIPO_ID,POKEMON_ID) values ('1764','4','63');
Insert into USERDB.POKEMONES_TIPOS (ID,TIPO_ID,POKEMON_ID) values ('1765','13','64');
Insert into USERDB.POKEMONES_TIPOS (ID,TIPO_ID,POKEMON_ID) values ('1766','4','64');
Insert into USERDB.POKEMONES_TIPOS (ID,TIPO_ID,POKEMON_ID) values ('1767','13','65');
Insert into USERDB.POKEMONES_TIPOS (ID,TIPO_ID,POKEMON_ID) values ('1768','4','65');
Insert into USERDB.POKEMONES_TIPOS (ID,TIPO_ID,POKEMON_ID) values ('1769','12','66');
Insert into USERDB.POKEMONES_TIPOS (ID,TIPO_ID,POKEMON_ID) values ('1770','4','66');
Insert into USERDB.POKEMONES_TIPOS (ID,TIPO_ID,POKEMON_ID) values ('1771','12','67');
Insert into USERDB.POKEMONES_TIPOS (ID,TIPO_ID,POKEMON_ID) values ('1772','4','67');
Insert into USERDB.POKEMONES_TIPOS (ID,TIPO_ID,POKEMON_ID) values ('1773','12','68');
Insert into USERDB.POKEMONES_TIPOS (ID,TIPO_ID,POKEMON_ID) values ('1774','4','68');
Insert into USERDB.POKEMONES_TIPOS (ID,TIPO_ID,POKEMON_ID) values ('1775','1','69');
Insert into USERDB.POKEMONES_TIPOS (ID,TIPO_ID,POKEMON_ID) values ('1776','2','69');
Insert into USERDB.POKEMONES_TIPOS (ID,TIPO_ID,POKEMON_ID) values ('1777','1','70');
Insert into USERDB.POKEMONES_TIPOS (ID,TIPO_ID,POKEMON_ID) values ('1778','2','70');
Insert into USERDB.POKEMONES_TIPOS (ID,TIPO_ID,POKEMON_ID) values ('1779','1','71');
Insert into USERDB.POKEMONES_TIPOS (ID,TIPO_ID,POKEMON_ID) values ('1780','2','71');
Insert into USERDB.POKEMONES_TIPOS (ID,TIPO_ID,POKEMON_ID) values ('1781','6','72');
Insert into USERDB.POKEMONES_TIPOS (ID,TIPO_ID,POKEMON_ID) values ('1782','2','72');
Insert into USERDB.POKEMONES_TIPOS (ID,TIPO_ID,POKEMON_ID) values ('1783','6','73');
Insert into USERDB.POKEMONES_TIPOS (ID,TIPO_ID,POKEMON_ID) values ('1784','2','73');
Insert into USERDB.POKEMONES_TIPOS (ID,TIPO_ID,POKEMON_ID) values ('1785','14','74');
Insert into USERDB.POKEMONES_TIPOS (ID,TIPO_ID,POKEMON_ID) values ('1786','10','74');
Insert into USERDB.POKEMONES_TIPOS (ID,TIPO_ID,POKEMON_ID) values ('1787','14','75');
Insert into USERDB.POKEMONES_TIPOS (ID,TIPO_ID,POKEMON_ID) values ('1788','10','75');
Insert into USERDB.POKEMONES_TIPOS (ID,TIPO_ID,POKEMON_ID) values ('1789','14','76');
Insert into USERDB.POKEMONES_TIPOS (ID,TIPO_ID,POKEMON_ID) values ('1790','10','76');
Insert into USERDB.POKEMONES_TIPOS (ID,TIPO_ID,POKEMON_ID) values ('1791','3','77');
Insert into USERDB.POKEMONES_TIPOS (ID,TIPO_ID,POKEMON_ID) values ('1792','4','77');
Insert into USERDB.POKEMONES_TIPOS (ID,TIPO_ID,POKEMON_ID) values ('1793','3','78');
Insert into USERDB.POKEMONES_TIPOS (ID,TIPO_ID,POKEMON_ID) values ('1794','4','78');
Insert into USERDB.POKEMONES_TIPOS (ID,TIPO_ID,POKEMON_ID) values ('1795','6','79');
Insert into USERDB.POKEMONES_TIPOS (ID,TIPO_ID,POKEMON_ID) values ('1796','13','79');
Insert into USERDB.POKEMONES_TIPOS (ID,TIPO_ID,POKEMON_ID) values ('1797','6','80');
Insert into USERDB.POKEMONES_TIPOS (ID,TIPO_ID,POKEMON_ID) values ('1798','13','80');
Insert into USERDB.POKEMONES_TIPOS (ID,TIPO_ID,POKEMON_ID) values ('1799','9','81');
Insert into USERDB.POKEMONES_TIPOS (ID,TIPO_ID,POKEMON_ID) values ('1800','15','81');
Insert into USERDB.POKEMONES_TIPOS (ID,TIPO_ID,POKEMON_ID) values ('1801','9','82');
Insert into USERDB.POKEMONES_TIPOS (ID,TIPO_ID,POKEMON_ID) values ('1802','15','82');
Insert into USERDB.POKEMONES_TIPOS (ID,TIPO_ID,POKEMON_ID) values ('1803','8','83');
Insert into USERDB.POKEMONES_TIPOS (ID,TIPO_ID,POKEMON_ID) values ('1804','5','83');
Insert into USERDB.POKEMONES_TIPOS (ID,TIPO_ID,POKEMON_ID) values ('1805','8','84');
Insert into USERDB.POKEMONES_TIPOS (ID,TIPO_ID,POKEMON_ID) values ('1806','5','84');
Insert into USERDB.POKEMONES_TIPOS (ID,TIPO_ID,POKEMON_ID) values ('1807','8','85');
Insert into USERDB.POKEMONES_TIPOS (ID,TIPO_ID,POKEMON_ID) values ('1808','5','85');
Insert into USERDB.POKEMONES_TIPOS (ID,TIPO_ID,POKEMON_ID) values ('1809','6','86');
Insert into USERDB.POKEMONES_TIPOS (ID,TIPO_ID,POKEMON_ID) values ('1810','4','86');
Insert into USERDB.POKEMONES_TIPOS (ID,TIPO_ID,POKEMON_ID) values ('1811','6','87');
Insert into USERDB.POKEMONES_TIPOS (ID,TIPO_ID,POKEMON_ID) values ('1812','16','87');
Insert into USERDB.POKEMONES_TIPOS (ID,TIPO_ID,POKEMON_ID) values ('1813','2','88');
Insert into USERDB.POKEMONES_TIPOS (ID,TIPO_ID,POKEMON_ID) values ('1814','4','88');
Insert into USERDB.POKEMONES_TIPOS (ID,TIPO_ID,POKEMON_ID) values ('1815','2','89');
Insert into USERDB.POKEMONES_TIPOS (ID,TIPO_ID,POKEMON_ID) values ('1816','4','89');
Insert into USERDB.POKEMONES_TIPOS (ID,TIPO_ID,POKEMON_ID) values ('1817','6','90');
Insert into USERDB.POKEMONES_TIPOS (ID,TIPO_ID,POKEMON_ID) values ('1818','4','90');
Insert into USERDB.POKEMONES_TIPOS (ID,TIPO_ID,POKEMON_ID) values ('1819','6','91');
Insert into USERDB.POKEMONES_TIPOS (ID,TIPO_ID,POKEMON_ID) values ('1820','16','91');
Insert into USERDB.POKEMONES_TIPOS (ID,TIPO_ID,POKEMON_ID) values ('1821','17','92');
Insert into USERDB.POKEMONES_TIPOS (ID,TIPO_ID,POKEMON_ID) values ('1822','2','92');
Insert into USERDB.POKEMONES_TIPOS (ID,TIPO_ID,POKEMON_ID) values ('1823','17','93');
Insert into USERDB.POKEMONES_TIPOS (ID,TIPO_ID,POKEMON_ID) values ('1824','2','93');
Insert into USERDB.POKEMONES_TIPOS (ID,TIPO_ID,POKEMON_ID) values ('1825','17','94');
Insert into USERDB.POKEMONES_TIPOS (ID,TIPO_ID,POKEMON_ID) values ('1826','2','94');
Insert into USERDB.POKEMONES_TIPOS (ID,TIPO_ID,POKEMON_ID) values ('1827','14','95');
Insert into USERDB.POKEMONES_TIPOS (ID,TIPO_ID,POKEMON_ID) values ('1828','10','95');
Insert into USERDB.POKEMONES_TIPOS (ID,TIPO_ID,POKEMON_ID) values ('1829','13','96');
Insert into USERDB.POKEMONES_TIPOS (ID,TIPO_ID,POKEMON_ID) values ('1830','4','96');
Insert into USERDB.POKEMONES_TIPOS (ID,TIPO_ID,POKEMON_ID) values ('1831','13','97');
Insert into USERDB.POKEMONES_TIPOS (ID,TIPO_ID,POKEMON_ID) values ('1832','4','97');
Insert into USERDB.POKEMONES_TIPOS (ID,TIPO_ID,POKEMON_ID) values ('1833','6','98');
Insert into USERDB.POKEMONES_TIPOS (ID,TIPO_ID,POKEMON_ID) values ('1834','4','98');
Insert into USERDB.POKEMONES_TIPOS (ID,TIPO_ID,POKEMON_ID) values ('1835','6','99');
Insert into USERDB.POKEMONES_TIPOS (ID,TIPO_ID,POKEMON_ID) values ('1836','4','99');
Insert into USERDB.POKEMONES_TIPOS (ID,TIPO_ID,POKEMON_ID) values ('1837','9','100');
Insert into USERDB.POKEMONES_TIPOS (ID,TIPO_ID,POKEMON_ID) values ('1838','4','100');
Insert into USERDB.POKEMONES_TIPOS (ID,TIPO_ID,POKEMON_ID) values ('1839','9','101');
Insert into USERDB.POKEMONES_TIPOS (ID,TIPO_ID,POKEMON_ID) values ('1840','4','101');
Insert into USERDB.POKEMONES_TIPOS (ID,TIPO_ID,POKEMON_ID) values ('1841','1','102');
Insert into USERDB.POKEMONES_TIPOS (ID,TIPO_ID,POKEMON_ID) values ('1842','13','102');
Insert into USERDB.POKEMONES_TIPOS (ID,TIPO_ID,POKEMON_ID) values ('1843','1','103');
Insert into USERDB.POKEMONES_TIPOS (ID,TIPO_ID,POKEMON_ID) values ('1844','13','103');
Insert into USERDB.POKEMONES_TIPOS (ID,TIPO_ID,POKEMON_ID) values ('1845','10','104');
Insert into USERDB.POKEMONES_TIPOS (ID,TIPO_ID,POKEMON_ID) values ('1846','4','104');
Insert into USERDB.POKEMONES_TIPOS (ID,TIPO_ID,POKEMON_ID) values ('1847','10','105');
Insert into USERDB.POKEMONES_TIPOS (ID,TIPO_ID,POKEMON_ID) values ('1848','4','105');
Insert into USERDB.POKEMONES_TIPOS (ID,TIPO_ID,POKEMON_ID) values ('1849','12','106');
Insert into USERDB.POKEMONES_TIPOS (ID,TIPO_ID,POKEMON_ID) values ('1850','4','106');
Insert into USERDB.POKEMONES_TIPOS (ID,TIPO_ID,POKEMON_ID) values ('1851','12','107');
Insert into USERDB.POKEMONES_TIPOS (ID,TIPO_ID,POKEMON_ID) values ('1852','4','107');
Insert into USERDB.POKEMONES_TIPOS (ID,TIPO_ID,POKEMON_ID) values ('1853','8','108');
Insert into USERDB.POKEMONES_TIPOS (ID,TIPO_ID,POKEMON_ID) values ('1854','4','108');
Insert into USERDB.POKEMONES_TIPOS (ID,TIPO_ID,POKEMON_ID) values ('1855','2','109');
Insert into USERDB.POKEMONES_TIPOS (ID,TIPO_ID,POKEMON_ID) values ('1856','4','109');
Insert into USERDB.POKEMONES_TIPOS (ID,TIPO_ID,POKEMON_ID) values ('1857','2','110');
Insert into USERDB.POKEMONES_TIPOS (ID,TIPO_ID,POKEMON_ID) values ('1858','4','110');
Insert into USERDB.POKEMONES_TIPOS (ID,TIPO_ID,POKEMON_ID) values ('1859','10','111');
Insert into USERDB.POKEMONES_TIPOS (ID,TIPO_ID,POKEMON_ID) values ('1860','14','111');
Insert into USERDB.POKEMONES_TIPOS (ID,TIPO_ID,POKEMON_ID) values ('1861','10','112');
Insert into USERDB.POKEMONES_TIPOS (ID,TIPO_ID,POKEMON_ID) values ('1862','14','112');
Insert into USERDB.POKEMONES_TIPOS (ID,TIPO_ID,POKEMON_ID) values ('1863','8','113');
Insert into USERDB.POKEMONES_TIPOS (ID,TIPO_ID,POKEMON_ID) values ('1864','4','113');
Insert into USERDB.POKEMONES_TIPOS (ID,TIPO_ID,POKEMON_ID) values ('1865','1','114');
Insert into USERDB.POKEMONES_TIPOS (ID,TIPO_ID,POKEMON_ID) values ('1866','4','114');
Insert into USERDB.POKEMONES_TIPOS (ID,TIPO_ID,POKEMON_ID) values ('1867','8','115');
Insert into USERDB.POKEMONES_TIPOS (ID,TIPO_ID,POKEMON_ID) values ('1868','4','115');
Insert into USERDB.POKEMONES_TIPOS (ID,TIPO_ID,POKEMON_ID) values ('1869','6','116');
Insert into USERDB.POKEMONES_TIPOS (ID,TIPO_ID,POKEMON_ID) values ('1870','4','116');
Insert into USERDB.POKEMONES_TIPOS (ID,TIPO_ID,POKEMON_ID) values ('1871','6','117');
Insert into USERDB.POKEMONES_TIPOS (ID,TIPO_ID,POKEMON_ID) values ('1872','4','117');
Insert into USERDB.POKEMONES_TIPOS (ID,TIPO_ID,POKEMON_ID) values ('1873','6','118');
Insert into USERDB.POKEMONES_TIPOS (ID,TIPO_ID,POKEMON_ID) values ('1874','4','118');
Insert into USERDB.POKEMONES_TIPOS (ID,TIPO_ID,POKEMON_ID) values ('1875','6','119');
Insert into USERDB.POKEMONES_TIPOS (ID,TIPO_ID,POKEMON_ID) values ('1876','4','119');
Insert into USERDB.POKEMONES_TIPOS (ID,TIPO_ID,POKEMON_ID) values ('1877','6','120');
Insert into USERDB.POKEMONES_TIPOS (ID,TIPO_ID,POKEMON_ID) values ('1878','4','120');
Insert into USERDB.POKEMONES_TIPOS (ID,TIPO_ID,POKEMON_ID) values ('1879','6','121');
Insert into USERDB.POKEMONES_TIPOS (ID,TIPO_ID,POKEMON_ID) values ('1880','13','121');
Insert into USERDB.POKEMONES_TIPOS (ID,TIPO_ID,POKEMON_ID) values ('1881','13','122');
Insert into USERDB.POKEMONES_TIPOS (ID,TIPO_ID,POKEMON_ID) values ('1882','11','122');
Insert into USERDB.POKEMONES_TIPOS (ID,TIPO_ID,POKEMON_ID) values ('1883','7','123');
Insert into USERDB.POKEMONES_TIPOS (ID,TIPO_ID,POKEMON_ID) values ('1884','5','123');
Insert into USERDB.POKEMONES_TIPOS (ID,TIPO_ID,POKEMON_ID) values ('1885','16','124');
Insert into USERDB.POKEMONES_TIPOS (ID,TIPO_ID,POKEMON_ID) values ('1886','13','124');
Insert into USERDB.POKEMONES_TIPOS (ID,TIPO_ID,POKEMON_ID) values ('1887','9','125');
Insert into USERDB.POKEMONES_TIPOS (ID,TIPO_ID,POKEMON_ID) values ('1888','4','125');
Insert into USERDB.POKEMONES_TIPOS (ID,TIPO_ID,POKEMON_ID) values ('1889','3','126');
Insert into USERDB.POKEMONES_TIPOS (ID,TIPO_ID,POKEMON_ID) values ('1890','4','126');
Insert into USERDB.POKEMONES_TIPOS (ID,TIPO_ID,POKEMON_ID) values ('1891','7','127');
Insert into USERDB.POKEMONES_TIPOS (ID,TIPO_ID,POKEMON_ID) values ('1892','4','127');
Insert into USERDB.POKEMONES_TIPOS (ID,TIPO_ID,POKEMON_ID) values ('1893','8','128');
Insert into USERDB.POKEMONES_TIPOS (ID,TIPO_ID,POKEMON_ID) values ('1894','4','128');
Insert into USERDB.POKEMONES_TIPOS (ID,TIPO_ID,POKEMON_ID) values ('1895','6','129');
Insert into USERDB.POKEMONES_TIPOS (ID,TIPO_ID,POKEMON_ID) values ('1896','4','129');
Insert into USERDB.POKEMONES_TIPOS (ID,TIPO_ID,POKEMON_ID) values ('1897','6','130');
Insert into USERDB.POKEMONES_TIPOS (ID,TIPO_ID,POKEMON_ID) values ('1898','5','130');
Insert into USERDB.POKEMONES_TIPOS (ID,TIPO_ID,POKEMON_ID) values ('1899','6','131');
Insert into USERDB.POKEMONES_TIPOS (ID,TIPO_ID,POKEMON_ID) values ('1900','16','131');
Insert into USERDB.POKEMONES_TIPOS (ID,TIPO_ID,POKEMON_ID) values ('1901','8','132');
Insert into USERDB.POKEMONES_TIPOS (ID,TIPO_ID,POKEMON_ID) values ('1902','4','132');
Insert into USERDB.POKEMONES_TIPOS (ID,TIPO_ID,POKEMON_ID) values ('1903','8','133');
Insert into USERDB.POKEMONES_TIPOS (ID,TIPO_ID,POKEMON_ID) values ('1904','4','133');
Insert into USERDB.POKEMONES_TIPOS (ID,TIPO_ID,POKEMON_ID) values ('1905','6','134');
Insert into USERDB.POKEMONES_TIPOS (ID,TIPO_ID,POKEMON_ID) values ('1906','4','134');
Insert into USERDB.POKEMONES_TIPOS (ID,TIPO_ID,POKEMON_ID) values ('1907','9','135');
Insert into USERDB.POKEMONES_TIPOS (ID,TIPO_ID,POKEMON_ID) values ('1908','4','135');
Insert into USERDB.POKEMONES_TIPOS (ID,TIPO_ID,POKEMON_ID) values ('1909','3','136');
Insert into USERDB.POKEMONES_TIPOS (ID,TIPO_ID,POKEMON_ID) values ('1910','4','136');
Insert into USERDB.POKEMONES_TIPOS (ID,TIPO_ID,POKEMON_ID) values ('1911','8','137');
Insert into USERDB.POKEMONES_TIPOS (ID,TIPO_ID,POKEMON_ID) values ('1912','4','137');
Insert into USERDB.POKEMONES_TIPOS (ID,TIPO_ID,POKEMON_ID) values ('1913','14','138');
Insert into USERDB.POKEMONES_TIPOS (ID,TIPO_ID,POKEMON_ID) values ('1914','6','138');
Insert into USERDB.POKEMONES_TIPOS (ID,TIPO_ID,POKEMON_ID) values ('1915','14','139');
Insert into USERDB.POKEMONES_TIPOS (ID,TIPO_ID,POKEMON_ID) values ('1916','6','139');
Insert into USERDB.POKEMONES_TIPOS (ID,TIPO_ID,POKEMON_ID) values ('1917','14','140');
Insert into USERDB.POKEMONES_TIPOS (ID,TIPO_ID,POKEMON_ID) values ('1918','6','140');
Insert into USERDB.POKEMONES_TIPOS (ID,TIPO_ID,POKEMON_ID) values ('1919','14','141');
Insert into USERDB.POKEMONES_TIPOS (ID,TIPO_ID,POKEMON_ID) values ('1920','6','141');
Insert into USERDB.POKEMONES_TIPOS (ID,TIPO_ID,POKEMON_ID) values ('1921','14','142');
Insert into USERDB.POKEMONES_TIPOS (ID,TIPO_ID,POKEMON_ID) values ('1922','5','142');
Insert into USERDB.POKEMONES_TIPOS (ID,TIPO_ID,POKEMON_ID) values ('1923','8','143');
Insert into USERDB.POKEMONES_TIPOS (ID,TIPO_ID,POKEMON_ID) values ('1924','4','143');
Insert into USERDB.POKEMONES_TIPOS (ID,TIPO_ID,POKEMON_ID) values ('1925','16','144');
Insert into USERDB.POKEMONES_TIPOS (ID,TIPO_ID,POKEMON_ID) values ('1926','5','144');
Insert into USERDB.POKEMONES_TIPOS (ID,TIPO_ID,POKEMON_ID) values ('1927','9','145');
Insert into USERDB.POKEMONES_TIPOS (ID,TIPO_ID,POKEMON_ID) values ('1928','5','145');
Insert into USERDB.POKEMONES_TIPOS (ID,TIPO_ID,POKEMON_ID) values ('1929','3','146');
Insert into USERDB.POKEMONES_TIPOS (ID,TIPO_ID,POKEMON_ID) values ('1930','5','146');
Insert into USERDB.POKEMONES_TIPOS (ID,TIPO_ID,POKEMON_ID) values ('1931','18','147');
Insert into USERDB.POKEMONES_TIPOS (ID,TIPO_ID,POKEMON_ID) values ('1932','4','147');
Insert into USERDB.POKEMONES_TIPOS (ID,TIPO_ID,POKEMON_ID) values ('1933','18','148');
Insert into USERDB.POKEMONES_TIPOS (ID,TIPO_ID,POKEMON_ID) values ('1934','4','148');
Insert into USERDB.POKEMONES_TIPOS (ID,TIPO_ID,POKEMON_ID) values ('1935','18','149');
Insert into USERDB.POKEMONES_TIPOS (ID,TIPO_ID,POKEMON_ID) values ('1936','5','149');
Insert into USERDB.POKEMONES_TIPOS (ID,TIPO_ID,POKEMON_ID) values ('1937','13','150');
Insert into USERDB.POKEMONES_TIPOS (ID,TIPO_ID,POKEMON_ID) values ('1938','4','150');
Insert into USERDB.POKEMONES_TIPOS (ID,TIPO_ID,POKEMON_ID) values ('1939','13','151');
Insert into USERDB.POKEMONES_TIPOS (ID,TIPO_ID,POKEMON_ID) values ('1940','4','151');
Insert into USERDB.POKEMONES_TIPOS (ID,TIPO_ID,POKEMON_ID) values ('1941','1','152');
Insert into USERDB.POKEMONES_TIPOS (ID,TIPO_ID,POKEMON_ID) values ('1942','4','152');
Insert into USERDB.POKEMONES_TIPOS (ID,TIPO_ID,POKEMON_ID) values ('1943','1','153');
Insert into USERDB.POKEMONES_TIPOS (ID,TIPO_ID,POKEMON_ID) values ('1944','4','153');
Insert into USERDB.POKEMONES_TIPOS (ID,TIPO_ID,POKEMON_ID) values ('1945','1','154');
Insert into USERDB.POKEMONES_TIPOS (ID,TIPO_ID,POKEMON_ID) values ('1946','4','154');
Insert into USERDB.POKEMONES_TIPOS (ID,TIPO_ID,POKEMON_ID) values ('1947','3','155');
Insert into USERDB.POKEMONES_TIPOS (ID,TIPO_ID,POKEMON_ID) values ('1948','4','155');
Insert into USERDB.POKEMONES_TIPOS (ID,TIPO_ID,POKEMON_ID) values ('1949','3','156');
Insert into USERDB.POKEMONES_TIPOS (ID,TIPO_ID,POKEMON_ID) values ('1950','4','156');
Insert into USERDB.POKEMONES_TIPOS (ID,TIPO_ID,POKEMON_ID) values ('1951','3','157');
Insert into USERDB.POKEMONES_TIPOS (ID,TIPO_ID,POKEMON_ID) values ('1952','4','157');
Insert into USERDB.POKEMONES_TIPOS (ID,TIPO_ID,POKEMON_ID) values ('1953','6','158');
Insert into USERDB.POKEMONES_TIPOS (ID,TIPO_ID,POKEMON_ID) values ('1954','4','158');
Insert into USERDB.POKEMONES_TIPOS (ID,TIPO_ID,POKEMON_ID) values ('1955','6','159');
Insert into USERDB.POKEMONES_TIPOS (ID,TIPO_ID,POKEMON_ID) values ('1956','4','159');
Insert into USERDB.POKEMONES_TIPOS (ID,TIPO_ID,POKEMON_ID) values ('1957','6','160');
Insert into USERDB.POKEMONES_TIPOS (ID,TIPO_ID,POKEMON_ID) values ('1958','4','160');
Insert into USERDB.POKEMONES_TIPOS (ID,TIPO_ID,POKEMON_ID) values ('1959','8','161');
Insert into USERDB.POKEMONES_TIPOS (ID,TIPO_ID,POKEMON_ID) values ('1960','4','161');
Insert into USERDB.POKEMONES_TIPOS (ID,TIPO_ID,POKEMON_ID) values ('1961','8','162');
Insert into USERDB.POKEMONES_TIPOS (ID,TIPO_ID,POKEMON_ID) values ('1962','4','162');
Insert into USERDB.POKEMONES_TIPOS (ID,TIPO_ID,POKEMON_ID) values ('1963','8','163');
Insert into USERDB.POKEMONES_TIPOS (ID,TIPO_ID,POKEMON_ID) values ('1964','5','163');
Insert into USERDB.POKEMONES_TIPOS (ID,TIPO_ID,POKEMON_ID) values ('1965','8','164');
Insert into USERDB.POKEMONES_TIPOS (ID,TIPO_ID,POKEMON_ID) values ('1966','5','164');
Insert into USERDB.POKEMONES_TIPOS (ID,TIPO_ID,POKEMON_ID) values ('1967','7','165');
Insert into USERDB.POKEMONES_TIPOS (ID,TIPO_ID,POKEMON_ID) values ('1968','5','165');
Insert into USERDB.POKEMONES_TIPOS (ID,TIPO_ID,POKEMON_ID) values ('1969','7','166');
Insert into USERDB.POKEMONES_TIPOS (ID,TIPO_ID,POKEMON_ID) values ('1970','5','166');
Insert into USERDB.POKEMONES_TIPOS (ID,TIPO_ID,POKEMON_ID) values ('1971','7','167');
Insert into USERDB.POKEMONES_TIPOS (ID,TIPO_ID,POKEMON_ID) values ('1972','2','167');
Insert into USERDB.POKEMONES_TIPOS (ID,TIPO_ID,POKEMON_ID) values ('1973','7','168');
Insert into USERDB.POKEMONES_TIPOS (ID,TIPO_ID,POKEMON_ID) values ('1974','2','168');
Insert into USERDB.POKEMONES_TIPOS (ID,TIPO_ID,POKEMON_ID) values ('1975','2','169');
Insert into USERDB.POKEMONES_TIPOS (ID,TIPO_ID,POKEMON_ID) values ('1976','5','169');
Insert into USERDB.POKEMONES_TIPOS (ID,TIPO_ID,POKEMON_ID) values ('1977','6','170');
Insert into USERDB.POKEMONES_TIPOS (ID,TIPO_ID,POKEMON_ID) values ('1978','9','170');
Insert into USERDB.POKEMONES_TIPOS (ID,TIPO_ID,POKEMON_ID) values ('1979','6','171');
Insert into USERDB.POKEMONES_TIPOS (ID,TIPO_ID,POKEMON_ID) values ('1980','9','171');
Insert into USERDB.POKEMONES_TIPOS (ID,TIPO_ID,POKEMON_ID) values ('1981','9','172');
Insert into USERDB.POKEMONES_TIPOS (ID,TIPO_ID,POKEMON_ID) values ('1982','4','172');
Insert into USERDB.POKEMONES_TIPOS (ID,TIPO_ID,POKEMON_ID) values ('1983','11','173');
Insert into USERDB.POKEMONES_TIPOS (ID,TIPO_ID,POKEMON_ID) values ('1984','4','173');
Insert into USERDB.POKEMONES_TIPOS (ID,TIPO_ID,POKEMON_ID) values ('1985','8','174');
Insert into USERDB.POKEMONES_TIPOS (ID,TIPO_ID,POKEMON_ID) values ('1986','11','174');
Insert into USERDB.POKEMONES_TIPOS (ID,TIPO_ID,POKEMON_ID) values ('1987','11','175');
Insert into USERDB.POKEMONES_TIPOS (ID,TIPO_ID,POKEMON_ID) values ('1988','4','175');
Insert into USERDB.POKEMONES_TIPOS (ID,TIPO_ID,POKEMON_ID) values ('1989','11','176');
Insert into USERDB.POKEMONES_TIPOS (ID,TIPO_ID,POKEMON_ID) values ('1990','5','176');
Insert into USERDB.POKEMONES_TIPOS (ID,TIPO_ID,POKEMON_ID) values ('1991','13','177');
Insert into USERDB.POKEMONES_TIPOS (ID,TIPO_ID,POKEMON_ID) values ('1992','5','177');
Insert into USERDB.POKEMONES_TIPOS (ID,TIPO_ID,POKEMON_ID) values ('1993','13','178');
Insert into USERDB.POKEMONES_TIPOS (ID,TIPO_ID,POKEMON_ID) values ('1994','5','178');
Insert into USERDB.POKEMONES_TIPOS (ID,TIPO_ID,POKEMON_ID) values ('1995','9','179');
Insert into USERDB.POKEMONES_TIPOS (ID,TIPO_ID,POKEMON_ID) values ('1996','4','179');
Insert into USERDB.POKEMONES_TIPOS (ID,TIPO_ID,POKEMON_ID) values ('1997','9','180');
Insert into USERDB.POKEMONES_TIPOS (ID,TIPO_ID,POKEMON_ID) values ('1998','4','180');
Insert into USERDB.POKEMONES_TIPOS (ID,TIPO_ID,POKEMON_ID) values ('1999','9','181');
Insert into USERDB.POKEMONES_TIPOS (ID,TIPO_ID,POKEMON_ID) values ('2000','4','181');
Insert into USERDB.POKEMONES_TIPOS (ID,TIPO_ID,POKEMON_ID) values ('2001','1','182');
Insert into USERDB.POKEMONES_TIPOS (ID,TIPO_ID,POKEMON_ID) values ('2002','4','182');
Insert into USERDB.POKEMONES_TIPOS (ID,TIPO_ID,POKEMON_ID) values ('2003','6','183');
Insert into USERDB.POKEMONES_TIPOS (ID,TIPO_ID,POKEMON_ID) values ('2004','11','183');
Insert into USERDB.POKEMONES_TIPOS (ID,TIPO_ID,POKEMON_ID) values ('2005','6','184');
Insert into USERDB.POKEMONES_TIPOS (ID,TIPO_ID,POKEMON_ID) values ('2006','11','184');
Insert into USERDB.POKEMONES_TIPOS (ID,TIPO_ID,POKEMON_ID) values ('2007','14','185');
Insert into USERDB.POKEMONES_TIPOS (ID,TIPO_ID,POKEMON_ID) values ('2008','4','185');
Insert into USERDB.POKEMONES_TIPOS (ID,TIPO_ID,POKEMON_ID) values ('2009','6','186');
Insert into USERDB.POKEMONES_TIPOS (ID,TIPO_ID,POKEMON_ID) values ('2010','4','186');
Insert into USERDB.POKEMONES_TIPOS (ID,TIPO_ID,POKEMON_ID) values ('2011','1','187');
Insert into USERDB.POKEMONES_TIPOS (ID,TIPO_ID,POKEMON_ID) values ('2012','5','187');
Insert into USERDB.POKEMONES_TIPOS (ID,TIPO_ID,POKEMON_ID) values ('2013','1','188');
Insert into USERDB.POKEMONES_TIPOS (ID,TIPO_ID,POKEMON_ID) values ('2014','5','188');
Insert into USERDB.POKEMONES_TIPOS (ID,TIPO_ID,POKEMON_ID) values ('2015','1','189');
Insert into USERDB.POKEMONES_TIPOS (ID,TIPO_ID,POKEMON_ID) values ('2016','5','189');
Insert into USERDB.POKEMONES_TIPOS (ID,TIPO_ID,POKEMON_ID) values ('2017','8','190');
Insert into USERDB.POKEMONES_TIPOS (ID,TIPO_ID,POKEMON_ID) values ('2018','4','190');
Insert into USERDB.POKEMONES_TIPOS (ID,TIPO_ID,POKEMON_ID) values ('2019','1','191');
Insert into USERDB.POKEMONES_TIPOS (ID,TIPO_ID,POKEMON_ID) values ('2020','4','191');
Insert into USERDB.POKEMONES_TIPOS (ID,TIPO_ID,POKEMON_ID) values ('2021','1','192');
Insert into USERDB.POKEMONES_TIPOS (ID,TIPO_ID,POKEMON_ID) values ('2022','4','192');
Insert into USERDB.POKEMONES_TIPOS (ID,TIPO_ID,POKEMON_ID) values ('2023','7','193');
Insert into USERDB.POKEMONES_TIPOS (ID,TIPO_ID,POKEMON_ID) values ('2024','5','193');
Insert into USERDB.POKEMONES_TIPOS (ID,TIPO_ID,POKEMON_ID) values ('2025','6','194');
Insert into USERDB.POKEMONES_TIPOS (ID,TIPO_ID,POKEMON_ID) values ('2026','10','194');
Insert into USERDB.POKEMONES_TIPOS (ID,TIPO_ID,POKEMON_ID) values ('2027','6','195');
Insert into USERDB.POKEMONES_TIPOS (ID,TIPO_ID,POKEMON_ID) values ('2028','10','195');
Insert into USERDB.POKEMONES_TIPOS (ID,TIPO_ID,POKEMON_ID) values ('2029','13','196');
Insert into USERDB.POKEMONES_TIPOS (ID,TIPO_ID,POKEMON_ID) values ('2030','4','196');
Insert into USERDB.POKEMONES_TIPOS (ID,TIPO_ID,POKEMON_ID) values ('2031','19','197');
Insert into USERDB.POKEMONES_TIPOS (ID,TIPO_ID,POKEMON_ID) values ('2032','4','197');
Insert into USERDB.POKEMONES_TIPOS (ID,TIPO_ID,POKEMON_ID) values ('2033','19','198');
Insert into USERDB.POKEMONES_TIPOS (ID,TIPO_ID,POKEMON_ID) values ('2034','5','198');
Insert into USERDB.POKEMONES_TIPOS (ID,TIPO_ID,POKEMON_ID) values ('2035','6','199');
Insert into USERDB.POKEMONES_TIPOS (ID,TIPO_ID,POKEMON_ID) values ('2036','13','199');
Insert into USERDB.POKEMONES_TIPOS (ID,TIPO_ID,POKEMON_ID) values ('2037','17','200');
Insert into USERDB.POKEMONES_TIPOS (ID,TIPO_ID,POKEMON_ID) values ('2038','4','200');
Insert into USERDB.POKEMONES_TIPOS (ID,TIPO_ID,POKEMON_ID) values ('2039','13','201');
Insert into USERDB.POKEMONES_TIPOS (ID,TIPO_ID,POKEMON_ID) values ('2040','4','201');
Insert into USERDB.POKEMONES_TIPOS (ID,TIPO_ID,POKEMON_ID) values ('2041','13','202');
Insert into USERDB.POKEMONES_TIPOS (ID,TIPO_ID,POKEMON_ID) values ('2042','4','202');
Insert into USERDB.POKEMONES_TIPOS (ID,TIPO_ID,POKEMON_ID) values ('2043','8','203');
Insert into USERDB.POKEMONES_TIPOS (ID,TIPO_ID,POKEMON_ID) values ('2044','13','203');
Insert into USERDB.POKEMONES_TIPOS (ID,TIPO_ID,POKEMON_ID) values ('2045','7','204');
Insert into USERDB.POKEMONES_TIPOS (ID,TIPO_ID,POKEMON_ID) values ('2046','4','204');
Insert into USERDB.POKEMONES_TIPOS (ID,TIPO_ID,POKEMON_ID) values ('2047','7','205');
Insert into USERDB.POKEMONES_TIPOS (ID,TIPO_ID,POKEMON_ID) values ('2048','15','205');
Insert into USERDB.POKEMONES_TIPOS (ID,TIPO_ID,POKEMON_ID) values ('2049','8','206');
Insert into USERDB.POKEMONES_TIPOS (ID,TIPO_ID,POKEMON_ID) values ('2050','4','206');
Insert into USERDB.POKEMONES_TIPOS (ID,TIPO_ID,POKEMON_ID) values ('2051','10','207');
Insert into USERDB.POKEMONES_TIPOS (ID,TIPO_ID,POKEMON_ID) values ('2052','5','207');
Insert into USERDB.POKEMONES_TIPOS (ID,TIPO_ID,POKEMON_ID) values ('2053','15','208');
Insert into USERDB.POKEMONES_TIPOS (ID,TIPO_ID,POKEMON_ID) values ('2054','10','208');
Insert into USERDB.POKEMONES_TIPOS (ID,TIPO_ID,POKEMON_ID) values ('2055','11','209');
Insert into USERDB.POKEMONES_TIPOS (ID,TIPO_ID,POKEMON_ID) values ('2056','4','209');
Insert into USERDB.POKEMONES_TIPOS (ID,TIPO_ID,POKEMON_ID) values ('2057','11','210');
Insert into USERDB.POKEMONES_TIPOS (ID,TIPO_ID,POKEMON_ID) values ('2058','4','210');
Insert into USERDB.POKEMONES_TIPOS (ID,TIPO_ID,POKEMON_ID) values ('2059','6','211');
Insert into USERDB.POKEMONES_TIPOS (ID,TIPO_ID,POKEMON_ID) values ('2060','2','211');
Insert into USERDB.POKEMONES_TIPOS (ID,TIPO_ID,POKEMON_ID) values ('2061','7','212');
Insert into USERDB.POKEMONES_TIPOS (ID,TIPO_ID,POKEMON_ID) values ('2062','15','212');
Insert into USERDB.POKEMONES_TIPOS (ID,TIPO_ID,POKEMON_ID) values ('2063','7','213');
Insert into USERDB.POKEMONES_TIPOS (ID,TIPO_ID,POKEMON_ID) values ('2064','14','213');
Insert into USERDB.POKEMONES_TIPOS (ID,TIPO_ID,POKEMON_ID) values ('2065','7','214');
Insert into USERDB.POKEMONES_TIPOS (ID,TIPO_ID,POKEMON_ID) values ('2066','12','214');
Insert into USERDB.POKEMONES_TIPOS (ID,TIPO_ID,POKEMON_ID) values ('2067','19','215');
Insert into USERDB.POKEMONES_TIPOS (ID,TIPO_ID,POKEMON_ID) values ('2068','16','215');
Insert into USERDB.POKEMONES_TIPOS (ID,TIPO_ID,POKEMON_ID) values ('2069','8','216');
Insert into USERDB.POKEMONES_TIPOS (ID,TIPO_ID,POKEMON_ID) values ('2070','4','216');
Insert into USERDB.POKEMONES_TIPOS (ID,TIPO_ID,POKEMON_ID) values ('2071','8','217');
Insert into USERDB.POKEMONES_TIPOS (ID,TIPO_ID,POKEMON_ID) values ('2072','4','217');
Insert into USERDB.POKEMONES_TIPOS (ID,TIPO_ID,POKEMON_ID) values ('2073','3','218');
Insert into USERDB.POKEMONES_TIPOS (ID,TIPO_ID,POKEMON_ID) values ('2074','4','218');
Insert into USERDB.POKEMONES_TIPOS (ID,TIPO_ID,POKEMON_ID) values ('2075','3','219');
Insert into USERDB.POKEMONES_TIPOS (ID,TIPO_ID,POKEMON_ID) values ('2076','14','219');
Insert into USERDB.POKEMONES_TIPOS (ID,TIPO_ID,POKEMON_ID) values ('2077','16','220');
Insert into USERDB.POKEMONES_TIPOS (ID,TIPO_ID,POKEMON_ID) values ('2078','10','220');
Insert into USERDB.POKEMONES_TIPOS (ID,TIPO_ID,POKEMON_ID) values ('2079','16','221');
Insert into USERDB.POKEMONES_TIPOS (ID,TIPO_ID,POKEMON_ID) values ('2080','10','221');
Insert into USERDB.POKEMONES_TIPOS (ID,TIPO_ID,POKEMON_ID) values ('2081','6','222');
Insert into USERDB.POKEMONES_TIPOS (ID,TIPO_ID,POKEMON_ID) values ('2082','14','222');
Insert into USERDB.POKEMONES_TIPOS (ID,TIPO_ID,POKEMON_ID) values ('2083','6','223');
Insert into USERDB.POKEMONES_TIPOS (ID,TIPO_ID,POKEMON_ID) values ('2084','4','223');
Insert into USERDB.POKEMONES_TIPOS (ID,TIPO_ID,POKEMON_ID) values ('2085','6','224');
Insert into USERDB.POKEMONES_TIPOS (ID,TIPO_ID,POKEMON_ID) values ('2086','4','224');
Insert into USERDB.POKEMONES_TIPOS (ID,TIPO_ID,POKEMON_ID) values ('2087','16','225');
Insert into USERDB.POKEMONES_TIPOS (ID,TIPO_ID,POKEMON_ID) values ('2088','5','225');
Insert into USERDB.POKEMONES_TIPOS (ID,TIPO_ID,POKEMON_ID) values ('2089','6','226');
Insert into USERDB.POKEMONES_TIPOS (ID,TIPO_ID,POKEMON_ID) values ('2090','5','226');
Insert into USERDB.POKEMONES_TIPOS (ID,TIPO_ID,POKEMON_ID) values ('2091','15','227');
Insert into USERDB.POKEMONES_TIPOS (ID,TIPO_ID,POKEMON_ID) values ('2092','5','227');
Insert into USERDB.POKEMONES_TIPOS (ID,TIPO_ID,POKEMON_ID) values ('2093','19','228');
Insert into USERDB.POKEMONES_TIPOS (ID,TIPO_ID,POKEMON_ID) values ('2094','3','228');
Insert into USERDB.POKEMONES_TIPOS (ID,TIPO_ID,POKEMON_ID) values ('2095','19','229');
Insert into USERDB.POKEMONES_TIPOS (ID,TIPO_ID,POKEMON_ID) values ('2096','3','229');
Insert into USERDB.POKEMONES_TIPOS (ID,TIPO_ID,POKEMON_ID) values ('2097','6','230');
Insert into USERDB.POKEMONES_TIPOS (ID,TIPO_ID,POKEMON_ID) values ('2098','18','230');
Insert into USERDB.POKEMONES_TIPOS (ID,TIPO_ID,POKEMON_ID) values ('2099','10','231');
Insert into USERDB.POKEMONES_TIPOS (ID,TIPO_ID,POKEMON_ID) values ('2100','4','231');
Insert into USERDB.POKEMONES_TIPOS (ID,TIPO_ID,POKEMON_ID) values ('2101','10','232');
Insert into USERDB.POKEMONES_TIPOS (ID,TIPO_ID,POKEMON_ID) values ('2102','4','232');
Insert into USERDB.POKEMONES_TIPOS (ID,TIPO_ID,POKEMON_ID) values ('2103','8','233');
Insert into USERDB.POKEMONES_TIPOS (ID,TIPO_ID,POKEMON_ID) values ('2104','4','233');
Insert into USERDB.POKEMONES_TIPOS (ID,TIPO_ID,POKEMON_ID) values ('2105','8','234');
Insert into USERDB.POKEMONES_TIPOS (ID,TIPO_ID,POKEMON_ID) values ('3014','6','688');
Insert into USERDB.POKEMONES_TIPOS (ID,TIPO_ID,POKEMON_ID) values ('3015','14','689');
Insert into USERDB.POKEMONES_TIPOS (ID,TIPO_ID,POKEMON_ID) values ('3016','6','689');
Insert into USERDB.POKEMONES_TIPOS (ID,TIPO_ID,POKEMON_ID) values ('3017','2','690');
Insert into USERDB.POKEMONES_TIPOS (ID,TIPO_ID,POKEMON_ID) values ('3018','6','690');
Insert into USERDB.POKEMONES_TIPOS (ID,TIPO_ID,POKEMON_ID) values ('3019','2','691');
Insert into USERDB.POKEMONES_TIPOS (ID,TIPO_ID,POKEMON_ID) values ('3020','18','691');
Insert into USERDB.POKEMONES_TIPOS (ID,TIPO_ID,POKEMON_ID) values ('3021','6','692');
Insert into USERDB.POKEMONES_TIPOS (ID,TIPO_ID,POKEMON_ID) values ('3022','4','692');
Insert into USERDB.POKEMONES_TIPOS (ID,TIPO_ID,POKEMON_ID) values ('3023','6','693');
Insert into USERDB.POKEMONES_TIPOS (ID,TIPO_ID,POKEMON_ID) values ('3024','4','693');
Insert into USERDB.POKEMONES_TIPOS (ID,TIPO_ID,POKEMON_ID) values ('3025','9','694');
Insert into USERDB.POKEMONES_TIPOS (ID,TIPO_ID,POKEMON_ID) values ('3026','8','694');
Insert into USERDB.POKEMONES_TIPOS (ID,TIPO_ID,POKEMON_ID) values ('3027','9','695');
Insert into USERDB.POKEMONES_TIPOS (ID,TIPO_ID,POKEMON_ID) values ('3028','8','695');
Insert into USERDB.POKEMONES_TIPOS (ID,TIPO_ID,POKEMON_ID) values ('3029','14','696');
Insert into USERDB.POKEMONES_TIPOS (ID,TIPO_ID,POKEMON_ID) values ('3030','18','696');
Insert into USERDB.POKEMONES_TIPOS (ID,TIPO_ID,POKEMON_ID) values ('3031','14','697');
Insert into USERDB.POKEMONES_TIPOS (ID,TIPO_ID,POKEMON_ID) values ('3032','18','697');
Insert into USERDB.POKEMONES_TIPOS (ID,TIPO_ID,POKEMON_ID) values ('3033','14','698');
Insert into USERDB.POKEMONES_TIPOS (ID,TIPO_ID,POKEMON_ID) values ('3034','16','698');
Insert into USERDB.POKEMONES_TIPOS (ID,TIPO_ID,POKEMON_ID) values ('3035','14','699');
Insert into USERDB.POKEMONES_TIPOS (ID,TIPO_ID,POKEMON_ID) values ('3036','16','699');
Insert into USERDB.POKEMONES_TIPOS (ID,TIPO_ID,POKEMON_ID) values ('3037','11','700');
Insert into USERDB.POKEMONES_TIPOS (ID,TIPO_ID,POKEMON_ID) values ('3038','4','700');
Insert into USERDB.POKEMONES_TIPOS (ID,TIPO_ID,POKEMON_ID) values ('3039','12','701');
Insert into USERDB.POKEMONES_TIPOS (ID,TIPO_ID,POKEMON_ID) values ('3040','5','701');
Insert into USERDB.POKEMONES_TIPOS (ID,TIPO_ID,POKEMON_ID) values ('3041','9','702');
Insert into USERDB.POKEMONES_TIPOS (ID,TIPO_ID,POKEMON_ID) values ('3042','11','702');
Insert into USERDB.POKEMONES_TIPOS (ID,TIPO_ID,POKEMON_ID) values ('3043','14','703');
Insert into USERDB.POKEMONES_TIPOS (ID,TIPO_ID,POKEMON_ID) values ('3044','11','703');
Insert into USERDB.POKEMONES_TIPOS (ID,TIPO_ID,POKEMON_ID) values ('3045','18','704');
Insert into USERDB.POKEMONES_TIPOS (ID,TIPO_ID,POKEMON_ID) values ('3046','4','704');
Insert into USERDB.POKEMONES_TIPOS (ID,TIPO_ID,POKEMON_ID) values ('3047','18','705');
Insert into USERDB.POKEMONES_TIPOS (ID,TIPO_ID,POKEMON_ID) values ('3048','4','705');
Insert into USERDB.POKEMONES_TIPOS (ID,TIPO_ID,POKEMON_ID) values ('3049','18','706');
Insert into USERDB.POKEMONES_TIPOS (ID,TIPO_ID,POKEMON_ID) values ('3050','4','706');
Insert into USERDB.POKEMONES_TIPOS (ID,TIPO_ID,POKEMON_ID) values ('3051','15','707');
Insert into USERDB.POKEMONES_TIPOS (ID,TIPO_ID,POKEMON_ID) values ('3052','11','707');
Insert into USERDB.POKEMONES_TIPOS (ID,TIPO_ID,POKEMON_ID) values ('3053','17','708');
Insert into USERDB.POKEMONES_TIPOS (ID,TIPO_ID,POKEMON_ID) values ('3054','1','708');
Insert into USERDB.POKEMONES_TIPOS (ID,TIPO_ID,POKEMON_ID) values ('3055','17','709');
Insert into USERDB.POKEMONES_TIPOS (ID,TIPO_ID,POKEMON_ID) values ('3056','1','709');
Insert into USERDB.POKEMONES_TIPOS (ID,TIPO_ID,POKEMON_ID) values ('3057','17','710');
Insert into USERDB.POKEMONES_TIPOS (ID,TIPO_ID,POKEMON_ID) values ('3058','1','710');
Insert into USERDB.POKEMONES_TIPOS (ID,TIPO_ID,POKEMON_ID) values ('3059','17','711');
Insert into USERDB.POKEMONES_TIPOS (ID,TIPO_ID,POKEMON_ID) values ('3060','1','711');
Insert into USERDB.POKEMONES_TIPOS (ID,TIPO_ID,POKEMON_ID) values ('3061','16','712');
Insert into USERDB.POKEMONES_TIPOS (ID,TIPO_ID,POKEMON_ID) values ('3062','4','712');
Insert into USERDB.POKEMONES_TIPOS (ID,TIPO_ID,POKEMON_ID) values ('3063','16','713');
Insert into USERDB.POKEMONES_TIPOS (ID,TIPO_ID,POKEMON_ID) values ('3064','4','713');
Insert into USERDB.POKEMONES_TIPOS (ID,TIPO_ID,POKEMON_ID) values ('3065','5','714');
Insert into USERDB.POKEMONES_TIPOS (ID,TIPO_ID,POKEMON_ID) values ('3066','18','714');
Insert into USERDB.POKEMONES_TIPOS (ID,TIPO_ID,POKEMON_ID) values ('3067','5','715');
Insert into USERDB.POKEMONES_TIPOS (ID,TIPO_ID,POKEMON_ID) values ('3068','18','715');
Insert into USERDB.POKEMONES_TIPOS (ID,TIPO_ID,POKEMON_ID) values ('3069','11','716');
Insert into USERDB.POKEMONES_TIPOS (ID,TIPO_ID,POKEMON_ID) values ('3070','4','716');
Insert into USERDB.POKEMONES_TIPOS (ID,TIPO_ID,POKEMON_ID) values ('3071','19','717');
Insert into USERDB.POKEMONES_TIPOS (ID,TIPO_ID,POKEMON_ID) values ('3072','5','717');
Insert into USERDB.POKEMONES_TIPOS (ID,TIPO_ID,POKEMON_ID) values ('3073','18','718');
Insert into USERDB.POKEMONES_TIPOS (ID,TIPO_ID,POKEMON_ID) values ('3074','10','718');
Insert into USERDB.POKEMONES_TIPOS (ID,TIPO_ID,POKEMON_ID) values ('3075','14','719');
Insert into USERDB.POKEMONES_TIPOS (ID,TIPO_ID,POKEMON_ID) values ('3076','11','719');
Insert into USERDB.POKEMONES_TIPOS (ID,TIPO_ID,POKEMON_ID) values ('3077','13','720');
Insert into USERDB.POKEMONES_TIPOS (ID,TIPO_ID,POKEMON_ID) values ('3078','17','720');
Insert into USERDB.POKEMONES_TIPOS (ID,TIPO_ID,POKEMON_ID) values ('3079','3','721');
Insert into USERDB.POKEMONES_TIPOS (ID,TIPO_ID,POKEMON_ID) values ('3080','6','721');
Insert into USERDB.POKEMONES_TIPOS (ID,TIPO_ID,POKEMON_ID) values ('3081','1','722');
Insert into USERDB.POKEMONES_TIPOS (ID,TIPO_ID,POKEMON_ID) values ('3082','5','722');
Insert into USERDB.POKEMONES_TIPOS (ID,TIPO_ID,POKEMON_ID) values ('3083','1','723');
Insert into USERDB.POKEMONES_TIPOS (ID,TIPO_ID,POKEMON_ID) values ('3084','5','723');
Insert into USERDB.POKEMONES_TIPOS (ID,TIPO_ID,POKEMON_ID) values ('3085','1','724');
Insert into USERDB.POKEMONES_TIPOS (ID,TIPO_ID,POKEMON_ID) values ('3086','17','724');
Insert into USERDB.POKEMONES_TIPOS (ID,TIPO_ID,POKEMON_ID) values ('3087','3','725');
Insert into USERDB.POKEMONES_TIPOS (ID,TIPO_ID,POKEMON_ID) values ('3088','4','725');
Insert into USERDB.POKEMONES_TIPOS (ID,TIPO_ID,POKEMON_ID) values ('3089','3','726');
Insert into USERDB.POKEMONES_TIPOS (ID,TIPO_ID,POKEMON_ID) values ('3090','4','726');
Insert into USERDB.POKEMONES_TIPOS (ID,TIPO_ID,POKEMON_ID) values ('3091','3','727');
Insert into USERDB.POKEMONES_TIPOS (ID,TIPO_ID,POKEMON_ID) values ('3092','19','727');
Insert into USERDB.POKEMONES_TIPOS (ID,TIPO_ID,POKEMON_ID) values ('3093','6','728');
Insert into USERDB.POKEMONES_TIPOS (ID,TIPO_ID,POKEMON_ID) values ('3094','4','728');
Insert into USERDB.POKEMONES_TIPOS (ID,TIPO_ID,POKEMON_ID) values ('3095','6','729');
Insert into USERDB.POKEMONES_TIPOS (ID,TIPO_ID,POKEMON_ID) values ('3096','4','729');
Insert into USERDB.POKEMONES_TIPOS (ID,TIPO_ID,POKEMON_ID) values ('3097','6','730');
Insert into USERDB.POKEMONES_TIPOS (ID,TIPO_ID,POKEMON_ID) values ('3098','11','730');
Insert into USERDB.POKEMONES_TIPOS (ID,TIPO_ID,POKEMON_ID) values ('3099','8','731');
Insert into USERDB.POKEMONES_TIPOS (ID,TIPO_ID,POKEMON_ID) values ('3100','5','731');
Insert into USERDB.POKEMONES_TIPOS (ID,TIPO_ID,POKEMON_ID) values ('3101','8','732');
Insert into USERDB.POKEMONES_TIPOS (ID,TIPO_ID,POKEMON_ID) values ('3102','5','732');
Insert into USERDB.POKEMONES_TIPOS (ID,TIPO_ID,POKEMON_ID) values ('3103','8','733');
Insert into USERDB.POKEMONES_TIPOS (ID,TIPO_ID,POKEMON_ID) values ('3104','5','733');
Insert into USERDB.POKEMONES_TIPOS (ID,TIPO_ID,POKEMON_ID) values ('3105','8','734');
Insert into USERDB.POKEMONES_TIPOS (ID,TIPO_ID,POKEMON_ID) values ('3106','4','734');
Insert into USERDB.POKEMONES_TIPOS (ID,TIPO_ID,POKEMON_ID) values ('3107','8','735');
Insert into USERDB.POKEMONES_TIPOS (ID,TIPO_ID,POKEMON_ID) values ('3108','4','735');
Insert into USERDB.POKEMONES_TIPOS (ID,TIPO_ID,POKEMON_ID) values ('3109','7','736');
Insert into USERDB.POKEMONES_TIPOS (ID,TIPO_ID,POKEMON_ID) values ('3110','4','736');
Insert into USERDB.POKEMONES_TIPOS (ID,TIPO_ID,POKEMON_ID) values ('3111','7','737');
Insert into USERDB.POKEMONES_TIPOS (ID,TIPO_ID,POKEMON_ID) values ('3112','9','737');
Insert into USERDB.POKEMONES_TIPOS (ID,TIPO_ID,POKEMON_ID) values ('3113','7','738');
Insert into USERDB.POKEMONES_TIPOS (ID,TIPO_ID,POKEMON_ID) values ('3114','9','738');
Insert into USERDB.POKEMONES_TIPOS (ID,TIPO_ID,POKEMON_ID) values ('3115','12','739');
Insert into USERDB.POKEMONES_TIPOS (ID,TIPO_ID,POKEMON_ID) values ('3116','4','739');
Insert into USERDB.POKEMONES_TIPOS (ID,TIPO_ID,POKEMON_ID) values ('3117','12','740');
Insert into USERDB.POKEMONES_TIPOS (ID,TIPO_ID,POKEMON_ID) values ('3118','16','740');
Insert into USERDB.POKEMONES_TIPOS (ID,TIPO_ID,POKEMON_ID) values ('3119','3','741');
Insert into USERDB.POKEMONES_TIPOS (ID,TIPO_ID,POKEMON_ID) values ('3120','5','741');
Insert into USERDB.POKEMONES_TIPOS (ID,TIPO_ID,POKEMON_ID) values ('3121','7','742');
Insert into USERDB.POKEMONES_TIPOS (ID,TIPO_ID,POKEMON_ID) values ('3122','11','742');
Insert into USERDB.POKEMONES_TIPOS (ID,TIPO_ID,POKEMON_ID) values ('3123','7','743');
Insert into USERDB.POKEMONES_TIPOS (ID,TIPO_ID,POKEMON_ID) values ('3124','11','743');
Insert into USERDB.POKEMONES_TIPOS (ID,TIPO_ID,POKEMON_ID) values ('3125','14','744');
Insert into USERDB.POKEMONES_TIPOS (ID,TIPO_ID,POKEMON_ID) values ('3126','4','744');
Insert into USERDB.POKEMONES_TIPOS (ID,TIPO_ID,POKEMON_ID) values ('3127','14','745');
Insert into USERDB.POKEMONES_TIPOS (ID,TIPO_ID,POKEMON_ID) values ('3128','4','745');
Insert into USERDB.POKEMONES_TIPOS (ID,TIPO_ID,POKEMON_ID) values ('3129','6','746');
Insert into USERDB.POKEMONES_TIPOS (ID,TIPO_ID,POKEMON_ID) values ('3130','4','746');
Insert into USERDB.POKEMONES_TIPOS (ID,TIPO_ID,POKEMON_ID) values ('3131','2','747');
Insert into USERDB.POKEMONES_TIPOS (ID,TIPO_ID,POKEMON_ID) values ('3132','6','747');
Insert into USERDB.POKEMONES_TIPOS (ID,TIPO_ID,POKEMON_ID) values ('3133','2','748');
Insert into USERDB.POKEMONES_TIPOS (ID,TIPO_ID,POKEMON_ID) values ('3134','6','748');
Insert into USERDB.POKEMONES_TIPOS (ID,TIPO_ID,POKEMON_ID) values ('3135','10','749');
Insert into USERDB.POKEMONES_TIPOS (ID,TIPO_ID,POKEMON_ID) values ('3136','4','749');
Insert into USERDB.POKEMONES_TIPOS (ID,TIPO_ID,POKEMON_ID) values ('3137','10','750');
Insert into USERDB.POKEMONES_TIPOS (ID,TIPO_ID,POKEMON_ID) values ('3138','4','750');
Insert into USERDB.POKEMONES_TIPOS (ID,TIPO_ID,POKEMON_ID) values ('3139','6','751');
Insert into USERDB.POKEMONES_TIPOS (ID,TIPO_ID,POKEMON_ID) values ('3140','7','751');
Insert into USERDB.POKEMONES_TIPOS (ID,TIPO_ID,POKEMON_ID) values ('3141','6','752');
Insert into USERDB.POKEMONES_TIPOS (ID,TIPO_ID,POKEMON_ID) values ('3142','7','752');
Insert into USERDB.POKEMONES_TIPOS (ID,TIPO_ID,POKEMON_ID) values ('3143','1','753');
Insert into USERDB.POKEMONES_TIPOS (ID,TIPO_ID,POKEMON_ID) values ('3144','4','753');
Insert into USERDB.POKEMONES_TIPOS (ID,TIPO_ID,POKEMON_ID) values ('3145','1','754');
Insert into USERDB.POKEMONES_TIPOS (ID,TIPO_ID,POKEMON_ID) values ('3146','4','754');
Insert into USERDB.POKEMONES_TIPOS (ID,TIPO_ID,POKEMON_ID) values ('3147','1','755');
Insert into USERDB.POKEMONES_TIPOS (ID,TIPO_ID,POKEMON_ID) values ('3148','11','755');
Insert into USERDB.POKEMONES_TIPOS (ID,TIPO_ID,POKEMON_ID) values ('3149','1','756');
Insert into USERDB.POKEMONES_TIPOS (ID,TIPO_ID,POKEMON_ID) values ('3150','11','756');
Insert into USERDB.POKEMONES_TIPOS (ID,TIPO_ID,POKEMON_ID) values ('3151','2','757');
Insert into USERDB.POKEMONES_TIPOS (ID,TIPO_ID,POKEMON_ID) values ('3152','3','757');
Insert into USERDB.POKEMONES_TIPOS (ID,TIPO_ID,POKEMON_ID) values ('3153','2','758');
Insert into USERDB.POKEMONES_TIPOS (ID,TIPO_ID,POKEMON_ID) values ('3154','3','758');
Insert into USERDB.POKEMONES_TIPOS (ID,TIPO_ID,POKEMON_ID) values ('3155','8','759');
Insert into USERDB.POKEMONES_TIPOS (ID,TIPO_ID,POKEMON_ID) values ('3156','12','759');
Insert into USERDB.POKEMONES_TIPOS (ID,TIPO_ID,POKEMON_ID) values ('3157','8','760');
Insert into USERDB.POKEMONES_TIPOS (ID,TIPO_ID,POKEMON_ID) values ('3158','12','760');
Insert into USERDB.POKEMONES_TIPOS (ID,TIPO_ID,POKEMON_ID) values ('3159','1','761');
Insert into USERDB.POKEMONES_TIPOS (ID,TIPO_ID,POKEMON_ID) values ('3160','4','761');
Insert into USERDB.POKEMONES_TIPOS (ID,TIPO_ID,POKEMON_ID) values ('3161','1','762');
Insert into USERDB.POKEMONES_TIPOS (ID,TIPO_ID,POKEMON_ID) values ('3162','4','762');
Insert into USERDB.POKEMONES_TIPOS (ID,TIPO_ID,POKEMON_ID) values ('3163','1','763');
Insert into USERDB.POKEMONES_TIPOS (ID,TIPO_ID,POKEMON_ID) values ('3164','4','763');
Insert into USERDB.POKEMONES_TIPOS (ID,TIPO_ID,POKEMON_ID) values ('3165','11','764');
Insert into USERDB.POKEMONES_TIPOS (ID,TIPO_ID,POKEMON_ID) values ('3166','4','764');
Insert into USERDB.POKEMONES_TIPOS (ID,TIPO_ID,POKEMON_ID) values ('3167','8','765');
Insert into USERDB.POKEMONES_TIPOS (ID,TIPO_ID,POKEMON_ID) values ('3168','13','765');
Insert into USERDB.POKEMONES_TIPOS (ID,TIPO_ID,POKEMON_ID) values ('3169','12','766');
Insert into USERDB.POKEMONES_TIPOS (ID,TIPO_ID,POKEMON_ID) values ('3170','4','766');
Insert into USERDB.POKEMONES_TIPOS (ID,TIPO_ID,POKEMON_ID) values ('3171','7','767');
Insert into USERDB.POKEMONES_TIPOS (ID,TIPO_ID,POKEMON_ID) values ('3172','6','767');
Insert into USERDB.POKEMONES_TIPOS (ID,TIPO_ID,POKEMON_ID) values ('3173','7','768');
Insert into USERDB.POKEMONES_TIPOS (ID,TIPO_ID,POKEMON_ID) values ('3174','6','768');
Insert into USERDB.POKEMONES_TIPOS (ID,TIPO_ID,POKEMON_ID) values ('3175','17','769');
Insert into USERDB.POKEMONES_TIPOS (ID,TIPO_ID,POKEMON_ID) values ('3176','10','769');
Insert into USERDB.POKEMONES_TIPOS (ID,TIPO_ID,POKEMON_ID) values ('3177','17','770');
Insert into USERDB.POKEMONES_TIPOS (ID,TIPO_ID,POKEMON_ID) values ('3178','10','770');
Insert into USERDB.POKEMONES_TIPOS (ID,TIPO_ID,POKEMON_ID) values ('3179','6','771');
Insert into USERDB.POKEMONES_TIPOS (ID,TIPO_ID,POKEMON_ID) values ('3180','4','771');
Insert into USERDB.POKEMONES_TIPOS (ID,TIPO_ID,POKEMON_ID) values ('2106','4','234');
Insert into USERDB.POKEMONES_TIPOS (ID,TIPO_ID,POKEMON_ID) values ('2107','8','235');
Insert into USERDB.POKEMONES_TIPOS (ID,TIPO_ID,POKEMON_ID) values ('2108','4','235');
Insert into USERDB.POKEMONES_TIPOS (ID,TIPO_ID,POKEMON_ID) values ('2109','12','236');
Insert into USERDB.POKEMONES_TIPOS (ID,TIPO_ID,POKEMON_ID) values ('2110','4','236');
Insert into USERDB.POKEMONES_TIPOS (ID,TIPO_ID,POKEMON_ID) values ('2111','12','237');
Insert into USERDB.POKEMONES_TIPOS (ID,TIPO_ID,POKEMON_ID) values ('2112','4','237');
Insert into USERDB.POKEMONES_TIPOS (ID,TIPO_ID,POKEMON_ID) values ('2113','16','238');
Insert into USERDB.POKEMONES_TIPOS (ID,TIPO_ID,POKEMON_ID) values ('2114','13','238');
Insert into USERDB.POKEMONES_TIPOS (ID,TIPO_ID,POKEMON_ID) values ('2115','9','239');
Insert into USERDB.POKEMONES_TIPOS (ID,TIPO_ID,POKEMON_ID) values ('2116','4','239');
Insert into USERDB.POKEMONES_TIPOS (ID,TIPO_ID,POKEMON_ID) values ('2117','3','240');
Insert into USERDB.POKEMONES_TIPOS (ID,TIPO_ID,POKEMON_ID) values ('2118','4','240');
Insert into USERDB.POKEMONES_TIPOS (ID,TIPO_ID,POKEMON_ID) values ('2119','8','241');
Insert into USERDB.POKEMONES_TIPOS (ID,TIPO_ID,POKEMON_ID) values ('2120','4','241');
Insert into USERDB.POKEMONES_TIPOS (ID,TIPO_ID,POKEMON_ID) values ('2121','8','242');
Insert into USERDB.POKEMONES_TIPOS (ID,TIPO_ID,POKEMON_ID) values ('2122','4','242');
Insert into USERDB.POKEMONES_TIPOS (ID,TIPO_ID,POKEMON_ID) values ('2123','9','243');
Insert into USERDB.POKEMONES_TIPOS (ID,TIPO_ID,POKEMON_ID) values ('2124','4','243');
Insert into USERDB.POKEMONES_TIPOS (ID,TIPO_ID,POKEMON_ID) values ('2125','3','244');
Insert into USERDB.POKEMONES_TIPOS (ID,TIPO_ID,POKEMON_ID) values ('2126','4','244');
Insert into USERDB.POKEMONES_TIPOS (ID,TIPO_ID,POKEMON_ID) values ('2127','6','245');
Insert into USERDB.POKEMONES_TIPOS (ID,TIPO_ID,POKEMON_ID) values ('2128','4','245');
Insert into USERDB.POKEMONES_TIPOS (ID,TIPO_ID,POKEMON_ID) values ('2129','14','246');
Insert into USERDB.POKEMONES_TIPOS (ID,TIPO_ID,POKEMON_ID) values ('2130','10','246');
Insert into USERDB.POKEMONES_TIPOS (ID,TIPO_ID,POKEMON_ID) values ('2131','14','247');
Insert into USERDB.POKEMONES_TIPOS (ID,TIPO_ID,POKEMON_ID) values ('2132','10','247');
Insert into USERDB.POKEMONES_TIPOS (ID,TIPO_ID,POKEMON_ID) values ('2133','14','248');
Insert into USERDB.POKEMONES_TIPOS (ID,TIPO_ID,POKEMON_ID) values ('2134','19','248');
Insert into USERDB.POKEMONES_TIPOS (ID,TIPO_ID,POKEMON_ID) values ('2135','13','249');
Insert into USERDB.POKEMONES_TIPOS (ID,TIPO_ID,POKEMON_ID) values ('2136','5','249');
Insert into USERDB.POKEMONES_TIPOS (ID,TIPO_ID,POKEMON_ID) values ('2137','3','250');
Insert into USERDB.POKEMONES_TIPOS (ID,TIPO_ID,POKEMON_ID) values ('2138','5','250');
Insert into USERDB.POKEMONES_TIPOS (ID,TIPO_ID,POKEMON_ID) values ('2139','13','251');
Insert into USERDB.POKEMONES_TIPOS (ID,TIPO_ID,POKEMON_ID) values ('2140','1','251');
Insert into USERDB.POKEMONES_TIPOS (ID,TIPO_ID,POKEMON_ID) values ('2141','1','252');
Insert into USERDB.POKEMONES_TIPOS (ID,TIPO_ID,POKEMON_ID) values ('2142','4','252');
Insert into USERDB.POKEMONES_TIPOS (ID,TIPO_ID,POKEMON_ID) values ('2143','1','253');
Insert into USERDB.POKEMONES_TIPOS (ID,TIPO_ID,POKEMON_ID) values ('2144','4','253');
Insert into USERDB.POKEMONES_TIPOS (ID,TIPO_ID,POKEMON_ID) values ('2145','1','254');
Insert into USERDB.POKEMONES_TIPOS (ID,TIPO_ID,POKEMON_ID) values ('2146','4','254');
Insert into USERDB.POKEMONES_TIPOS (ID,TIPO_ID,POKEMON_ID) values ('2147','3','255');
Insert into USERDB.POKEMONES_TIPOS (ID,TIPO_ID,POKEMON_ID) values ('2148','4','255');
Insert into USERDB.POKEMONES_TIPOS (ID,TIPO_ID,POKEMON_ID) values ('2149','3','256');
Insert into USERDB.POKEMONES_TIPOS (ID,TIPO_ID,POKEMON_ID) values ('2150','12','256');
Insert into USERDB.POKEMONES_TIPOS (ID,TIPO_ID,POKEMON_ID) values ('2151','3','257');
Insert into USERDB.POKEMONES_TIPOS (ID,TIPO_ID,POKEMON_ID) values ('2152','12','257');
Insert into USERDB.POKEMONES_TIPOS (ID,TIPO_ID,POKEMON_ID) values ('2153','6','258');
Insert into USERDB.POKEMONES_TIPOS (ID,TIPO_ID,POKEMON_ID) values ('2154','4','258');
Insert into USERDB.POKEMONES_TIPOS (ID,TIPO_ID,POKEMON_ID) values ('2155','6','259');
Insert into USERDB.POKEMONES_TIPOS (ID,TIPO_ID,POKEMON_ID) values ('2156','10','259');
Insert into USERDB.POKEMONES_TIPOS (ID,TIPO_ID,POKEMON_ID) values ('2157','6','260');
Insert into USERDB.POKEMONES_TIPOS (ID,TIPO_ID,POKEMON_ID) values ('2158','10','260');
Insert into USERDB.POKEMONES_TIPOS (ID,TIPO_ID,POKEMON_ID) values ('2159','19','261');
Insert into USERDB.POKEMONES_TIPOS (ID,TIPO_ID,POKEMON_ID) values ('2160','19','261');
Insert into USERDB.POKEMONES_TIPOS (ID,TIPO_ID,POKEMON_ID) values ('2161','19','262');
Insert into USERDB.POKEMONES_TIPOS (ID,TIPO_ID,POKEMON_ID) values ('2162','19','262');
Insert into USERDB.POKEMONES_TIPOS (ID,TIPO_ID,POKEMON_ID) values ('2163','8','263');
Insert into USERDB.POKEMONES_TIPOS (ID,TIPO_ID,POKEMON_ID) values ('2164','4','263');
Insert into USERDB.POKEMONES_TIPOS (ID,TIPO_ID,POKEMON_ID) values ('2165','8','264');
Insert into USERDB.POKEMONES_TIPOS (ID,TIPO_ID,POKEMON_ID) values ('2166','4','264');
Insert into USERDB.POKEMONES_TIPOS (ID,TIPO_ID,POKEMON_ID) values ('2167','7','265');
Insert into USERDB.POKEMONES_TIPOS (ID,TIPO_ID,POKEMON_ID) values ('2168','4','265');
Insert into USERDB.POKEMONES_TIPOS (ID,TIPO_ID,POKEMON_ID) values ('2169','7','266');
Insert into USERDB.POKEMONES_TIPOS (ID,TIPO_ID,POKEMON_ID) values ('2170','4','266');
Insert into USERDB.POKEMONES_TIPOS (ID,TIPO_ID,POKEMON_ID) values ('2171','7','267');
Insert into USERDB.POKEMONES_TIPOS (ID,TIPO_ID,POKEMON_ID) values ('2172','5','267');
Insert into USERDB.POKEMONES_TIPOS (ID,TIPO_ID,POKEMON_ID) values ('2173','7','268');
Insert into USERDB.POKEMONES_TIPOS (ID,TIPO_ID,POKEMON_ID) values ('2174','4','268');
Insert into USERDB.POKEMONES_TIPOS (ID,TIPO_ID,POKEMON_ID) values ('2175','7','269');
Insert into USERDB.POKEMONES_TIPOS (ID,TIPO_ID,POKEMON_ID) values ('2176','2','269');
Insert into USERDB.POKEMONES_TIPOS (ID,TIPO_ID,POKEMON_ID) values ('2177','6','270');
Insert into USERDB.POKEMONES_TIPOS (ID,TIPO_ID,POKEMON_ID) values ('2178','1','270');
Insert into USERDB.POKEMONES_TIPOS (ID,TIPO_ID,POKEMON_ID) values ('2179','6','271');
Insert into USERDB.POKEMONES_TIPOS (ID,TIPO_ID,POKEMON_ID) values ('2180','1','271');
Insert into USERDB.POKEMONES_TIPOS (ID,TIPO_ID,POKEMON_ID) values ('2181','6','272');
Insert into USERDB.POKEMONES_TIPOS (ID,TIPO_ID,POKEMON_ID) values ('2182','1','272');
Insert into USERDB.POKEMONES_TIPOS (ID,TIPO_ID,POKEMON_ID) values ('2183','1','273');
Insert into USERDB.POKEMONES_TIPOS (ID,TIPO_ID,POKEMON_ID) values ('2184','4','273');
Insert into USERDB.POKEMONES_TIPOS (ID,TIPO_ID,POKEMON_ID) values ('2185','1','274');
Insert into USERDB.POKEMONES_TIPOS (ID,TIPO_ID,POKEMON_ID) values ('2186','19','274');
Insert into USERDB.POKEMONES_TIPOS (ID,TIPO_ID,POKEMON_ID) values ('2187','1','275');
Insert into USERDB.POKEMONES_TIPOS (ID,TIPO_ID,POKEMON_ID) values ('2188','19','275');
Insert into USERDB.POKEMONES_TIPOS (ID,TIPO_ID,POKEMON_ID) values ('2189','8','276');
Insert into USERDB.POKEMONES_TIPOS (ID,TIPO_ID,POKEMON_ID) values ('2190','5','276');
Insert into USERDB.POKEMONES_TIPOS (ID,TIPO_ID,POKEMON_ID) values ('2191','8','277');
Insert into USERDB.POKEMONES_TIPOS (ID,TIPO_ID,POKEMON_ID) values ('2192','5','277');
Insert into USERDB.POKEMONES_TIPOS (ID,TIPO_ID,POKEMON_ID) values ('2193','6','278');
Insert into USERDB.POKEMONES_TIPOS (ID,TIPO_ID,POKEMON_ID) values ('2194','5','278');
Insert into USERDB.POKEMONES_TIPOS (ID,TIPO_ID,POKEMON_ID) values ('2195','6','279');
Insert into USERDB.POKEMONES_TIPOS (ID,TIPO_ID,POKEMON_ID) values ('2196','5','279');
Insert into USERDB.POKEMONES_TIPOS (ID,TIPO_ID,POKEMON_ID) values ('2197','13','280');
Insert into USERDB.POKEMONES_TIPOS (ID,TIPO_ID,POKEMON_ID) values ('2198','11','280');
Insert into USERDB.POKEMONES_TIPOS (ID,TIPO_ID,POKEMON_ID) values ('2199','13','281');
Insert into USERDB.POKEMONES_TIPOS (ID,TIPO_ID,POKEMON_ID) values ('2200','11','281');
Insert into USERDB.POKEMONES_TIPOS (ID,TIPO_ID,POKEMON_ID) values ('2201','13','282');
Insert into USERDB.POKEMONES_TIPOS (ID,TIPO_ID,POKEMON_ID) values ('2202','11','282');
Insert into USERDB.POKEMONES_TIPOS (ID,TIPO_ID,POKEMON_ID) values ('2203','7','283');
Insert into USERDB.POKEMONES_TIPOS (ID,TIPO_ID,POKEMON_ID) values ('2204','6','283');
Insert into USERDB.POKEMONES_TIPOS (ID,TIPO_ID,POKEMON_ID) values ('2205','7','284');
Insert into USERDB.POKEMONES_TIPOS (ID,TIPO_ID,POKEMON_ID) values ('2206','5','284');
Insert into USERDB.POKEMONES_TIPOS (ID,TIPO_ID,POKEMON_ID) values ('2207','1','285');
Insert into USERDB.POKEMONES_TIPOS (ID,TIPO_ID,POKEMON_ID) values ('2208','4','285');
Insert into USERDB.POKEMONES_TIPOS (ID,TIPO_ID,POKEMON_ID) values ('2209','1','286');
Insert into USERDB.POKEMONES_TIPOS (ID,TIPO_ID,POKEMON_ID) values ('2210','12','286');
Insert into USERDB.POKEMONES_TIPOS (ID,TIPO_ID,POKEMON_ID) values ('2211','8','287');
Insert into USERDB.POKEMONES_TIPOS (ID,TIPO_ID,POKEMON_ID) values ('2212','4','287');
Insert into USERDB.POKEMONES_TIPOS (ID,TIPO_ID,POKEMON_ID) values ('2213','8','288');
Insert into USERDB.POKEMONES_TIPOS (ID,TIPO_ID,POKEMON_ID) values ('2214','4','288');
Insert into USERDB.POKEMONES_TIPOS (ID,TIPO_ID,POKEMON_ID) values ('2215','8','289');
Insert into USERDB.POKEMONES_TIPOS (ID,TIPO_ID,POKEMON_ID) values ('2216','4','289');
Insert into USERDB.POKEMONES_TIPOS (ID,TIPO_ID,POKEMON_ID) values ('2217','7','290');
Insert into USERDB.POKEMONES_TIPOS (ID,TIPO_ID,POKEMON_ID) values ('2218','10','290');
Insert into USERDB.POKEMONES_TIPOS (ID,TIPO_ID,POKEMON_ID) values ('2219','7','291');
Insert into USERDB.POKEMONES_TIPOS (ID,TIPO_ID,POKEMON_ID) values ('2220','5','291');
Insert into USERDB.POKEMONES_TIPOS (ID,TIPO_ID,POKEMON_ID) values ('2221','7','292');
Insert into USERDB.POKEMONES_TIPOS (ID,TIPO_ID,POKEMON_ID) values ('2222','17','292');
Insert into USERDB.POKEMONES_TIPOS (ID,TIPO_ID,POKEMON_ID) values ('2223','8','293');
Insert into USERDB.POKEMONES_TIPOS (ID,TIPO_ID,POKEMON_ID) values ('2224','4','293');
Insert into USERDB.POKEMONES_TIPOS (ID,TIPO_ID,POKEMON_ID) values ('2225','8','294');
Insert into USERDB.POKEMONES_TIPOS (ID,TIPO_ID,POKEMON_ID) values ('2226','4','294');
Insert into USERDB.POKEMONES_TIPOS (ID,TIPO_ID,POKEMON_ID) values ('2227','8','295');
Insert into USERDB.POKEMONES_TIPOS (ID,TIPO_ID,POKEMON_ID) values ('2228','4','295');
Insert into USERDB.POKEMONES_TIPOS (ID,TIPO_ID,POKEMON_ID) values ('2229','12','296');
Insert into USERDB.POKEMONES_TIPOS (ID,TIPO_ID,POKEMON_ID) values ('2230','4','296');
Insert into USERDB.POKEMONES_TIPOS (ID,TIPO_ID,POKEMON_ID) values ('2231','12','297');
Insert into USERDB.POKEMONES_TIPOS (ID,TIPO_ID,POKEMON_ID) values ('2232','4','297');
Insert into USERDB.POKEMONES_TIPOS (ID,TIPO_ID,POKEMON_ID) values ('2233','8','298');
Insert into USERDB.POKEMONES_TIPOS (ID,TIPO_ID,POKEMON_ID) values ('2234','11','298');
Insert into USERDB.POKEMONES_TIPOS (ID,TIPO_ID,POKEMON_ID) values ('2235','14','299');
Insert into USERDB.POKEMONES_TIPOS (ID,TIPO_ID,POKEMON_ID) values ('2236','4','299');
Insert into USERDB.POKEMONES_TIPOS (ID,TIPO_ID,POKEMON_ID) values ('2237','8','300');
Insert into USERDB.POKEMONES_TIPOS (ID,TIPO_ID,POKEMON_ID) values ('2238','4','300');
Insert into USERDB.POKEMONES_TIPOS (ID,TIPO_ID,POKEMON_ID) values ('2239','8','301');
Insert into USERDB.POKEMONES_TIPOS (ID,TIPO_ID,POKEMON_ID) values ('2240','4','301');
Insert into USERDB.POKEMONES_TIPOS (ID,TIPO_ID,POKEMON_ID) values ('2241','19','302');
Insert into USERDB.POKEMONES_TIPOS (ID,TIPO_ID,POKEMON_ID) values ('2242','17','302');
Insert into USERDB.POKEMONES_TIPOS (ID,TIPO_ID,POKEMON_ID) values ('2243','15','303');
Insert into USERDB.POKEMONES_TIPOS (ID,TIPO_ID,POKEMON_ID) values ('2244','11','303');
Insert into USERDB.POKEMONES_TIPOS (ID,TIPO_ID,POKEMON_ID) values ('2245','15','304');
Insert into USERDB.POKEMONES_TIPOS (ID,TIPO_ID,POKEMON_ID) values ('2246','14','304');
Insert into USERDB.POKEMONES_TIPOS (ID,TIPO_ID,POKEMON_ID) values ('2247','15','305');
Insert into USERDB.POKEMONES_TIPOS (ID,TIPO_ID,POKEMON_ID) values ('2248','14','305');
Insert into USERDB.POKEMONES_TIPOS (ID,TIPO_ID,POKEMON_ID) values ('2249','15','306');
Insert into USERDB.POKEMONES_TIPOS (ID,TIPO_ID,POKEMON_ID) values ('2250','14','306');
Insert into USERDB.POKEMONES_TIPOS (ID,TIPO_ID,POKEMON_ID) values ('2251','12','307');
Insert into USERDB.POKEMONES_TIPOS (ID,TIPO_ID,POKEMON_ID) values ('2252','13','307');
Insert into USERDB.POKEMONES_TIPOS (ID,TIPO_ID,POKEMON_ID) values ('2253','12','308');
Insert into USERDB.POKEMONES_TIPOS (ID,TIPO_ID,POKEMON_ID) values ('2254','13','308');
Insert into USERDB.POKEMONES_TIPOS (ID,TIPO_ID,POKEMON_ID) values ('2255','9','309');
Insert into USERDB.POKEMONES_TIPOS (ID,TIPO_ID,POKEMON_ID) values ('2256','4','309');
Insert into USERDB.POKEMONES_TIPOS (ID,TIPO_ID,POKEMON_ID) values ('2257','9','310');
Insert into USERDB.POKEMONES_TIPOS (ID,TIPO_ID,POKEMON_ID) values ('2258','4','310');
Insert into USERDB.POKEMONES_TIPOS (ID,TIPO_ID,POKEMON_ID) values ('2259','9','311');
Insert into USERDB.POKEMONES_TIPOS (ID,TIPO_ID,POKEMON_ID) values ('2260','4','311');
Insert into USERDB.POKEMONES_TIPOS (ID,TIPO_ID,POKEMON_ID) values ('2261','9','312');
Insert into USERDB.POKEMONES_TIPOS (ID,TIPO_ID,POKEMON_ID) values ('2262','4','312');
Insert into USERDB.POKEMONES_TIPOS (ID,TIPO_ID,POKEMON_ID) values ('2263','7','313');
Insert into USERDB.POKEMONES_TIPOS (ID,TIPO_ID,POKEMON_ID) values ('2264','4','313');
Insert into USERDB.POKEMONES_TIPOS (ID,TIPO_ID,POKEMON_ID) values ('2265','7','314');
Insert into USERDB.POKEMONES_TIPOS (ID,TIPO_ID,POKEMON_ID) values ('2266','4','314');
Insert into USERDB.POKEMONES_TIPOS (ID,TIPO_ID,POKEMON_ID) values ('2267','1','315');
Insert into USERDB.POKEMONES_TIPOS (ID,TIPO_ID,POKEMON_ID) values ('2268','2','315');
Insert into USERDB.POKEMONES_TIPOS (ID,TIPO_ID,POKEMON_ID) values ('2269','2','316');
Insert into USERDB.POKEMONES_TIPOS (ID,TIPO_ID,POKEMON_ID) values ('2270','4','316');
Insert into USERDB.POKEMONES_TIPOS (ID,TIPO_ID,POKEMON_ID) values ('2271','2','317');
Insert into USERDB.POKEMONES_TIPOS (ID,TIPO_ID,POKEMON_ID) values ('2272','4','317');
Insert into USERDB.POKEMONES_TIPOS (ID,TIPO_ID,POKEMON_ID) values ('2273','6','318');
Insert into USERDB.POKEMONES_TIPOS (ID,TIPO_ID,POKEMON_ID) values ('2274','19','318');
Insert into USERDB.POKEMONES_TIPOS (ID,TIPO_ID,POKEMON_ID) values ('2275','6','319');
Insert into USERDB.POKEMONES_TIPOS (ID,TIPO_ID,POKEMON_ID) values ('2276','19','319');
Insert into USERDB.POKEMONES_TIPOS (ID,TIPO_ID,POKEMON_ID) values ('2277','6','320');
Insert into USERDB.POKEMONES_TIPOS (ID,TIPO_ID,POKEMON_ID) values ('2278','4','320');
Insert into USERDB.POKEMONES_TIPOS (ID,TIPO_ID,POKEMON_ID) values ('2279','6','321');
Insert into USERDB.POKEMONES_TIPOS (ID,TIPO_ID,POKEMON_ID) values ('2280','4','321');
Insert into USERDB.POKEMONES_TIPOS (ID,TIPO_ID,POKEMON_ID) values ('2281','3','322');
Insert into USERDB.POKEMONES_TIPOS (ID,TIPO_ID,POKEMON_ID) values ('2282','10','322');
Insert into USERDB.POKEMONES_TIPOS (ID,TIPO_ID,POKEMON_ID) values ('2283','3','323');
Insert into USERDB.POKEMONES_TIPOS (ID,TIPO_ID,POKEMON_ID) values ('2284','10','323');
Insert into USERDB.POKEMONES_TIPOS (ID,TIPO_ID,POKEMON_ID) values ('2285','3','324');
Insert into USERDB.POKEMONES_TIPOS (ID,TIPO_ID,POKEMON_ID) values ('2286','4','324');
Insert into USERDB.POKEMONES_TIPOS (ID,TIPO_ID,POKEMON_ID) values ('2287','13','325');
Insert into USERDB.POKEMONES_TIPOS (ID,TIPO_ID,POKEMON_ID) values ('2288','4','325');
Insert into USERDB.POKEMONES_TIPOS (ID,TIPO_ID,POKEMON_ID) values ('2289','13','326');
Insert into USERDB.POKEMONES_TIPOS (ID,TIPO_ID,POKEMON_ID) values ('2290','4','326');
Insert into USERDB.POKEMONES_TIPOS (ID,TIPO_ID,POKEMON_ID) values ('2291','8','327');
Insert into USERDB.POKEMONES_TIPOS (ID,TIPO_ID,POKEMON_ID) values ('2292','4','327');
Insert into USERDB.POKEMONES_TIPOS (ID,TIPO_ID,POKEMON_ID) values ('2293','10','328');
Insert into USERDB.POKEMONES_TIPOS (ID,TIPO_ID,POKEMON_ID) values ('2294','4','328');
Insert into USERDB.POKEMONES_TIPOS (ID,TIPO_ID,POKEMON_ID) values ('2295','10','329');
Insert into USERDB.POKEMONES_TIPOS (ID,TIPO_ID,POKEMON_ID) values ('2296','18','329');
Insert into USERDB.POKEMONES_TIPOS (ID,TIPO_ID,POKEMON_ID) values ('2297','10','330');
Insert into USERDB.POKEMONES_TIPOS (ID,TIPO_ID,POKEMON_ID) values ('2298','18','330');
Insert into USERDB.POKEMONES_TIPOS (ID,TIPO_ID,POKEMON_ID) values ('2299','1','331');
Insert into USERDB.POKEMONES_TIPOS (ID,TIPO_ID,POKEMON_ID) values ('2300','4','331');
Insert into USERDB.POKEMONES_TIPOS (ID,TIPO_ID,POKEMON_ID) values ('2301','1','332');
Insert into USERDB.POKEMONES_TIPOS (ID,TIPO_ID,POKEMON_ID) values ('2302','19','332');
Insert into USERDB.POKEMONES_TIPOS (ID,TIPO_ID,POKEMON_ID) values ('2303','8','333');
Insert into USERDB.POKEMONES_TIPOS (ID,TIPO_ID,POKEMON_ID) values ('2304','5','333');
Insert into USERDB.POKEMONES_TIPOS (ID,TIPO_ID,POKEMON_ID) values ('2305','18','334');
Insert into USERDB.POKEMONES_TIPOS (ID,TIPO_ID,POKEMON_ID) values ('2306','5','334');
Insert into USERDB.POKEMONES_TIPOS (ID,TIPO_ID,POKEMON_ID) values ('2307','8','335');
Insert into USERDB.POKEMONES_TIPOS (ID,TIPO_ID,POKEMON_ID) values ('2308','4','335');
Insert into USERDB.POKEMONES_TIPOS (ID,TIPO_ID,POKEMON_ID) values ('2309','2','336');
Insert into USERDB.POKEMONES_TIPOS (ID,TIPO_ID,POKEMON_ID) values ('2310','4','336');
Insert into USERDB.POKEMONES_TIPOS (ID,TIPO_ID,POKEMON_ID) values ('2311','14','337');
Insert into USERDB.POKEMONES_TIPOS (ID,TIPO_ID,POKEMON_ID) values ('2312','13','337');
Insert into USERDB.POKEMONES_TIPOS (ID,TIPO_ID,POKEMON_ID) values ('2313','14','338');
Insert into USERDB.POKEMONES_TIPOS (ID,TIPO_ID,POKEMON_ID) values ('2314','13','338');
Insert into USERDB.POKEMONES_TIPOS (ID,TIPO_ID,POKEMON_ID) values ('2315','6','339');
Insert into USERDB.POKEMONES_TIPOS (ID,TIPO_ID,POKEMON_ID) values ('2316','10','339');
Insert into USERDB.POKEMONES_TIPOS (ID,TIPO_ID,POKEMON_ID) values ('2317','6','340');
Insert into USERDB.POKEMONES_TIPOS (ID,TIPO_ID,POKEMON_ID) values ('2318','10','340');
Insert into USERDB.POKEMONES_TIPOS (ID,TIPO_ID,POKEMON_ID) values ('2319','6','341');
Insert into USERDB.POKEMONES_TIPOS (ID,TIPO_ID,POKEMON_ID) values ('2320','4','341');
Insert into USERDB.POKEMONES_TIPOS (ID,TIPO_ID,POKEMON_ID) values ('2321','6','342');
Insert into USERDB.POKEMONES_TIPOS (ID,TIPO_ID,POKEMON_ID) values ('2322','19','342');
Insert into USERDB.POKEMONES_TIPOS (ID,TIPO_ID,POKEMON_ID) values ('2323','10','343');
Insert into USERDB.POKEMONES_TIPOS (ID,TIPO_ID,POKEMON_ID) values ('2324','13','343');
Insert into USERDB.POKEMONES_TIPOS (ID,TIPO_ID,POKEMON_ID) values ('2325','10','344');
Insert into USERDB.POKEMONES_TIPOS (ID,TIPO_ID,POKEMON_ID) values ('2326','13','344');
Insert into USERDB.POKEMONES_TIPOS (ID,TIPO_ID,POKEMON_ID) values ('2327','14','345');
Insert into USERDB.POKEMONES_TIPOS (ID,TIPO_ID,POKEMON_ID) values ('2328','1','345');
Insert into USERDB.POKEMONES_TIPOS (ID,TIPO_ID,POKEMON_ID) values ('2329','14','346');
Insert into USERDB.POKEMONES_TIPOS (ID,TIPO_ID,POKEMON_ID) values ('2330','1','346');
Insert into USERDB.POKEMONES_TIPOS (ID,TIPO_ID,POKEMON_ID) values ('2331','14','347');
Insert into USERDB.POKEMONES_TIPOS (ID,TIPO_ID,POKEMON_ID) values ('2332','7','347');
Insert into USERDB.POKEMONES_TIPOS (ID,TIPO_ID,POKEMON_ID) values ('2333','14','348');
Insert into USERDB.POKEMONES_TIPOS (ID,TIPO_ID,POKEMON_ID) values ('2334','7','348');
Insert into USERDB.POKEMONES_TIPOS (ID,TIPO_ID,POKEMON_ID) values ('2335','6','349');
Insert into USERDB.POKEMONES_TIPOS (ID,TIPO_ID,POKEMON_ID) values ('2336','4','349');
Insert into USERDB.POKEMONES_TIPOS (ID,TIPO_ID,POKEMON_ID) values ('2337','6','350');
Insert into USERDB.POKEMONES_TIPOS (ID,TIPO_ID,POKEMON_ID) values ('2338','4','350');
Insert into USERDB.POKEMONES_TIPOS (ID,TIPO_ID,POKEMON_ID) values ('2339','8','351');
Insert into USERDB.POKEMONES_TIPOS (ID,TIPO_ID,POKEMON_ID) values ('2340','4','351');
Insert into USERDB.POKEMONES_TIPOS (ID,TIPO_ID,POKEMON_ID) values ('2341','8','352');
Insert into USERDB.POKEMONES_TIPOS (ID,TIPO_ID,POKEMON_ID) values ('2342','4','352');
Insert into USERDB.POKEMONES_TIPOS (ID,TIPO_ID,POKEMON_ID) values ('2343','17','353');
Insert into USERDB.POKEMONES_TIPOS (ID,TIPO_ID,POKEMON_ID) values ('2344','4','353');
Insert into USERDB.POKEMONES_TIPOS (ID,TIPO_ID,POKEMON_ID) values ('2345','17','354');
Insert into USERDB.POKEMONES_TIPOS (ID,TIPO_ID,POKEMON_ID) values ('2346','4','354');
Insert into USERDB.POKEMONES_TIPOS (ID,TIPO_ID,POKEMON_ID) values ('2347','17','355');
Insert into USERDB.POKEMONES_TIPOS (ID,TIPO_ID,POKEMON_ID) values ('2348','4','355');
Insert into USERDB.POKEMONES_TIPOS (ID,TIPO_ID,POKEMON_ID) values ('2349','17','356');
Insert into USERDB.POKEMONES_TIPOS (ID,TIPO_ID,POKEMON_ID) values ('2350','4','356');
Insert into USERDB.POKEMONES_TIPOS (ID,TIPO_ID,POKEMON_ID) values ('2351','1','357');
Insert into USERDB.POKEMONES_TIPOS (ID,TIPO_ID,POKEMON_ID) values ('2352','5','357');
Insert into USERDB.POKEMONES_TIPOS (ID,TIPO_ID,POKEMON_ID) values ('2353','13','358');
Insert into USERDB.POKEMONES_TIPOS (ID,TIPO_ID,POKEMON_ID) values ('2354','4','358');
Insert into USERDB.POKEMONES_TIPOS (ID,TIPO_ID,POKEMON_ID) values ('2355','19','359');
Insert into USERDB.POKEMONES_TIPOS (ID,TIPO_ID,POKEMON_ID) values ('2356','4','359');
Insert into USERDB.POKEMONES_TIPOS (ID,TIPO_ID,POKEMON_ID) values ('2357','13','360');
Insert into USERDB.POKEMONES_TIPOS (ID,TIPO_ID,POKEMON_ID) values ('2358','4','360');
Insert into USERDB.POKEMONES_TIPOS (ID,TIPO_ID,POKEMON_ID) values ('2359','16','361');
Insert into USERDB.POKEMONES_TIPOS (ID,TIPO_ID,POKEMON_ID) values ('2360','4','361');
Insert into USERDB.POKEMONES_TIPOS (ID,TIPO_ID,POKEMON_ID) values ('2361','16','362');
Insert into USERDB.POKEMONES_TIPOS (ID,TIPO_ID,POKEMON_ID) values ('2362','4','362');
Insert into USERDB.POKEMONES_TIPOS (ID,TIPO_ID,POKEMON_ID) values ('2363','16','363');
Insert into USERDB.POKEMONES_TIPOS (ID,TIPO_ID,POKEMON_ID) values ('2364','6','363');
Insert into USERDB.POKEMONES_TIPOS (ID,TIPO_ID,POKEMON_ID) values ('2365','16','364');
Insert into USERDB.POKEMONES_TIPOS (ID,TIPO_ID,POKEMON_ID) values ('2366','6','364');
Insert into USERDB.POKEMONES_TIPOS (ID,TIPO_ID,POKEMON_ID) values ('2367','16','365');
Insert into USERDB.POKEMONES_TIPOS (ID,TIPO_ID,POKEMON_ID) values ('2368','6','365');
Insert into USERDB.POKEMONES_TIPOS (ID,TIPO_ID,POKEMON_ID) values ('2369','6','366');
Insert into USERDB.POKEMONES_TIPOS (ID,TIPO_ID,POKEMON_ID) values ('2370','4','366');
Insert into USERDB.POKEMONES_TIPOS (ID,TIPO_ID,POKEMON_ID) values ('2371','6','367');
Insert into USERDB.POKEMONES_TIPOS (ID,TIPO_ID,POKEMON_ID) values ('2372','4','367');
Insert into USERDB.POKEMONES_TIPOS (ID,TIPO_ID,POKEMON_ID) values ('2373','6','368');
Insert into USERDB.POKEMONES_TIPOS (ID,TIPO_ID,POKEMON_ID) values ('2374','4','368');
Insert into USERDB.POKEMONES_TIPOS (ID,TIPO_ID,POKEMON_ID) values ('2375','6','369');
Insert into USERDB.POKEMONES_TIPOS (ID,TIPO_ID,POKEMON_ID) values ('2376','14','369');
Insert into USERDB.POKEMONES_TIPOS (ID,TIPO_ID,POKEMON_ID) values ('2377','6','370');
Insert into USERDB.POKEMONES_TIPOS (ID,TIPO_ID,POKEMON_ID) values ('2378','4','370');
Insert into USERDB.POKEMONES_TIPOS (ID,TIPO_ID,POKEMON_ID) values ('2379','18','371');
Insert into USERDB.POKEMONES_TIPOS (ID,TIPO_ID,POKEMON_ID) values ('2380','4','371');
Insert into USERDB.POKEMONES_TIPOS (ID,TIPO_ID,POKEMON_ID) values ('2381','18','372');
Insert into USERDB.POKEMONES_TIPOS (ID,TIPO_ID,POKEMON_ID) values ('2382','4','372');
Insert into USERDB.POKEMONES_TIPOS (ID,TIPO_ID,POKEMON_ID) values ('2383','18','373');
Insert into USERDB.POKEMONES_TIPOS (ID,TIPO_ID,POKEMON_ID) values ('2384','5','373');
Insert into USERDB.POKEMONES_TIPOS (ID,TIPO_ID,POKEMON_ID) values ('2385','15','374');
Insert into USERDB.POKEMONES_TIPOS (ID,TIPO_ID,POKEMON_ID) values ('2386','13','374');
Insert into USERDB.POKEMONES_TIPOS (ID,TIPO_ID,POKEMON_ID) values ('2387','15','375');
Insert into USERDB.POKEMONES_TIPOS (ID,TIPO_ID,POKEMON_ID) values ('2388','13','375');
Insert into USERDB.POKEMONES_TIPOS (ID,TIPO_ID,POKEMON_ID) values ('2389','15','376');
Insert into USERDB.POKEMONES_TIPOS (ID,TIPO_ID,POKEMON_ID) values ('2390','13','376');
Insert into USERDB.POKEMONES_TIPOS (ID,TIPO_ID,POKEMON_ID) values ('2391','14','377');
Insert into USERDB.POKEMONES_TIPOS (ID,TIPO_ID,POKEMON_ID) values ('2392','4','377');
Insert into USERDB.POKEMONES_TIPOS (ID,TIPO_ID,POKEMON_ID) values ('2393','16','378');
Insert into USERDB.POKEMONES_TIPOS (ID,TIPO_ID,POKEMON_ID) values ('2394','4','378');
Insert into USERDB.POKEMONES_TIPOS (ID,TIPO_ID,POKEMON_ID) values ('2395','15','379');
Insert into USERDB.POKEMONES_TIPOS (ID,TIPO_ID,POKEMON_ID) values ('2396','4','379');
Insert into USERDB.POKEMONES_TIPOS (ID,TIPO_ID,POKEMON_ID) values ('2397','18','380');
Insert into USERDB.POKEMONES_TIPOS (ID,TIPO_ID,POKEMON_ID) values ('2398','13','380');
Insert into USERDB.POKEMONES_TIPOS (ID,TIPO_ID,POKEMON_ID) values ('2399','18','381');
Insert into USERDB.POKEMONES_TIPOS (ID,TIPO_ID,POKEMON_ID) values ('2400','13','381');
Insert into USERDB.POKEMONES_TIPOS (ID,TIPO_ID,POKEMON_ID) values ('2401','6','382');
Insert into USERDB.POKEMONES_TIPOS (ID,TIPO_ID,POKEMON_ID) values ('2402','4','382');
Insert into USERDB.POKEMONES_TIPOS (ID,TIPO_ID,POKEMON_ID) values ('2403','10','383');
Insert into USERDB.POKEMONES_TIPOS (ID,TIPO_ID,POKEMON_ID) values ('2404','4','383');
Insert into USERDB.POKEMONES_TIPOS (ID,TIPO_ID,POKEMON_ID) values ('2405','18','384');
Insert into USERDB.POKEMONES_TIPOS (ID,TIPO_ID,POKEMON_ID) values ('2406','5','384');
Insert into USERDB.POKEMONES_TIPOS (ID,TIPO_ID,POKEMON_ID) values ('2407','15','385');
Insert into USERDB.POKEMONES_TIPOS (ID,TIPO_ID,POKEMON_ID) values ('2408','13','385');
Insert into USERDB.POKEMONES_TIPOS (ID,TIPO_ID,POKEMON_ID) values ('2409','13','386');
Insert into USERDB.POKEMONES_TIPOS (ID,TIPO_ID,POKEMON_ID) values ('2410','4','386');
Insert into USERDB.POKEMONES_TIPOS (ID,TIPO_ID,POKEMON_ID) values ('2411','1','387');
Insert into USERDB.POKEMONES_TIPOS (ID,TIPO_ID,POKEMON_ID) values ('2412','4','387');
Insert into USERDB.POKEMONES_TIPOS (ID,TIPO_ID,POKEMON_ID) values ('2413','1','388');
Insert into USERDB.POKEMONES_TIPOS (ID,TIPO_ID,POKEMON_ID) values ('2414','4','388');
Insert into USERDB.POKEMONES_TIPOS (ID,TIPO_ID,POKEMON_ID) values ('2415','1','389');
Insert into USERDB.POKEMONES_TIPOS (ID,TIPO_ID,POKEMON_ID) values ('2416','10','389');
Insert into USERDB.POKEMONES_TIPOS (ID,TIPO_ID,POKEMON_ID) values ('2417','3','390');
Insert into USERDB.POKEMONES_TIPOS (ID,TIPO_ID,POKEMON_ID) values ('2418','4','390');
Insert into USERDB.POKEMONES_TIPOS (ID,TIPO_ID,POKEMON_ID) values ('2419','3','391');
Insert into USERDB.POKEMONES_TIPOS (ID,TIPO_ID,POKEMON_ID) values ('2420','12','391');
Insert into USERDB.POKEMONES_TIPOS (ID,TIPO_ID,POKEMON_ID) values ('2421','3','392');
Insert into USERDB.POKEMONES_TIPOS (ID,TIPO_ID,POKEMON_ID) values ('2422','12','392');
Insert into USERDB.POKEMONES_TIPOS (ID,TIPO_ID,POKEMON_ID) values ('2423','6','393');
Insert into USERDB.POKEMONES_TIPOS (ID,TIPO_ID,POKEMON_ID) values ('2424','4','393');
Insert into USERDB.POKEMONES_TIPOS (ID,TIPO_ID,POKEMON_ID) values ('2425','6','394');
Insert into USERDB.POKEMONES_TIPOS (ID,TIPO_ID,POKEMON_ID) values ('2426','4','394');
Insert into USERDB.POKEMONES_TIPOS (ID,TIPO_ID,POKEMON_ID) values ('2427','6','395');
Insert into USERDB.POKEMONES_TIPOS (ID,TIPO_ID,POKEMON_ID) values ('2428','15','395');
Insert into USERDB.POKEMONES_TIPOS (ID,TIPO_ID,POKEMON_ID) values ('2429','8','396');
Insert into USERDB.POKEMONES_TIPOS (ID,TIPO_ID,POKEMON_ID) values ('2430','5','396');
Insert into USERDB.POKEMONES_TIPOS (ID,TIPO_ID,POKEMON_ID) values ('2431','8','397');
Insert into USERDB.POKEMONES_TIPOS (ID,TIPO_ID,POKEMON_ID) values ('2432','5','397');
Insert into USERDB.POKEMONES_TIPOS (ID,TIPO_ID,POKEMON_ID) values ('2433','8','398');
Insert into USERDB.POKEMONES_TIPOS (ID,TIPO_ID,POKEMON_ID) values ('2434','5','398');
Insert into USERDB.POKEMONES_TIPOS (ID,TIPO_ID,POKEMON_ID) values ('2435','8','399');
Insert into USERDB.POKEMONES_TIPOS (ID,TIPO_ID,POKEMON_ID) values ('2436','4','399');
Insert into USERDB.POKEMONES_TIPOS (ID,TIPO_ID,POKEMON_ID) values ('2437','8','400');
Insert into USERDB.POKEMONES_TIPOS (ID,TIPO_ID,POKEMON_ID) values ('2438','6','400');
Insert into USERDB.POKEMONES_TIPOS (ID,TIPO_ID,POKEMON_ID) values ('2439','7','401');
Insert into USERDB.POKEMONES_TIPOS (ID,TIPO_ID,POKEMON_ID) values ('2440','4','401');
Insert into USERDB.POKEMONES_TIPOS (ID,TIPO_ID,POKEMON_ID) values ('2441','7','402');
Insert into USERDB.POKEMONES_TIPOS (ID,TIPO_ID,POKEMON_ID) values ('2442','4','402');
Insert into USERDB.POKEMONES_TIPOS (ID,TIPO_ID,POKEMON_ID) values ('2443','9','403');
Insert into USERDB.POKEMONES_TIPOS (ID,TIPO_ID,POKEMON_ID) values ('2444','4','403');
Insert into USERDB.POKEMONES_TIPOS (ID,TIPO_ID,POKEMON_ID) values ('2445','9','404');
Insert into USERDB.POKEMONES_TIPOS (ID,TIPO_ID,POKEMON_ID) values ('2446','4','404');
Insert into USERDB.POKEMONES_TIPOS (ID,TIPO_ID,POKEMON_ID) values ('2447','9','405');
Insert into USERDB.POKEMONES_TIPOS (ID,TIPO_ID,POKEMON_ID) values ('2448','4','405');
Insert into USERDB.POKEMONES_TIPOS (ID,TIPO_ID,POKEMON_ID) values ('2449','1','406');
Insert into USERDB.POKEMONES_TIPOS (ID,TIPO_ID,POKEMON_ID) values ('2450','2','406');
Insert into USERDB.POKEMONES_TIPOS (ID,TIPO_ID,POKEMON_ID) values ('2451','1','407');
Insert into USERDB.POKEMONES_TIPOS (ID,TIPO_ID,POKEMON_ID) values ('2452','2','407');
Insert into USERDB.POKEMONES_TIPOS (ID,TIPO_ID,POKEMON_ID) values ('2453','14','408');
Insert into USERDB.POKEMONES_TIPOS (ID,TIPO_ID,POKEMON_ID) values ('2454','4','408');
Insert into USERDB.POKEMONES_TIPOS (ID,TIPO_ID,POKEMON_ID) values ('2455','14','409');
Insert into USERDB.POKEMONES_TIPOS (ID,TIPO_ID,POKEMON_ID) values ('2456','4','409');
Insert into USERDB.POKEMONES_TIPOS (ID,TIPO_ID,POKEMON_ID) values ('2457','14','410');
Insert into USERDB.POKEMONES_TIPOS (ID,TIPO_ID,POKEMON_ID) values ('2458','15','410');
Insert into USERDB.POKEMONES_TIPOS (ID,TIPO_ID,POKEMON_ID) values ('2459','14','411');
Insert into USERDB.POKEMONES_TIPOS (ID,TIPO_ID,POKEMON_ID) values ('2460','15','411');
Insert into USERDB.POKEMONES_TIPOS (ID,TIPO_ID,POKEMON_ID) values ('2461','7','412');
Insert into USERDB.POKEMONES_TIPOS (ID,TIPO_ID,POKEMON_ID) values ('2462','4','412');
Insert into USERDB.POKEMONES_TIPOS (ID,TIPO_ID,POKEMON_ID) values ('2463','7','413');
Insert into USERDB.POKEMONES_TIPOS (ID,TIPO_ID,POKEMON_ID) values ('2464','1','413');
Insert into USERDB.POKEMONES_TIPOS (ID,TIPO_ID,POKEMON_ID) values ('2465','7','414');
Insert into USERDB.POKEMONES_TIPOS (ID,TIPO_ID,POKEMON_ID) values ('2466','5','414');
Insert into USERDB.POKEMONES_TIPOS (ID,TIPO_ID,POKEMON_ID) values ('2467','7','415');
Insert into USERDB.POKEMONES_TIPOS (ID,TIPO_ID,POKEMON_ID) values ('2468','5','415');
Insert into USERDB.POKEMONES_TIPOS (ID,TIPO_ID,POKEMON_ID) values ('2469','7','416');
Insert into USERDB.POKEMONES_TIPOS (ID,TIPO_ID,POKEMON_ID) values ('2470','5','416');
Insert into USERDB.POKEMONES_TIPOS (ID,TIPO_ID,POKEMON_ID) values ('2471','9','417');
Insert into USERDB.POKEMONES_TIPOS (ID,TIPO_ID,POKEMON_ID) values ('2472','4','417');
Insert into USERDB.POKEMONES_TIPOS (ID,TIPO_ID,POKEMON_ID) values ('2473','6','418');
Insert into USERDB.POKEMONES_TIPOS (ID,TIPO_ID,POKEMON_ID) values ('2474','4','418');
Insert into USERDB.POKEMONES_TIPOS (ID,TIPO_ID,POKEMON_ID) values ('2475','6','419');
Insert into USERDB.POKEMONES_TIPOS (ID,TIPO_ID,POKEMON_ID) values ('2476','4','419');
Insert into USERDB.POKEMONES_TIPOS (ID,TIPO_ID,POKEMON_ID) values ('2477','1','420');
Insert into USERDB.POKEMONES_TIPOS (ID,TIPO_ID,POKEMON_ID) values ('2478','4','420');
Insert into USERDB.POKEMONES_TIPOS (ID,TIPO_ID,POKEMON_ID) values ('2479','1','421');
Insert into USERDB.POKEMONES_TIPOS (ID,TIPO_ID,POKEMON_ID) values ('2480','4','421');
Insert into USERDB.POKEMONES_TIPOS (ID,TIPO_ID,POKEMON_ID) values ('2481','6','422');
Insert into USERDB.POKEMONES_TIPOS (ID,TIPO_ID,POKEMON_ID) values ('2482','4','422');
Insert into USERDB.POKEMONES_TIPOS (ID,TIPO_ID,POKEMON_ID) values ('2483','6','423');
Insert into USERDB.POKEMONES_TIPOS (ID,TIPO_ID,POKEMON_ID) values ('2484','10','423');
Insert into USERDB.POKEMONES_TIPOS (ID,TIPO_ID,POKEMON_ID) values ('2485','8','424');
Insert into USERDB.POKEMONES_TIPOS (ID,TIPO_ID,POKEMON_ID) values ('2486','4','424');
Insert into USERDB.POKEMONES_TIPOS (ID,TIPO_ID,POKEMON_ID) values ('2487','17','425');
Insert into USERDB.POKEMONES_TIPOS (ID,TIPO_ID,POKEMON_ID) values ('2488','5','425');
Insert into USERDB.POKEMONES_TIPOS (ID,TIPO_ID,POKEMON_ID) values ('2489','17','426');
Insert into USERDB.POKEMONES_TIPOS (ID,TIPO_ID,POKEMON_ID) values ('2490','5','426');
Insert into USERDB.POKEMONES_TIPOS (ID,TIPO_ID,POKEMON_ID) values ('2491','8','427');
Insert into USERDB.POKEMONES_TIPOS (ID,TIPO_ID,POKEMON_ID) values ('2492','4','427');
Insert into USERDB.POKEMONES_TIPOS (ID,TIPO_ID,POKEMON_ID) values ('2493','8','428');
Insert into USERDB.POKEMONES_TIPOS (ID,TIPO_ID,POKEMON_ID) values ('2494','4','428');
Insert into USERDB.POKEMONES_TIPOS (ID,TIPO_ID,POKEMON_ID) values ('2495','17','429');
Insert into USERDB.POKEMONES_TIPOS (ID,TIPO_ID,POKEMON_ID) values ('2496','4','429');
Insert into USERDB.POKEMONES_TIPOS (ID,TIPO_ID,POKEMON_ID) values ('2497','19','430');
Insert into USERDB.POKEMONES_TIPOS (ID,TIPO_ID,POKEMON_ID) values ('2498','5','430');
Insert into USERDB.POKEMONES_TIPOS (ID,TIPO_ID,POKEMON_ID) values ('2499','8','431');
Insert into USERDB.POKEMONES_TIPOS (ID,TIPO_ID,POKEMON_ID) values ('2500','4','431');
Insert into USERDB.POKEMONES_TIPOS (ID,TIPO_ID,POKEMON_ID) values ('2501','8','432');
Insert into USERDB.POKEMONES_TIPOS (ID,TIPO_ID,POKEMON_ID) values ('2502','4','432');
Insert into USERDB.POKEMONES_TIPOS (ID,TIPO_ID,POKEMON_ID) values ('2503','13','433');
Insert into USERDB.POKEMONES_TIPOS (ID,TIPO_ID,POKEMON_ID) values ('2504','4','433');
Insert into USERDB.POKEMONES_TIPOS (ID,TIPO_ID,POKEMON_ID) values ('2505','2','434');
Insert into USERDB.POKEMONES_TIPOS (ID,TIPO_ID,POKEMON_ID) values ('2506','19','434');
Insert into USERDB.POKEMONES_TIPOS (ID,TIPO_ID,POKEMON_ID) values ('2507','2','435');
Insert into USERDB.POKEMONES_TIPOS (ID,TIPO_ID,POKEMON_ID) values ('2508','19','435');
Insert into USERDB.POKEMONES_TIPOS (ID,TIPO_ID,POKEMON_ID) values ('2509','15','436');
Insert into USERDB.POKEMONES_TIPOS (ID,TIPO_ID,POKEMON_ID) values ('2510','13','436');
Insert into USERDB.POKEMONES_TIPOS (ID,TIPO_ID,POKEMON_ID) values ('2511','15','437');
Insert into USERDB.POKEMONES_TIPOS (ID,TIPO_ID,POKEMON_ID) values ('2512','13','437');
Insert into USERDB.POKEMONES_TIPOS (ID,TIPO_ID,POKEMON_ID) values ('2513','14','438');
Insert into USERDB.POKEMONES_TIPOS (ID,TIPO_ID,POKEMON_ID) values ('2514','4','438');
Insert into USERDB.POKEMONES_TIPOS (ID,TIPO_ID,POKEMON_ID) values ('2515','13','439');
Insert into USERDB.POKEMONES_TIPOS (ID,TIPO_ID,POKEMON_ID) values ('2516','11','439');
Insert into USERDB.POKEMONES_TIPOS (ID,TIPO_ID,POKEMON_ID) values ('2517','8','440');
Insert into USERDB.POKEMONES_TIPOS (ID,TIPO_ID,POKEMON_ID) values ('2518','4','440');
Insert into USERDB.POKEMONES_TIPOS (ID,TIPO_ID,POKEMON_ID) values ('2519','8','441');
Insert into USERDB.POKEMONES_TIPOS (ID,TIPO_ID,POKEMON_ID) values ('2520','5','441');
Insert into USERDB.POKEMONES_TIPOS (ID,TIPO_ID,POKEMON_ID) values ('2521','17','442');
Insert into USERDB.POKEMONES_TIPOS (ID,TIPO_ID,POKEMON_ID) values ('2522','19','442');
Insert into USERDB.POKEMONES_TIPOS (ID,TIPO_ID,POKEMON_ID) values ('2523','18','443');
Insert into USERDB.POKEMONES_TIPOS (ID,TIPO_ID,POKEMON_ID) values ('2524','10','443');
Insert into USERDB.POKEMONES_TIPOS (ID,TIPO_ID,POKEMON_ID) values ('2525','18','444');
Insert into USERDB.POKEMONES_TIPOS (ID,TIPO_ID,POKEMON_ID) values ('2526','10','444');
Insert into USERDB.POKEMONES_TIPOS (ID,TIPO_ID,POKEMON_ID) values ('2527','18','445');
Insert into USERDB.POKEMONES_TIPOS (ID,TIPO_ID,POKEMON_ID) values ('2528','10','445');
Insert into USERDB.POKEMONES_TIPOS (ID,TIPO_ID,POKEMON_ID) values ('2529','8','446');
Insert into USERDB.POKEMONES_TIPOS (ID,TIPO_ID,POKEMON_ID) values ('2530','4','446');
Insert into USERDB.POKEMONES_TIPOS (ID,TIPO_ID,POKEMON_ID) values ('2531','12','447');
Insert into USERDB.POKEMONES_TIPOS (ID,TIPO_ID,POKEMON_ID) values ('2532','4','447');
Insert into USERDB.POKEMONES_TIPOS (ID,TIPO_ID,POKEMON_ID) values ('2533','12','448');
Insert into USERDB.POKEMONES_TIPOS (ID,TIPO_ID,POKEMON_ID) values ('2534','15','448');
Insert into USERDB.POKEMONES_TIPOS (ID,TIPO_ID,POKEMON_ID) values ('2535','10','449');
Insert into USERDB.POKEMONES_TIPOS (ID,TIPO_ID,POKEMON_ID) values ('2536','4','449');
Insert into USERDB.POKEMONES_TIPOS (ID,TIPO_ID,POKEMON_ID) values ('2537','10','450');
Insert into USERDB.POKEMONES_TIPOS (ID,TIPO_ID,POKEMON_ID) values ('2538','4','450');
Insert into USERDB.POKEMONES_TIPOS (ID,TIPO_ID,POKEMON_ID) values ('2539','2','451');
Insert into USERDB.POKEMONES_TIPOS (ID,TIPO_ID,POKEMON_ID) values ('2540','7','451');
Insert into USERDB.POKEMONES_TIPOS (ID,TIPO_ID,POKEMON_ID) values ('2541','2','452');
Insert into USERDB.POKEMONES_TIPOS (ID,TIPO_ID,POKEMON_ID) values ('2542','19','452');
Insert into USERDB.POKEMONES_TIPOS (ID,TIPO_ID,POKEMON_ID) values ('2543','2','453');
Insert into USERDB.POKEMONES_TIPOS (ID,TIPO_ID,POKEMON_ID) values ('2544','12','453');
Insert into USERDB.POKEMONES_TIPOS (ID,TIPO_ID,POKEMON_ID) values ('2545','2','454');
Insert into USERDB.POKEMONES_TIPOS (ID,TIPO_ID,POKEMON_ID) values ('2546','12','454');
Insert into USERDB.POKEMONES_TIPOS (ID,TIPO_ID,POKEMON_ID) values ('2547','1','455');
Insert into USERDB.POKEMONES_TIPOS (ID,TIPO_ID,POKEMON_ID) values ('2548','4','455');
Insert into USERDB.POKEMONES_TIPOS (ID,TIPO_ID,POKEMON_ID) values ('2549','6','456');
Insert into USERDB.POKEMONES_TIPOS (ID,TIPO_ID,POKEMON_ID) values ('2550','4','456');
Insert into USERDB.POKEMONES_TIPOS (ID,TIPO_ID,POKEMON_ID) values ('2551','6','457');
Insert into USERDB.POKEMONES_TIPOS (ID,TIPO_ID,POKEMON_ID) values ('2552','4','457');
Insert into USERDB.POKEMONES_TIPOS (ID,TIPO_ID,POKEMON_ID) values ('2553','6','458');
Insert into USERDB.POKEMONES_TIPOS (ID,TIPO_ID,POKEMON_ID) values ('2554','5','458');
Insert into USERDB.POKEMONES_TIPOS (ID,TIPO_ID,POKEMON_ID) values ('2555','1','459');
Insert into USERDB.POKEMONES_TIPOS (ID,TIPO_ID,POKEMON_ID) values ('2556','16','459');
Insert into USERDB.POKEMONES_TIPOS (ID,TIPO_ID,POKEMON_ID) values ('2557','1','460');
Insert into USERDB.POKEMONES_TIPOS (ID,TIPO_ID,POKEMON_ID) values ('2558','16','460');
Insert into USERDB.POKEMONES_TIPOS (ID,TIPO_ID,POKEMON_ID) values ('2559','19','461');
Insert into USERDB.POKEMONES_TIPOS (ID,TIPO_ID,POKEMON_ID) values ('2560','16','461');
Insert into USERDB.POKEMONES_TIPOS (ID,TIPO_ID,POKEMON_ID) values ('2561','9','462');
Insert into USERDB.POKEMONES_TIPOS (ID,TIPO_ID,POKEMON_ID) values ('2562','15','462');
Insert into USERDB.POKEMONES_TIPOS (ID,TIPO_ID,POKEMON_ID) values ('2563','8','463');
Insert into USERDB.POKEMONES_TIPOS (ID,TIPO_ID,POKEMON_ID) values ('2564','4','463');
Insert into USERDB.POKEMONES_TIPOS (ID,TIPO_ID,POKEMON_ID) values ('2565','10','464');
Insert into USERDB.POKEMONES_TIPOS (ID,TIPO_ID,POKEMON_ID) values ('2566','14','464');
Insert into USERDB.POKEMONES_TIPOS (ID,TIPO_ID,POKEMON_ID) values ('2567','1','465');
Insert into USERDB.POKEMONES_TIPOS (ID,TIPO_ID,POKEMON_ID) values ('2568','4','465');
Insert into USERDB.POKEMONES_TIPOS (ID,TIPO_ID,POKEMON_ID) values ('2569','9','466');
Insert into USERDB.POKEMONES_TIPOS (ID,TIPO_ID,POKEMON_ID) values ('2570','4','466');
Insert into USERDB.POKEMONES_TIPOS (ID,TIPO_ID,POKEMON_ID) values ('2571','3','467');
Insert into USERDB.POKEMONES_TIPOS (ID,TIPO_ID,POKEMON_ID) values ('2572','4','467');
Insert into USERDB.POKEMONES_TIPOS (ID,TIPO_ID,POKEMON_ID) values ('2573','11','468');
Insert into USERDB.POKEMONES_TIPOS (ID,TIPO_ID,POKEMON_ID) values ('2574','5','468');
Insert into USERDB.POKEMONES_TIPOS (ID,TIPO_ID,POKEMON_ID) values ('2575','7','469');
Insert into USERDB.POKEMONES_TIPOS (ID,TIPO_ID,POKEMON_ID) values ('2576','5','469');
Insert into USERDB.POKEMONES_TIPOS (ID,TIPO_ID,POKEMON_ID) values ('2577','1','470');
Insert into USERDB.POKEMONES_TIPOS (ID,TIPO_ID,POKEMON_ID) values ('2578','4','470');
Insert into USERDB.POKEMONES_TIPOS (ID,TIPO_ID,POKEMON_ID) values ('2579','16','471');
Insert into USERDB.POKEMONES_TIPOS (ID,TIPO_ID,POKEMON_ID) values ('2580','4','471');
Insert into USERDB.POKEMONES_TIPOS (ID,TIPO_ID,POKEMON_ID) values ('2581','10','472');
Insert into USERDB.POKEMONES_TIPOS (ID,TIPO_ID,POKEMON_ID) values ('2582','5','472');
Insert into USERDB.POKEMONES_TIPOS (ID,TIPO_ID,POKEMON_ID) values ('2583','16','473');
Insert into USERDB.POKEMONES_TIPOS (ID,TIPO_ID,POKEMON_ID) values ('2584','10','473');
Insert into USERDB.POKEMONES_TIPOS (ID,TIPO_ID,POKEMON_ID) values ('2585','8','474');
Insert into USERDB.POKEMONES_TIPOS (ID,TIPO_ID,POKEMON_ID) values ('2586','4','474');
Insert into USERDB.POKEMONES_TIPOS (ID,TIPO_ID,POKEMON_ID) values ('2587','13','475');
Insert into USERDB.POKEMONES_TIPOS (ID,TIPO_ID,POKEMON_ID) values ('2588','12','475');
Insert into USERDB.POKEMONES_TIPOS (ID,TIPO_ID,POKEMON_ID) values ('2589','14','476');
Insert into USERDB.POKEMONES_TIPOS (ID,TIPO_ID,POKEMON_ID) values ('2590','15','476');
Insert into USERDB.POKEMONES_TIPOS (ID,TIPO_ID,POKEMON_ID) values ('2591','17','477');
Insert into USERDB.POKEMONES_TIPOS (ID,TIPO_ID,POKEMON_ID) values ('2592','4','477');
Insert into USERDB.POKEMONES_TIPOS (ID,TIPO_ID,POKEMON_ID) values ('2593','16','478');
Insert into USERDB.POKEMONES_TIPOS (ID,TIPO_ID,POKEMON_ID) values ('2594','17','478');
Insert into USERDB.POKEMONES_TIPOS (ID,TIPO_ID,POKEMON_ID) values ('2595','9','479');
Insert into USERDB.POKEMONES_TIPOS (ID,TIPO_ID,POKEMON_ID) values ('2596','17','479');
Insert into USERDB.POKEMONES_TIPOS (ID,TIPO_ID,POKEMON_ID) values ('2597','13','480');
Insert into USERDB.POKEMONES_TIPOS (ID,TIPO_ID,POKEMON_ID) values ('2598','4','480');
Insert into USERDB.POKEMONES_TIPOS (ID,TIPO_ID,POKEMON_ID) values ('2599','13','481');
Insert into USERDB.POKEMONES_TIPOS (ID,TIPO_ID,POKEMON_ID) values ('2600','4','481');
Insert into USERDB.POKEMONES_TIPOS (ID,TIPO_ID,POKEMON_ID) values ('2601','13','482');
Insert into USERDB.POKEMONES_TIPOS (ID,TIPO_ID,POKEMON_ID) values ('2602','4','482');
Insert into USERDB.POKEMONES_TIPOS (ID,TIPO_ID,POKEMON_ID) values ('2603','15','483');
Insert into USERDB.POKEMONES_TIPOS (ID,TIPO_ID,POKEMON_ID) values ('2604','18','483');
Insert into USERDB.POKEMONES_TIPOS (ID,TIPO_ID,POKEMON_ID) values ('2605','6','484');
Insert into USERDB.POKEMONES_TIPOS (ID,TIPO_ID,POKEMON_ID) values ('2606','18','484');
Insert into USERDB.POKEMONES_TIPOS (ID,TIPO_ID,POKEMON_ID) values ('2607','3','485');
Insert into USERDB.POKEMONES_TIPOS (ID,TIPO_ID,POKEMON_ID) values ('2608','15','485');
Insert into USERDB.POKEMONES_TIPOS (ID,TIPO_ID,POKEMON_ID) values ('2609','8','486');
Insert into USERDB.POKEMONES_TIPOS (ID,TIPO_ID,POKEMON_ID) values ('2610','4','486');
Insert into USERDB.POKEMONES_TIPOS (ID,TIPO_ID,POKEMON_ID) values ('2611','17','487');
Insert into USERDB.POKEMONES_TIPOS (ID,TIPO_ID,POKEMON_ID) values ('2612','18','487');
Insert into USERDB.POKEMONES_TIPOS (ID,TIPO_ID,POKEMON_ID) values ('2613','13','488');
Insert into USERDB.POKEMONES_TIPOS (ID,TIPO_ID,POKEMON_ID) values ('2614','4','488');
Insert into USERDB.POKEMONES_TIPOS (ID,TIPO_ID,POKEMON_ID) values ('2615','6','489');
Insert into USERDB.POKEMONES_TIPOS (ID,TIPO_ID,POKEMON_ID) values ('2616','4','489');
Insert into USERDB.POKEMONES_TIPOS (ID,TIPO_ID,POKEMON_ID) values ('2617','6','490');
Insert into USERDB.POKEMONES_TIPOS (ID,TIPO_ID,POKEMON_ID) values ('2618','4','490');
Insert into USERDB.POKEMONES_TIPOS (ID,TIPO_ID,POKEMON_ID) values ('2619','19','491');
Insert into USERDB.POKEMONES_TIPOS (ID,TIPO_ID,POKEMON_ID) values ('2620','4','491');
Insert into USERDB.POKEMONES_TIPOS (ID,TIPO_ID,POKEMON_ID) values ('2621','1','492');
Insert into USERDB.POKEMONES_TIPOS (ID,TIPO_ID,POKEMON_ID) values ('2622','5','492');
Insert into USERDB.POKEMONES_TIPOS (ID,TIPO_ID,POKEMON_ID) values ('2623','8','493');
Insert into USERDB.POKEMONES_TIPOS (ID,TIPO_ID,POKEMON_ID) values ('2624','4','493');
Insert into USERDB.POKEMONES_TIPOS (ID,TIPO_ID,POKEMON_ID) values ('2625','13','494');
Insert into USERDB.POKEMONES_TIPOS (ID,TIPO_ID,POKEMON_ID) values ('2626','3','494');
Insert into USERDB.POKEMONES_TIPOS (ID,TIPO_ID,POKEMON_ID) values ('2627','1','495');
Insert into USERDB.POKEMONES_TIPOS (ID,TIPO_ID,POKEMON_ID) values ('2628','4','495');
Insert into USERDB.POKEMONES_TIPOS (ID,TIPO_ID,POKEMON_ID) values ('2629','1','496');
Insert into USERDB.POKEMONES_TIPOS (ID,TIPO_ID,POKEMON_ID) values ('2630','4','496');
Insert into USERDB.POKEMONES_TIPOS (ID,TIPO_ID,POKEMON_ID) values ('2631','1','497');
Insert into USERDB.POKEMONES_TIPOS (ID,TIPO_ID,POKEMON_ID) values ('2632','4','497');
Insert into USERDB.POKEMONES_TIPOS (ID,TIPO_ID,POKEMON_ID) values ('2633','3','498');
Insert into USERDB.POKEMONES_TIPOS (ID,TIPO_ID,POKEMON_ID) values ('2634','4','498');
Insert into USERDB.POKEMONES_TIPOS (ID,TIPO_ID,POKEMON_ID) values ('2635','3','499');
Insert into USERDB.POKEMONES_TIPOS (ID,TIPO_ID,POKEMON_ID) values ('2636','12','499');
Insert into USERDB.POKEMONES_TIPOS (ID,TIPO_ID,POKEMON_ID) values ('2637','3','500');
Insert into USERDB.POKEMONES_TIPOS (ID,TIPO_ID,POKEMON_ID) values ('2638','12','500');
Insert into USERDB.POKEMONES_TIPOS (ID,TIPO_ID,POKEMON_ID) values ('2639','6','501');
Insert into USERDB.POKEMONES_TIPOS (ID,TIPO_ID,POKEMON_ID) values ('2640','4','501');
Insert into USERDB.POKEMONES_TIPOS (ID,TIPO_ID,POKEMON_ID) values ('2641','6','502');
Insert into USERDB.POKEMONES_TIPOS (ID,TIPO_ID,POKEMON_ID) values ('2642','4','502');
Insert into USERDB.POKEMONES_TIPOS (ID,TIPO_ID,POKEMON_ID) values ('2643','6','503');
Insert into USERDB.POKEMONES_TIPOS (ID,TIPO_ID,POKEMON_ID) values ('2644','4','503');
Insert into USERDB.POKEMONES_TIPOS (ID,TIPO_ID,POKEMON_ID) values ('2645','8','504');
Insert into USERDB.POKEMONES_TIPOS (ID,TIPO_ID,POKEMON_ID) values ('2646','4','504');
Insert into USERDB.POKEMONES_TIPOS (ID,TIPO_ID,POKEMON_ID) values ('2647','8','505');
Insert into USERDB.POKEMONES_TIPOS (ID,TIPO_ID,POKEMON_ID) values ('2648','4','505');
Insert into USERDB.POKEMONES_TIPOS (ID,TIPO_ID,POKEMON_ID) values ('2649','8','506');
Insert into USERDB.POKEMONES_TIPOS (ID,TIPO_ID,POKEMON_ID) values ('2650','4','506');
Insert into USERDB.POKEMONES_TIPOS (ID,TIPO_ID,POKEMON_ID) values ('2651','8','507');
Insert into USERDB.POKEMONES_TIPOS (ID,TIPO_ID,POKEMON_ID) values ('2652','4','507');
Insert into USERDB.POKEMONES_TIPOS (ID,TIPO_ID,POKEMON_ID) values ('2653','8','508');
Insert into USERDB.POKEMONES_TIPOS (ID,TIPO_ID,POKEMON_ID) values ('2654','4','508');
Insert into USERDB.POKEMONES_TIPOS (ID,TIPO_ID,POKEMON_ID) values ('2655','19','509');
Insert into USERDB.POKEMONES_TIPOS (ID,TIPO_ID,POKEMON_ID) values ('2656','4','509');
Insert into USERDB.POKEMONES_TIPOS (ID,TIPO_ID,POKEMON_ID) values ('2657','19','510');
Insert into USERDB.POKEMONES_TIPOS (ID,TIPO_ID,POKEMON_ID) values ('2658','4','510');
Insert into USERDB.POKEMONES_TIPOS (ID,TIPO_ID,POKEMON_ID) values ('2659','1','511');
Insert into USERDB.POKEMONES_TIPOS (ID,TIPO_ID,POKEMON_ID) values ('2660','4','511');
Insert into USERDB.POKEMONES_TIPOS (ID,TIPO_ID,POKEMON_ID) values ('2661','1','512');
Insert into USERDB.POKEMONES_TIPOS (ID,TIPO_ID,POKEMON_ID) values ('2662','4','512');
Insert into USERDB.POKEMONES_TIPOS (ID,TIPO_ID,POKEMON_ID) values ('2663','3','513');
Insert into USERDB.POKEMONES_TIPOS (ID,TIPO_ID,POKEMON_ID) values ('2664','4','513');
Insert into USERDB.POKEMONES_TIPOS (ID,TIPO_ID,POKEMON_ID) values ('2665','3','514');
Insert into USERDB.POKEMONES_TIPOS (ID,TIPO_ID,POKEMON_ID) values ('2666','4','514');
Insert into USERDB.POKEMONES_TIPOS (ID,TIPO_ID,POKEMON_ID) values ('2667','6','515');
Insert into USERDB.POKEMONES_TIPOS (ID,TIPO_ID,POKEMON_ID) values ('2668','4','515');
Insert into USERDB.POKEMONES_TIPOS (ID,TIPO_ID,POKEMON_ID) values ('2669','6','516');
Insert into USERDB.POKEMONES_TIPOS (ID,TIPO_ID,POKEMON_ID) values ('2670','4','516');
Insert into USERDB.POKEMONES_TIPOS (ID,TIPO_ID,POKEMON_ID) values ('2671','13','517');
Insert into USERDB.POKEMONES_TIPOS (ID,TIPO_ID,POKEMON_ID) values ('2672','4','517');
Insert into USERDB.POKEMONES_TIPOS (ID,TIPO_ID,POKEMON_ID) values ('2673','13','518');
Insert into USERDB.POKEMONES_TIPOS (ID,TIPO_ID,POKEMON_ID) values ('2674','4','518');
Insert into USERDB.POKEMONES_TIPOS (ID,TIPO_ID,POKEMON_ID) values ('2675','8','519');
Insert into USERDB.POKEMONES_TIPOS (ID,TIPO_ID,POKEMON_ID) values ('2676','5','519');
Insert into USERDB.POKEMONES_TIPOS (ID,TIPO_ID,POKEMON_ID) values ('2677','8','520');
Insert into USERDB.POKEMONES_TIPOS (ID,TIPO_ID,POKEMON_ID) values ('2678','5','520');
Insert into USERDB.POKEMONES_TIPOS (ID,TIPO_ID,POKEMON_ID) values ('2679','8','521');
Insert into USERDB.POKEMONES_TIPOS (ID,TIPO_ID,POKEMON_ID) values ('2680','5','521');
Insert into USERDB.POKEMONES_TIPOS (ID,TIPO_ID,POKEMON_ID) values ('2681','9','522');
Insert into USERDB.POKEMONES_TIPOS (ID,TIPO_ID,POKEMON_ID) values ('2682','4','522');
Insert into USERDB.POKEMONES_TIPOS (ID,TIPO_ID,POKEMON_ID) values ('2683','9','523');
Insert into USERDB.POKEMONES_TIPOS (ID,TIPO_ID,POKEMON_ID) values ('2684','4','523');
Insert into USERDB.POKEMONES_TIPOS (ID,TIPO_ID,POKEMON_ID) values ('2685','14','524');
Insert into USERDB.POKEMONES_TIPOS (ID,TIPO_ID,POKEMON_ID) values ('2686','4','524');
Insert into USERDB.POKEMONES_TIPOS (ID,TIPO_ID,POKEMON_ID) values ('2687','14','525');
Insert into USERDB.POKEMONES_TIPOS (ID,TIPO_ID,POKEMON_ID) values ('2688','4','525');
Insert into USERDB.POKEMONES_TIPOS (ID,TIPO_ID,POKEMON_ID) values ('2689','14','526');
Insert into USERDB.POKEMONES_TIPOS (ID,TIPO_ID,POKEMON_ID) values ('2690','4','526');
Insert into USERDB.POKEMONES_TIPOS (ID,TIPO_ID,POKEMON_ID) values ('2691','13','527');
Insert into USERDB.POKEMONES_TIPOS (ID,TIPO_ID,POKEMON_ID) values ('2692','5','527');
Insert into USERDB.POKEMONES_TIPOS (ID,TIPO_ID,POKEMON_ID) values ('2693','13','528');
Insert into USERDB.POKEMONES_TIPOS (ID,TIPO_ID,POKEMON_ID) values ('2694','5','528');
Insert into USERDB.POKEMONES_TIPOS (ID,TIPO_ID,POKEMON_ID) values ('2695','10','529');
Insert into USERDB.POKEMONES_TIPOS (ID,TIPO_ID,POKEMON_ID) values ('2696','4','529');
Insert into USERDB.POKEMONES_TIPOS (ID,TIPO_ID,POKEMON_ID) values ('2697','10','530');
Insert into USERDB.POKEMONES_TIPOS (ID,TIPO_ID,POKEMON_ID) values ('2698','15','530');
Insert into USERDB.POKEMONES_TIPOS (ID,TIPO_ID,POKEMON_ID) values ('2699','8','531');
Insert into USERDB.POKEMONES_TIPOS (ID,TIPO_ID,POKEMON_ID) values ('2700','4','531');
Insert into USERDB.POKEMONES_TIPOS (ID,TIPO_ID,POKEMON_ID) values ('2701','12','532');
Insert into USERDB.POKEMONES_TIPOS (ID,TIPO_ID,POKEMON_ID) values ('2702','4','532');
Insert into USERDB.POKEMONES_TIPOS (ID,TIPO_ID,POKEMON_ID) values ('2703','12','533');
Insert into USERDB.POKEMONES_TIPOS (ID,TIPO_ID,POKEMON_ID) values ('2704','4','533');
Insert into USERDB.POKEMONES_TIPOS (ID,TIPO_ID,POKEMON_ID) values ('2705','12','534');
Insert into USERDB.POKEMONES_TIPOS (ID,TIPO_ID,POKEMON_ID) values ('2706','4','534');
Insert into USERDB.POKEMONES_TIPOS (ID,TIPO_ID,POKEMON_ID) values ('2707','6','535');
Insert into USERDB.POKEMONES_TIPOS (ID,TIPO_ID,POKEMON_ID) values ('2708','4','535');
Insert into USERDB.POKEMONES_TIPOS (ID,TIPO_ID,POKEMON_ID) values ('2709','6','536');
Insert into USERDB.POKEMONES_TIPOS (ID,TIPO_ID,POKEMON_ID) values ('2710','10','536');
Insert into USERDB.POKEMONES_TIPOS (ID,TIPO_ID,POKEMON_ID) values ('2711','6','537');
Insert into USERDB.POKEMONES_TIPOS (ID,TIPO_ID,POKEMON_ID) values ('2712','10','537');
Insert into USERDB.POKEMONES_TIPOS (ID,TIPO_ID,POKEMON_ID) values ('2713','12','538');
Insert into USERDB.POKEMONES_TIPOS (ID,TIPO_ID,POKEMON_ID) values ('2714','4','538');
Insert into USERDB.POKEMONES_TIPOS (ID,TIPO_ID,POKEMON_ID) values ('2715','12','539');
Insert into USERDB.POKEMONES_TIPOS (ID,TIPO_ID,POKEMON_ID) values ('2716','4','539');
Insert into USERDB.POKEMONES_TIPOS (ID,TIPO_ID,POKEMON_ID) values ('2717','7','540');
Insert into USERDB.POKEMONES_TIPOS (ID,TIPO_ID,POKEMON_ID) values ('2718','1','540');
Insert into USERDB.POKEMONES_TIPOS (ID,TIPO_ID,POKEMON_ID) values ('2719','7','541');
Insert into USERDB.POKEMONES_TIPOS (ID,TIPO_ID,POKEMON_ID) values ('2720','1','541');
Insert into USERDB.POKEMONES_TIPOS (ID,TIPO_ID,POKEMON_ID) values ('2721','7','542');
Insert into USERDB.POKEMONES_TIPOS (ID,TIPO_ID,POKEMON_ID) values ('2722','1','542');
Insert into USERDB.POKEMONES_TIPOS (ID,TIPO_ID,POKEMON_ID) values ('2723','7','543');
Insert into USERDB.POKEMONES_TIPOS (ID,TIPO_ID,POKEMON_ID) values ('2724','2','543');
Insert into USERDB.POKEMONES_TIPOS (ID,TIPO_ID,POKEMON_ID) values ('2725','7','544');
Insert into USERDB.POKEMONES_TIPOS (ID,TIPO_ID,POKEMON_ID) values ('2726','2','544');
Insert into USERDB.POKEMONES_TIPOS (ID,TIPO_ID,POKEMON_ID) values ('2727','7','545');
Insert into USERDB.POKEMONES_TIPOS (ID,TIPO_ID,POKEMON_ID) values ('2728','2','545');
Insert into USERDB.POKEMONES_TIPOS (ID,TIPO_ID,POKEMON_ID) values ('2729','1','546');
Insert into USERDB.POKEMONES_TIPOS (ID,TIPO_ID,POKEMON_ID) values ('2730','11','546');
Insert into USERDB.POKEMONES_TIPOS (ID,TIPO_ID,POKEMON_ID) values ('2731','1','547');
Insert into USERDB.POKEMONES_TIPOS (ID,TIPO_ID,POKEMON_ID) values ('2732','11','547');
Insert into USERDB.POKEMONES_TIPOS (ID,TIPO_ID,POKEMON_ID) values ('2733','1','548');
Insert into USERDB.POKEMONES_TIPOS (ID,TIPO_ID,POKEMON_ID) values ('2734','4','548');
Insert into USERDB.POKEMONES_TIPOS (ID,TIPO_ID,POKEMON_ID) values ('2735','1','549');
Insert into USERDB.POKEMONES_TIPOS (ID,TIPO_ID,POKEMON_ID) values ('2736','4','549');
Insert into USERDB.POKEMONES_TIPOS (ID,TIPO_ID,POKEMON_ID) values ('2737','6','550');
Insert into USERDB.POKEMONES_TIPOS (ID,TIPO_ID,POKEMON_ID) values ('2738','4','550');
Insert into USERDB.POKEMONES_TIPOS (ID,TIPO_ID,POKEMON_ID) values ('2739','10','551');
Insert into USERDB.POKEMONES_TIPOS (ID,TIPO_ID,POKEMON_ID) values ('2740','19','551');
Insert into USERDB.POKEMONES_TIPOS (ID,TIPO_ID,POKEMON_ID) values ('2741','10','552');
Insert into USERDB.POKEMONES_TIPOS (ID,TIPO_ID,POKEMON_ID) values ('2742','19','552');
Insert into USERDB.POKEMONES_TIPOS (ID,TIPO_ID,POKEMON_ID) values ('2743','10','553');
Insert into USERDB.POKEMONES_TIPOS (ID,TIPO_ID,POKEMON_ID) values ('2744','19','553');
Insert into USERDB.POKEMONES_TIPOS (ID,TIPO_ID,POKEMON_ID) values ('2745','3','554');
Insert into USERDB.POKEMONES_TIPOS (ID,TIPO_ID,POKEMON_ID) values ('2746','4','554');
Insert into USERDB.POKEMONES_TIPOS (ID,TIPO_ID,POKEMON_ID) values ('2747','3','555');
Insert into USERDB.POKEMONES_TIPOS (ID,TIPO_ID,POKEMON_ID) values ('2748','13','555');
Insert into USERDB.POKEMONES_TIPOS (ID,TIPO_ID,POKEMON_ID) values ('2749','1','556');
Insert into USERDB.POKEMONES_TIPOS (ID,TIPO_ID,POKEMON_ID) values ('2750','4','556');
Insert into USERDB.POKEMONES_TIPOS (ID,TIPO_ID,POKEMON_ID) values ('2751','7','557');
Insert into USERDB.POKEMONES_TIPOS (ID,TIPO_ID,POKEMON_ID) values ('2752','14','557');
Insert into USERDB.POKEMONES_TIPOS (ID,TIPO_ID,POKEMON_ID) values ('2753','7','558');
Insert into USERDB.POKEMONES_TIPOS (ID,TIPO_ID,POKEMON_ID) values ('2754','14','558');
Insert into USERDB.POKEMONES_TIPOS (ID,TIPO_ID,POKEMON_ID) values ('2755','19','559');
Insert into USERDB.POKEMONES_TIPOS (ID,TIPO_ID,POKEMON_ID) values ('2756','12','559');
Insert into USERDB.POKEMONES_TIPOS (ID,TIPO_ID,POKEMON_ID) values ('2757','19','560');
Insert into USERDB.POKEMONES_TIPOS (ID,TIPO_ID,POKEMON_ID) values ('2758','12','560');
Insert into USERDB.POKEMONES_TIPOS (ID,TIPO_ID,POKEMON_ID) values ('2759','13','561');
Insert into USERDB.POKEMONES_TIPOS (ID,TIPO_ID,POKEMON_ID) values ('2760','5','561');
Insert into USERDB.POKEMONES_TIPOS (ID,TIPO_ID,POKEMON_ID) values ('2761','17','562');
Insert into USERDB.POKEMONES_TIPOS (ID,TIPO_ID,POKEMON_ID) values ('2762','4','562');
Insert into USERDB.POKEMONES_TIPOS (ID,TIPO_ID,POKEMON_ID) values ('2763','17','563');
Insert into USERDB.POKEMONES_TIPOS (ID,TIPO_ID,POKEMON_ID) values ('2764','4','563');
Insert into USERDB.POKEMONES_TIPOS (ID,TIPO_ID,POKEMON_ID) values ('2765','6','564');
Insert into USERDB.POKEMONES_TIPOS (ID,TIPO_ID,POKEMON_ID) values ('2766','14','564');
Insert into USERDB.POKEMONES_TIPOS (ID,TIPO_ID,POKEMON_ID) values ('2767','6','565');
Insert into USERDB.POKEMONES_TIPOS (ID,TIPO_ID,POKEMON_ID) values ('2768','14','565');
Insert into USERDB.POKEMONES_TIPOS (ID,TIPO_ID,POKEMON_ID) values ('2769','14','566');
Insert into USERDB.POKEMONES_TIPOS (ID,TIPO_ID,POKEMON_ID) values ('2770','5','566');
Insert into USERDB.POKEMONES_TIPOS (ID,TIPO_ID,POKEMON_ID) values ('2771','14','567');
Insert into USERDB.POKEMONES_TIPOS (ID,TIPO_ID,POKEMON_ID) values ('2772','5','567');
Insert into USERDB.POKEMONES_TIPOS (ID,TIPO_ID,POKEMON_ID) values ('2773','2','568');
Insert into USERDB.POKEMONES_TIPOS (ID,TIPO_ID,POKEMON_ID) values ('2774','4','568');
Insert into USERDB.POKEMONES_TIPOS (ID,TIPO_ID,POKEMON_ID) values ('2775','2','569');
Insert into USERDB.POKEMONES_TIPOS (ID,TIPO_ID,POKEMON_ID) values ('2776','4','569');
Insert into USERDB.POKEMONES_TIPOS (ID,TIPO_ID,POKEMON_ID) values ('2777','19','570');
Insert into USERDB.POKEMONES_TIPOS (ID,TIPO_ID,POKEMON_ID) values ('2778','4','570');
Insert into USERDB.POKEMONES_TIPOS (ID,TIPO_ID,POKEMON_ID) values ('2779','19','571');
Insert into USERDB.POKEMONES_TIPOS (ID,TIPO_ID,POKEMON_ID) values ('2780','4','571');
Insert into USERDB.POKEMONES_TIPOS (ID,TIPO_ID,POKEMON_ID) values ('2781','8','572');
Insert into USERDB.POKEMONES_TIPOS (ID,TIPO_ID,POKEMON_ID) values ('2782','4','572');
Insert into USERDB.POKEMONES_TIPOS (ID,TIPO_ID,POKEMON_ID) values ('2783','8','573');
Insert into USERDB.POKEMONES_TIPOS (ID,TIPO_ID,POKEMON_ID) values ('2784','4','573');
Insert into USERDB.POKEMONES_TIPOS (ID,TIPO_ID,POKEMON_ID) values ('2785','13','574');
Insert into USERDB.POKEMONES_TIPOS (ID,TIPO_ID,POKEMON_ID) values ('2786','4','574');
Insert into USERDB.POKEMONES_TIPOS (ID,TIPO_ID,POKEMON_ID) values ('2787','13','575');
Insert into USERDB.POKEMONES_TIPOS (ID,TIPO_ID,POKEMON_ID) values ('2788','4','575');
Insert into USERDB.POKEMONES_TIPOS (ID,TIPO_ID,POKEMON_ID) values ('2789','13','576');
Insert into USERDB.POKEMONES_TIPOS (ID,TIPO_ID,POKEMON_ID) values ('2790','4','576');
Insert into USERDB.POKEMONES_TIPOS (ID,TIPO_ID,POKEMON_ID) values ('2791','13','577');
Insert into USERDB.POKEMONES_TIPOS (ID,TIPO_ID,POKEMON_ID) values ('2792','4','577');
Insert into USERDB.POKEMONES_TIPOS (ID,TIPO_ID,POKEMON_ID) values ('2793','13','578');
Insert into USERDB.POKEMONES_TIPOS (ID,TIPO_ID,POKEMON_ID) values ('2794','4','578');
Insert into USERDB.POKEMONES_TIPOS (ID,TIPO_ID,POKEMON_ID) values ('2795','13','579');
Insert into USERDB.POKEMONES_TIPOS (ID,TIPO_ID,POKEMON_ID) values ('2796','4','579');
Insert into USERDB.POKEMONES_TIPOS (ID,TIPO_ID,POKEMON_ID) values ('2797','6','580');
Insert into USERDB.POKEMONES_TIPOS (ID,TIPO_ID,POKEMON_ID) values ('2798','5','580');
Insert into USERDB.POKEMONES_TIPOS (ID,TIPO_ID,POKEMON_ID) values ('2799','6','581');
Insert into USERDB.POKEMONES_TIPOS (ID,TIPO_ID,POKEMON_ID) values ('2800','5','581');
Insert into USERDB.POKEMONES_TIPOS (ID,TIPO_ID,POKEMON_ID) values ('2801','16','582');
Insert into USERDB.POKEMONES_TIPOS (ID,TIPO_ID,POKEMON_ID) values ('2802','4','582');
Insert into USERDB.POKEMONES_TIPOS (ID,TIPO_ID,POKEMON_ID) values ('2803','16','583');
Insert into USERDB.POKEMONES_TIPOS (ID,TIPO_ID,POKEMON_ID) values ('2804','4','583');
Insert into USERDB.POKEMONES_TIPOS (ID,TIPO_ID,POKEMON_ID) values ('2805','16','584');
Insert into USERDB.POKEMONES_TIPOS (ID,TIPO_ID,POKEMON_ID) values ('2806','4','584');
Insert into USERDB.POKEMONES_TIPOS (ID,TIPO_ID,POKEMON_ID) values ('2807','8','585');
Insert into USERDB.POKEMONES_TIPOS (ID,TIPO_ID,POKEMON_ID) values ('2808','1','585');
Insert into USERDB.POKEMONES_TIPOS (ID,TIPO_ID,POKEMON_ID) values ('2809','8','586');
Insert into USERDB.POKEMONES_TIPOS (ID,TIPO_ID,POKEMON_ID) values ('2810','1','586');
Insert into USERDB.POKEMONES_TIPOS (ID,TIPO_ID,POKEMON_ID) values ('2811','9','587');
Insert into USERDB.POKEMONES_TIPOS (ID,TIPO_ID,POKEMON_ID) values ('2812','5','587');
Insert into USERDB.POKEMONES_TIPOS (ID,TIPO_ID,POKEMON_ID) values ('2813','7','588');
Insert into USERDB.POKEMONES_TIPOS (ID,TIPO_ID,POKEMON_ID) values ('2814','4','588');
Insert into USERDB.POKEMONES_TIPOS (ID,TIPO_ID,POKEMON_ID) values ('2815','7','589');
Insert into USERDB.POKEMONES_TIPOS (ID,TIPO_ID,POKEMON_ID) values ('2816','15','589');
Insert into USERDB.POKEMONES_TIPOS (ID,TIPO_ID,POKEMON_ID) values ('2817','1','590');
Insert into USERDB.POKEMONES_TIPOS (ID,TIPO_ID,POKEMON_ID) values ('2818','2','590');
Insert into USERDB.POKEMONES_TIPOS (ID,TIPO_ID,POKEMON_ID) values ('2819','1','591');
Insert into USERDB.POKEMONES_TIPOS (ID,TIPO_ID,POKEMON_ID) values ('2820','2','591');
Insert into USERDB.POKEMONES_TIPOS (ID,TIPO_ID,POKEMON_ID) values ('2821','6','592');
Insert into USERDB.POKEMONES_TIPOS (ID,TIPO_ID,POKEMON_ID) values ('2822','17','592');
Insert into USERDB.POKEMONES_TIPOS (ID,TIPO_ID,POKEMON_ID) values ('2823','6','593');
Insert into USERDB.POKEMONES_TIPOS (ID,TIPO_ID,POKEMON_ID) values ('2824','17','593');
Insert into USERDB.POKEMONES_TIPOS (ID,TIPO_ID,POKEMON_ID) values ('2825','6','594');
Insert into USERDB.POKEMONES_TIPOS (ID,TIPO_ID,POKEMON_ID) values ('2826','4','594');
Insert into USERDB.POKEMONES_TIPOS (ID,TIPO_ID,POKEMON_ID) values ('2827','7','595');
Insert into USERDB.POKEMONES_TIPOS (ID,TIPO_ID,POKEMON_ID) values ('2828','9','595');
Insert into USERDB.POKEMONES_TIPOS (ID,TIPO_ID,POKEMON_ID) values ('2829','7','596');
Insert into USERDB.POKEMONES_TIPOS (ID,TIPO_ID,POKEMON_ID) values ('2830','9','596');
Insert into USERDB.POKEMONES_TIPOS (ID,TIPO_ID,POKEMON_ID) values ('2831','1','597');
Insert into USERDB.POKEMONES_TIPOS (ID,TIPO_ID,POKEMON_ID) values ('2832','15','597');
Insert into USERDB.POKEMONES_TIPOS (ID,TIPO_ID,POKEMON_ID) values ('2833','1','598');
Insert into USERDB.POKEMONES_TIPOS (ID,TIPO_ID,POKEMON_ID) values ('2834','15','598');
Insert into USERDB.POKEMONES_TIPOS (ID,TIPO_ID,POKEMON_ID) values ('2835','15','599');
Insert into USERDB.POKEMONES_TIPOS (ID,TIPO_ID,POKEMON_ID) values ('2836','4','599');
Insert into USERDB.POKEMONES_TIPOS (ID,TIPO_ID,POKEMON_ID) values ('2837','15','600');
Insert into USERDB.POKEMONES_TIPOS (ID,TIPO_ID,POKEMON_ID) values ('2838','4','600');
Insert into USERDB.POKEMONES_TIPOS (ID,TIPO_ID,POKEMON_ID) values ('2839','15','601');
Insert into USERDB.POKEMONES_TIPOS (ID,TIPO_ID,POKEMON_ID) values ('2840','4','601');
Insert into USERDB.POKEMONES_TIPOS (ID,TIPO_ID,POKEMON_ID) values ('2841','9','602');
Insert into USERDB.POKEMONES_TIPOS (ID,TIPO_ID,POKEMON_ID) values ('2842','4','602');
Insert into USERDB.POKEMONES_TIPOS (ID,TIPO_ID,POKEMON_ID) values ('2843','9','603');
Insert into USERDB.POKEMONES_TIPOS (ID,TIPO_ID,POKEMON_ID) values ('2844','4','603');
Insert into USERDB.POKEMONES_TIPOS (ID,TIPO_ID,POKEMON_ID) values ('2845','9','604');
Insert into USERDB.POKEMONES_TIPOS (ID,TIPO_ID,POKEMON_ID) values ('2846','4','604');
Insert into USERDB.POKEMONES_TIPOS (ID,TIPO_ID,POKEMON_ID) values ('2847','13','605');
Insert into USERDB.POKEMONES_TIPOS (ID,TIPO_ID,POKEMON_ID) values ('2848','4','605');
Insert into USERDB.POKEMONES_TIPOS (ID,TIPO_ID,POKEMON_ID) values ('2849','13','606');
Insert into USERDB.POKEMONES_TIPOS (ID,TIPO_ID,POKEMON_ID) values ('2850','4','606');
Insert into USERDB.POKEMONES_TIPOS (ID,TIPO_ID,POKEMON_ID) values ('2851','17','607');
Insert into USERDB.POKEMONES_TIPOS (ID,TIPO_ID,POKEMON_ID) values ('2852','3','607');
Insert into USERDB.POKEMONES_TIPOS (ID,TIPO_ID,POKEMON_ID) values ('2853','17','608');
Insert into USERDB.POKEMONES_TIPOS (ID,TIPO_ID,POKEMON_ID) values ('2854','3','608');
Insert into USERDB.POKEMONES_TIPOS (ID,TIPO_ID,POKEMON_ID) values ('2855','17','609');
Insert into USERDB.POKEMONES_TIPOS (ID,TIPO_ID,POKEMON_ID) values ('2856','3','609');
Insert into USERDB.POKEMONES_TIPOS (ID,TIPO_ID,POKEMON_ID) values ('2857','18','610');
Insert into USERDB.POKEMONES_TIPOS (ID,TIPO_ID,POKEMON_ID) values ('2858','4','610');
Insert into USERDB.POKEMONES_TIPOS (ID,TIPO_ID,POKEMON_ID) values ('2859','18','611');
Insert into USERDB.POKEMONES_TIPOS (ID,TIPO_ID,POKEMON_ID) values ('2860','4','611');
Insert into USERDB.POKEMONES_TIPOS (ID,TIPO_ID,POKEMON_ID) values ('2861','18','612');
Insert into USERDB.POKEMONES_TIPOS (ID,TIPO_ID,POKEMON_ID) values ('2862','4','612');
Insert into USERDB.POKEMONES_TIPOS (ID,TIPO_ID,POKEMON_ID) values ('2863','16','613');
Insert into USERDB.POKEMONES_TIPOS (ID,TIPO_ID,POKEMON_ID) values ('2864','4','613');
Insert into USERDB.POKEMONES_TIPOS (ID,TIPO_ID,POKEMON_ID) values ('2865','16','614');
Insert into USERDB.POKEMONES_TIPOS (ID,TIPO_ID,POKEMON_ID) values ('2866','4','614');
Insert into USERDB.POKEMONES_TIPOS (ID,TIPO_ID,POKEMON_ID) values ('2867','16','615');
Insert into USERDB.POKEMONES_TIPOS (ID,TIPO_ID,POKEMON_ID) values ('2868','4','615');
Insert into USERDB.POKEMONES_TIPOS (ID,TIPO_ID,POKEMON_ID) values ('2869','7','616');
Insert into USERDB.POKEMONES_TIPOS (ID,TIPO_ID,POKEMON_ID) values ('2870','4','616');
Insert into USERDB.POKEMONES_TIPOS (ID,TIPO_ID,POKEMON_ID) values ('2871','7','617');
Insert into USERDB.POKEMONES_TIPOS (ID,TIPO_ID,POKEMON_ID) values ('2872','4','617');
Insert into USERDB.POKEMONES_TIPOS (ID,TIPO_ID,POKEMON_ID) values ('2873','10','618');
Insert into USERDB.POKEMONES_TIPOS (ID,TIPO_ID,POKEMON_ID) values ('2874','9','618');
Insert into USERDB.POKEMONES_TIPOS (ID,TIPO_ID,POKEMON_ID) values ('2875','12','619');
Insert into USERDB.POKEMONES_TIPOS (ID,TIPO_ID,POKEMON_ID) values ('2876','4','619');
Insert into USERDB.POKEMONES_TIPOS (ID,TIPO_ID,POKEMON_ID) values ('2877','12','620');
Insert into USERDB.POKEMONES_TIPOS (ID,TIPO_ID,POKEMON_ID) values ('2878','4','620');
Insert into USERDB.POKEMONES_TIPOS (ID,TIPO_ID,POKEMON_ID) values ('2879','18','621');
Insert into USERDB.POKEMONES_TIPOS (ID,TIPO_ID,POKEMON_ID) values ('2880','4','621');
Insert into USERDB.POKEMONES_TIPOS (ID,TIPO_ID,POKEMON_ID) values ('2881','10','622');
Insert into USERDB.POKEMONES_TIPOS (ID,TIPO_ID,POKEMON_ID) values ('2882','17','622');
Insert into USERDB.POKEMONES_TIPOS (ID,TIPO_ID,POKEMON_ID) values ('2883','10','623');
Insert into USERDB.POKEMONES_TIPOS (ID,TIPO_ID,POKEMON_ID) values ('2884','17','623');
Insert into USERDB.POKEMONES_TIPOS (ID,TIPO_ID,POKEMON_ID) values ('2885','19','624');
Insert into USERDB.POKEMONES_TIPOS (ID,TIPO_ID,POKEMON_ID) values ('2886','15','624');
Insert into USERDB.POKEMONES_TIPOS (ID,TIPO_ID,POKEMON_ID) values ('2887','19','625');
Insert into USERDB.POKEMONES_TIPOS (ID,TIPO_ID,POKEMON_ID) values ('2888','15','625');
Insert into USERDB.POKEMONES_TIPOS (ID,TIPO_ID,POKEMON_ID) values ('2889','8','626');
Insert into USERDB.POKEMONES_TIPOS (ID,TIPO_ID,POKEMON_ID) values ('2890','4','626');
Insert into USERDB.POKEMONES_TIPOS (ID,TIPO_ID,POKEMON_ID) values ('2891','8','627');
Insert into USERDB.POKEMONES_TIPOS (ID,TIPO_ID,POKEMON_ID) values ('2892','5','627');
Insert into USERDB.POKEMONES_TIPOS (ID,TIPO_ID,POKEMON_ID) values ('2893','8','628');
Insert into USERDB.POKEMONES_TIPOS (ID,TIPO_ID,POKEMON_ID) values ('2894','5','628');
Insert into USERDB.POKEMONES_TIPOS (ID,TIPO_ID,POKEMON_ID) values ('2895','19','629');
Insert into USERDB.POKEMONES_TIPOS (ID,TIPO_ID,POKEMON_ID) values ('2896','5','629');
Insert into USERDB.POKEMONES_TIPOS (ID,TIPO_ID,POKEMON_ID) values ('2897','19','630');
Insert into USERDB.POKEMONES_TIPOS (ID,TIPO_ID,POKEMON_ID) values ('2898','5','630');
Insert into USERDB.POKEMONES_TIPOS (ID,TIPO_ID,POKEMON_ID) values ('2899','3','631');
Insert into USERDB.POKEMONES_TIPOS (ID,TIPO_ID,POKEMON_ID) values ('2900','4','631');
Insert into USERDB.POKEMONES_TIPOS (ID,TIPO_ID,POKEMON_ID) values ('2901','7','632');
Insert into USERDB.POKEMONES_TIPOS (ID,TIPO_ID,POKEMON_ID) values ('2902','15','632');
Insert into USERDB.POKEMONES_TIPOS (ID,TIPO_ID,POKEMON_ID) values ('2903','19','633');
Insert into USERDB.POKEMONES_TIPOS (ID,TIPO_ID,POKEMON_ID) values ('2904','18','633');
Insert into USERDB.POKEMONES_TIPOS (ID,TIPO_ID,POKEMON_ID) values ('2905','19','634');
Insert into USERDB.POKEMONES_TIPOS (ID,TIPO_ID,POKEMON_ID) values ('2906','18','634');
Insert into USERDB.POKEMONES_TIPOS (ID,TIPO_ID,POKEMON_ID) values ('2907','19','635');
Insert into USERDB.POKEMONES_TIPOS (ID,TIPO_ID,POKEMON_ID) values ('2908','18','635');
Insert into USERDB.POKEMONES_TIPOS (ID,TIPO_ID,POKEMON_ID) values ('2909','7','636');
Insert into USERDB.POKEMONES_TIPOS (ID,TIPO_ID,POKEMON_ID) values ('2910','3','636');
Insert into USERDB.POKEMONES_TIPOS (ID,TIPO_ID,POKEMON_ID) values ('2911','7','637');
Insert into USERDB.POKEMONES_TIPOS (ID,TIPO_ID,POKEMON_ID) values ('2912','3','637');
Insert into USERDB.POKEMONES_TIPOS (ID,TIPO_ID,POKEMON_ID) values ('2913','15','638');
Insert into USERDB.POKEMONES_TIPOS (ID,TIPO_ID,POKEMON_ID) values ('2914','12','638');
Insert into USERDB.POKEMONES_TIPOS (ID,TIPO_ID,POKEMON_ID) values ('2915','14','639');
Insert into USERDB.POKEMONES_TIPOS (ID,TIPO_ID,POKEMON_ID) values ('2916','12','639');
Insert into USERDB.POKEMONES_TIPOS (ID,TIPO_ID,POKEMON_ID) values ('2917','1','640');
Insert into USERDB.POKEMONES_TIPOS (ID,TIPO_ID,POKEMON_ID) values ('2918','12','640');
Insert into USERDB.POKEMONES_TIPOS (ID,TIPO_ID,POKEMON_ID) values ('2919','5','641');
Insert into USERDB.POKEMONES_TIPOS (ID,TIPO_ID,POKEMON_ID) values ('2920','4','641');
Insert into USERDB.POKEMONES_TIPOS (ID,TIPO_ID,POKEMON_ID) values ('2921','9','642');
Insert into USERDB.POKEMONES_TIPOS (ID,TIPO_ID,POKEMON_ID) values ('2922','5','642');
Insert into USERDB.POKEMONES_TIPOS (ID,TIPO_ID,POKEMON_ID) values ('2923','18','643');
Insert into USERDB.POKEMONES_TIPOS (ID,TIPO_ID,POKEMON_ID) values ('2924','3','643');
Insert into USERDB.POKEMONES_TIPOS (ID,TIPO_ID,POKEMON_ID) values ('2925','18','644');
Insert into USERDB.POKEMONES_TIPOS (ID,TIPO_ID,POKEMON_ID) values ('2926','9','644');
Insert into USERDB.POKEMONES_TIPOS (ID,TIPO_ID,POKEMON_ID) values ('2927','10','645');
Insert into USERDB.POKEMONES_TIPOS (ID,TIPO_ID,POKEMON_ID) values ('2928','5','645');
Insert into USERDB.POKEMONES_TIPOS (ID,TIPO_ID,POKEMON_ID) values ('2929','18','646');
Insert into USERDB.POKEMONES_TIPOS (ID,TIPO_ID,POKEMON_ID) values ('2930','16','646');
Insert into USERDB.POKEMONES_TIPOS (ID,TIPO_ID,POKEMON_ID) values ('2931','6','647');
Insert into USERDB.POKEMONES_TIPOS (ID,TIPO_ID,POKEMON_ID) values ('2932','12','647');
Insert into USERDB.POKEMONES_TIPOS (ID,TIPO_ID,POKEMON_ID) values ('2933','8','648');
Insert into USERDB.POKEMONES_TIPOS (ID,TIPO_ID,POKEMON_ID) values ('2934','13','648');
Insert into USERDB.POKEMONES_TIPOS (ID,TIPO_ID,POKEMON_ID) values ('2935','7','649');
Insert into USERDB.POKEMONES_TIPOS (ID,TIPO_ID,POKEMON_ID) values ('2936','15','649');
Insert into USERDB.POKEMONES_TIPOS (ID,TIPO_ID,POKEMON_ID) values ('2937','1','650');
Insert into USERDB.POKEMONES_TIPOS (ID,TIPO_ID,POKEMON_ID) values ('2938','4','650');
Insert into USERDB.POKEMONES_TIPOS (ID,TIPO_ID,POKEMON_ID) values ('2939','1','651');
Insert into USERDB.POKEMONES_TIPOS (ID,TIPO_ID,POKEMON_ID) values ('2940','4','651');
Insert into USERDB.POKEMONES_TIPOS (ID,TIPO_ID,POKEMON_ID) values ('2941','1','652');
Insert into USERDB.POKEMONES_TIPOS (ID,TIPO_ID,POKEMON_ID) values ('2942','12','652');
Insert into USERDB.POKEMONES_TIPOS (ID,TIPO_ID,POKEMON_ID) values ('2943','3','653');
Insert into USERDB.POKEMONES_TIPOS (ID,TIPO_ID,POKEMON_ID) values ('2944','4','653');
Insert into USERDB.POKEMONES_TIPOS (ID,TIPO_ID,POKEMON_ID) values ('2945','3','654');
Insert into USERDB.POKEMONES_TIPOS (ID,TIPO_ID,POKEMON_ID) values ('2946','4','654');
Insert into USERDB.POKEMONES_TIPOS (ID,TIPO_ID,POKEMON_ID) values ('2947','3','655');
Insert into USERDB.POKEMONES_TIPOS (ID,TIPO_ID,POKEMON_ID) values ('2948','13','655');
Insert into USERDB.POKEMONES_TIPOS (ID,TIPO_ID,POKEMON_ID) values ('2949','6','656');
Insert into USERDB.POKEMONES_TIPOS (ID,TIPO_ID,POKEMON_ID) values ('2950','4','656');
Insert into USERDB.POKEMONES_TIPOS (ID,TIPO_ID,POKEMON_ID) values ('2951','6','657');
Insert into USERDB.POKEMONES_TIPOS (ID,TIPO_ID,POKEMON_ID) values ('2952','4','657');
Insert into USERDB.POKEMONES_TIPOS (ID,TIPO_ID,POKEMON_ID) values ('2953','6','658');
Insert into USERDB.POKEMONES_TIPOS (ID,TIPO_ID,POKEMON_ID) values ('2954','19','658');
Insert into USERDB.POKEMONES_TIPOS (ID,TIPO_ID,POKEMON_ID) values ('2955','8','659');
Insert into USERDB.POKEMONES_TIPOS (ID,TIPO_ID,POKEMON_ID) values ('2956','4','659');
Insert into USERDB.POKEMONES_TIPOS (ID,TIPO_ID,POKEMON_ID) values ('2957','8','660');
Insert into USERDB.POKEMONES_TIPOS (ID,TIPO_ID,POKEMON_ID) values ('2958','10','660');
Insert into USERDB.POKEMONES_TIPOS (ID,TIPO_ID,POKEMON_ID) values ('2959','8','661');
Insert into USERDB.POKEMONES_TIPOS (ID,TIPO_ID,POKEMON_ID) values ('2960','5','661');
Insert into USERDB.POKEMONES_TIPOS (ID,TIPO_ID,POKEMON_ID) values ('2961','3','662');
Insert into USERDB.POKEMONES_TIPOS (ID,TIPO_ID,POKEMON_ID) values ('2962','5','662');
Insert into USERDB.POKEMONES_TIPOS (ID,TIPO_ID,POKEMON_ID) values ('2963','3','663');
Insert into USERDB.POKEMONES_TIPOS (ID,TIPO_ID,POKEMON_ID) values ('2964','5','663');
Insert into USERDB.POKEMONES_TIPOS (ID,TIPO_ID,POKEMON_ID) values ('2965','7','664');
Insert into USERDB.POKEMONES_TIPOS (ID,TIPO_ID,POKEMON_ID) values ('2966','4','664');
Insert into USERDB.POKEMONES_TIPOS (ID,TIPO_ID,POKEMON_ID) values ('2967','7','665');
Insert into USERDB.POKEMONES_TIPOS (ID,TIPO_ID,POKEMON_ID) values ('2968','4','665');
Insert into USERDB.POKEMONES_TIPOS (ID,TIPO_ID,POKEMON_ID) values ('2969','7','666');
Insert into USERDB.POKEMONES_TIPOS (ID,TIPO_ID,POKEMON_ID) values ('2970','5','666');
Insert into USERDB.POKEMONES_TIPOS (ID,TIPO_ID,POKEMON_ID) values ('2971','3','667');
Insert into USERDB.POKEMONES_TIPOS (ID,TIPO_ID,POKEMON_ID) values ('2972','8','667');
Insert into USERDB.POKEMONES_TIPOS (ID,TIPO_ID,POKEMON_ID) values ('2973','3','668');
Insert into USERDB.POKEMONES_TIPOS (ID,TIPO_ID,POKEMON_ID) values ('2974','8','668');
Insert into USERDB.POKEMONES_TIPOS (ID,TIPO_ID,POKEMON_ID) values ('2975','11','669');
Insert into USERDB.POKEMONES_TIPOS (ID,TIPO_ID,POKEMON_ID) values ('2976','4','669');
Insert into USERDB.POKEMONES_TIPOS (ID,TIPO_ID,POKEMON_ID) values ('2977','11','670');
Insert into USERDB.POKEMONES_TIPOS (ID,TIPO_ID,POKEMON_ID) values ('2978','4','670');
Insert into USERDB.POKEMONES_TIPOS (ID,TIPO_ID,POKEMON_ID) values ('2979','11','671');
Insert into USERDB.POKEMONES_TIPOS (ID,TIPO_ID,POKEMON_ID) values ('2980','4','671');
Insert into USERDB.POKEMONES_TIPOS (ID,TIPO_ID,POKEMON_ID) values ('2981','1','672');
Insert into USERDB.POKEMONES_TIPOS (ID,TIPO_ID,POKEMON_ID) values ('2982','4','672');
Insert into USERDB.POKEMONES_TIPOS (ID,TIPO_ID,POKEMON_ID) values ('2983','1','673');
Insert into USERDB.POKEMONES_TIPOS (ID,TIPO_ID,POKEMON_ID) values ('2984','4','673');
Insert into USERDB.POKEMONES_TIPOS (ID,TIPO_ID,POKEMON_ID) values ('2985','12','674');
Insert into USERDB.POKEMONES_TIPOS (ID,TIPO_ID,POKEMON_ID) values ('2986','4','674');
Insert into USERDB.POKEMONES_TIPOS (ID,TIPO_ID,POKEMON_ID) values ('2987','12','675');
Insert into USERDB.POKEMONES_TIPOS (ID,TIPO_ID,POKEMON_ID) values ('2988','19','675');
Insert into USERDB.POKEMONES_TIPOS (ID,TIPO_ID,POKEMON_ID) values ('2989','8','676');
Insert into USERDB.POKEMONES_TIPOS (ID,TIPO_ID,POKEMON_ID) values ('2990','4','676');
Insert into USERDB.POKEMONES_TIPOS (ID,TIPO_ID,POKEMON_ID) values ('2991','13','677');
Insert into USERDB.POKEMONES_TIPOS (ID,TIPO_ID,POKEMON_ID) values ('2992','4','677');
Insert into USERDB.POKEMONES_TIPOS (ID,TIPO_ID,POKEMON_ID) values ('2993','13','678');
Insert into USERDB.POKEMONES_TIPOS (ID,TIPO_ID,POKEMON_ID) values ('2994','4','678');
Insert into USERDB.POKEMONES_TIPOS (ID,TIPO_ID,POKEMON_ID) values ('2995','15','679');
Insert into USERDB.POKEMONES_TIPOS (ID,TIPO_ID,POKEMON_ID) values ('2996','17','679');
Insert into USERDB.POKEMONES_TIPOS (ID,TIPO_ID,POKEMON_ID) values ('2997','15','680');
Insert into USERDB.POKEMONES_TIPOS (ID,TIPO_ID,POKEMON_ID) values ('2998','17','680');
Insert into USERDB.POKEMONES_TIPOS (ID,TIPO_ID,POKEMON_ID) values ('2999','15','681');
Insert into USERDB.POKEMONES_TIPOS (ID,TIPO_ID,POKEMON_ID) values ('3000','17','681');
Insert into USERDB.POKEMONES_TIPOS (ID,TIPO_ID,POKEMON_ID) values ('3001','11','682');
Insert into USERDB.POKEMONES_TIPOS (ID,TIPO_ID,POKEMON_ID) values ('3002','4','682');
Insert into USERDB.POKEMONES_TIPOS (ID,TIPO_ID,POKEMON_ID) values ('3003','11','683');
Insert into USERDB.POKEMONES_TIPOS (ID,TIPO_ID,POKEMON_ID) values ('3004','4','683');
Insert into USERDB.POKEMONES_TIPOS (ID,TIPO_ID,POKEMON_ID) values ('3005','11','684');
Insert into USERDB.POKEMONES_TIPOS (ID,TIPO_ID,POKEMON_ID) values ('3006','4','684');
Insert into USERDB.POKEMONES_TIPOS (ID,TIPO_ID,POKEMON_ID) values ('3007','11','685');
Insert into USERDB.POKEMONES_TIPOS (ID,TIPO_ID,POKEMON_ID) values ('3008','4','685');
Insert into USERDB.POKEMONES_TIPOS (ID,TIPO_ID,POKEMON_ID) values ('3009','19','686');
Insert into USERDB.POKEMONES_TIPOS (ID,TIPO_ID,POKEMON_ID) values ('3010','13','686');
Insert into USERDB.POKEMONES_TIPOS (ID,TIPO_ID,POKEMON_ID) values ('3011','19','687');
Insert into USERDB.POKEMONES_TIPOS (ID,TIPO_ID,POKEMON_ID) values ('3012','13','687');
Insert into USERDB.POKEMONES_TIPOS (ID,TIPO_ID,POKEMON_ID) values ('3013','14','688');
REM INSERTING into USERDB.TIPOS
SET DEFINE OFF;
Insert into USERDB.TIPOS (ID,NOMBRE) values ('1','PLANTA');
Insert into USERDB.TIPOS (ID,NOMBRE) values ('2','VENENO');
Insert into USERDB.TIPOS (ID,NOMBRE) values ('3','FUEGO');
Insert into USERDB.TIPOS (ID,NOMBRE) values ('4','NINGUNO');
Insert into USERDB.TIPOS (ID,NOMBRE) values ('5','VOLADOR');
Insert into USERDB.TIPOS (ID,NOMBRE) values ('6','AGUA');
Insert into USERDB.TIPOS (ID,NOMBRE) values ('7','BICHO');
Insert into USERDB.TIPOS (ID,NOMBRE) values ('8','NORMAL');
Insert into USERDB.TIPOS (ID,NOMBRE) values ('9','ELCTRICO');
Insert into USERDB.TIPOS (ID,NOMBRE) values ('10','TIERRA');
Insert into USERDB.TIPOS (ID,NOMBRE) values ('11','HADA');
Insert into USERDB.TIPOS (ID,NOMBRE) values ('12','LUCHA');
Insert into USERDB.TIPOS (ID,NOMBRE) values ('13','PSQUICO');
Insert into USERDB.TIPOS (ID,NOMBRE) values ('14','ROCA');
Insert into USERDB.TIPOS (ID,NOMBRE) values ('15','ACERO');
Insert into USERDB.TIPOS (ID,NOMBRE) values ('16','HIELO');
Insert into USERDB.TIPOS (ID,NOMBRE) values ('17','FANTASMA');
Insert into USERDB.TIPOS (ID,NOMBRE) values ('18','DRAGN');
Insert into USERDB.TIPOS (ID,NOMBRE) values ('19','SINIESTRO');
--------------------------------------------------------
--  DDL for Trigger GENERACIONES_PK
--------------------------------------------------------

  CREATE OR REPLACE TRIGGER "USERDB"."GENERACIONES_PK" 
BEFORE INSERT ON generaciones 
FOR EACH ROW

BEGIN
  SELECT generaciones_seq.NEXTVAL
  INTO   :new.id
  FROM   dual;
END;

/
ALTER TRIGGER "USERDB"."GENERACIONES_PK" ENABLE;
--------------------------------------------------------
--  DDL for Trigger POKEMONES_PK
--------------------------------------------------------

  CREATE OR REPLACE TRIGGER "USERDB"."POKEMONES_PK" 
BEFORE INSERT ON pokemones 
FOR EACH ROW

BEGIN
  SELECT pokemones_seq.NEXTVAL
  INTO   :new.id
  FROM   dual;
END;

/
ALTER TRIGGER "USERDB"."POKEMONES_PK" ENABLE;
--------------------------------------------------------
--  DDL for Trigger POKEMONES_TIPOS_PK
--------------------------------------------------------

  CREATE OR REPLACE TRIGGER "USERDB"."POKEMONES_TIPOS_PK" 
BEFORE INSERT ON pokemones_tipos 
FOR EACH ROW

BEGIN
  SELECT pokemones_tipos_seq.NEXTVAL
  INTO   :new.id
  FROM   dual;
END;

/
ALTER TRIGGER "USERDB"."POKEMONES_TIPOS_PK" ENABLE;
--------------------------------------------------------
--  DDL for Trigger TIPOS_PK
--------------------------------------------------------

  CREATE OR REPLACE TRIGGER "USERDB"."TIPOS_PK" 
BEFORE INSERT ON tipos 
FOR EACH ROW

BEGIN
  SELECT tipos_seq.NEXTVAL
  INTO   :new.id
  FROM   dual;
END;

/
ALTER TRIGGER "USERDB"."TIPOS_PK" ENABLE;
--------------------------------------------------------
--  Constraints for Table TIPOS
--------------------------------------------------------

  ALTER TABLE "USERDB"."TIPOS" ADD PRIMARY KEY ("ID")
  USING INDEX PCTFREE 10 INITRANS 2 MAXTRANS 255 
  STORAGE(INITIAL 65536 NEXT 1048576 MINEXTENTS 1 MAXEXTENTS 2147483645
  PCTINCREASE 0 FREELISTS 1 FREELIST GROUPS 1 BUFFER_POOL DEFAULT FLASH_CACHE DEFAULT CELL_FLASH_CACHE DEFAULT)
  TABLESPACE "TSI_USERDB"  ENABLE;
--------------------------------------------------------
--  Constraints for Table GENERACIONES
--------------------------------------------------------

  ALTER TABLE "USERDB"."GENERACIONES" ADD PRIMARY KEY ("ID")
  USING INDEX PCTFREE 10 INITRANS 2 MAXTRANS 255 
  STORAGE(INITIAL 65536 NEXT 1048576 MINEXTENTS 1 MAXEXTENTS 2147483645
  PCTINCREASE 0 FREELISTS 1 FREELIST GROUPS 1 BUFFER_POOL DEFAULT FLASH_CACHE DEFAULT CELL_FLASH_CACHE DEFAULT)
  TABLESPACE "TSI_USERDB"  ENABLE;
--------------------------------------------------------
--  Constraints for Table POKEMONES
--------------------------------------------------------

  ALTER TABLE "USERDB"."POKEMONES" ADD PRIMARY KEY ("ID")
  USING INDEX PCTFREE 10 INITRANS 2 MAXTRANS 255 
  STORAGE(INITIAL 65536 NEXT 1048576 MINEXTENTS 1 MAXEXTENTS 2147483645
  PCTINCREASE 0 FREELISTS 1 FREELIST GROUPS 1 BUFFER_POOL DEFAULT FLASH_CACHE DEFAULT CELL_FLASH_CACHE DEFAULT)
  TABLESPACE "TSI_USERDB"  ENABLE;
  ALTER TABLE "USERDB"."POKEMONES" MODIFY ("GENERACION_ID" NOT NULL ENABLE);
  ALTER TABLE "USERDB"."POKEMONES" MODIFY ("TALLA" NOT NULL ENABLE);
  ALTER TABLE "USERDB"."POKEMONES" MODIFY ("PESO" NOT NULL ENABLE);
  ALTER TABLE "USERDB"."POKEMONES" MODIFY ("NUMERO" NOT NULL ENABLE);
  ALTER TABLE "USERDB"."POKEMONES" MODIFY ("NOMBRE" NOT NULL ENABLE);
--------------------------------------------------------
--  Constraints for Table POKEMONES_TIPOS
--------------------------------------------------------

  ALTER TABLE "USERDB"."POKEMONES_TIPOS" ADD PRIMARY KEY ("ID")
  USING INDEX PCTFREE 10 INITRANS 2 MAXTRANS 255 
  STORAGE(INITIAL 65536 NEXT 1048576 MINEXTENTS 1 MAXEXTENTS 2147483645
  PCTINCREASE 0 FREELISTS 1 FREELIST GROUPS 1 BUFFER_POOL DEFAULT FLASH_CACHE DEFAULT CELL_FLASH_CACHE DEFAULT)
  TABLESPACE "TSI_USERDB"  ENABLE;
--------------------------------------------------------
--  Ref Constraints for Table POKEMONES
--------------------------------------------------------

  ALTER TABLE "USERDB"."POKEMONES" ADD FOREIGN KEY ("GENERACION_ID")
	  REFERENCES "USERDB"."GENERACIONES" ("ID") ENABLE;
--------------------------------------------------------
--  Ref Constraints for Table POKEMONES_TIPOS
--------------------------------------------------------

  ALTER TABLE "USERDB"."POKEMONES_TIPOS" ADD FOREIGN KEY ("TIPO_ID")
	  REFERENCES "USERDB"."TIPOS" ("ID") ENABLE;
  ALTER TABLE "USERDB"."POKEMONES_TIPOS" ADD FOREIGN KEY ("POKEMON_ID")
	  REFERENCES "USERDB"."POKEMONES" ("ID") ENABLE;
